com.samsung.shealth.calories_burned.details,6305105,4
active_calories_goal,version,extra_data,exercise_calories,total_exercise_calories,com.samsung.shealth.calories_burned.create_sh_ver,com.samsung.shealth.calories_burned.tef_calorie,com.samsung.shealth.calories_burned.active_time,com.samsung.shealth.calories_burned.rest_calorie,com.samsung.shealth.calories_burned.modify_sh_ver,com.samsung.shealth.calories_burned.update_time,com.samsung.shealth.calories_burned.create_time,com.samsung.shealth.calories_burned.active_calorie,com.samsung.shealth.calories_burned.deviceuuid,com.samsung.shealth.calories_burned.pkg_name,com.samsung.shealth.calories_burned.datauuid,com.samsung.shealth.calories_burned.day_time
,,2b0543c2-f039-4b15-b811-99db27bde007.extra_data.json,,0.0,63051050,0.0,0,1633.0719,63051050,2025-10-24 07:11:07.880,2025-10-21 19:12:00.597,0.0,6ELqGFWjt8,com.sec.android.app.shealth,2b0543c2-f039-4b15-b811-99db27bde007,1761004800000,
,,,,0.0,63051050,0.0,0,0.0,63051050,2025-10-21 19:12:02.644,2025-10-21 19:12:02.644,0.0,6ELqGFWjt8,com.sec.android.app.shealth,9cc6e68a-d00b-42ed-937c-e66ce938e2f2,1758672000000,
,,f40978b3-4f6a-40e7-bc68-9331d9cf2de4.extra_data.json,,0.0,63051050,0.0,0,1633.0719,63051050,2025-10-22 05:59:04.015,2025-10-21 19:12:02.667,0.0,6ELqGFWjt8,com.sec.android.app.shealth,f40978b3-4f6a-40e7-bc68-9331d9cf2de4,1758758400000,
,,699b9507-7745-4597-bfa7-944f76dd354f.extra_data.json,,0.0,63051050,0.0,0,1633.0719,63051050,2025-10-22 05:59:04.109,2025-10-21 19:12:02.685,0.0,6ELqGFWjt8,com.sec.android.app.shealth,699b9507-7745-4597-bfa7-944f76dd354f,1758844800000,
,,82914f82-90a5-46f0-9757-bb819e2a409a.extra_data.json,,0.0,63051050,0.0,0,1633.0719,63051050,2025-10-22 05:59:04.167,2025-10-21 19:12:02.735,0.0,6ELqGFWjt8,com.sec.android.app.shealth,82914f82-90a5-46f0-9757-bb819e2a409a,1758931200000,
,,4f47dc3f-c699-479a-a394-3900cc6c15c1.extra_data.json,,0.0,63051050,0.0,0,1633.0719,63051050,2025-10-22 05:59:04.206,2025-10-21 19:12:02.759,0.0,6ELqGFWjt8,com.sec.android.app.shealth,4f47dc3f-c699-479a-a394-3900cc6c15c1,1759017600000,
,,fe15072f-4066-490c-b900-d7239731f7aa.extra_data.json,,0.0,63051050,0.0,0,1633.0719,63051050,2025-10-22 05:59:04.218,2025-10-21 19:12:02.782,0.0,6ELqGFWjt8,com.sec.android.app.shealth,fe15072f-4066-490c-b900-d7239731f7aa,1759104000000,
,,105fbe42-7877-4b94-a5e9-ef2f1523be8a.extra_data.json,,0.0,63051050,0.0,0,1633.0719,63051050,2025-10-22 05:59:04.251,2025-10-21 19:12:02.816,0.0,6ELqGFWjt8,com.sec.android.app.shealth,105fbe42-7877-4b94-a5e9-ef2f1523be8a,1759190400000,
,,09a8f9ca-f363-4265-9656-06cc210ee671.extra_data.json,,0.0,63051050,0.0,0,1633.0719,63051050,2025-10-22 05:59:04.282,2025-10-21 19:12:02.840,0.0,6ELqGFWjt8,com.sec.android.app.shealth,09a8f9ca-f363-4265-9656-06cc210ee671,1759276800000,
,,d094a649-1a05-4abf-9590-7f41cb8ac3f3.extra_data.json,,0.0,63051050,0.0,0,1633.0719,63051050,2025-10-22 05:59:04.318,2025-10-21 19:12:02.857,0.0,6ELqGFWjt8,com.sec.android.app.shealth,d094a649-1a05-4abf-9590-7f41cb8ac3f3,1759363200000,
,,01afe86d-7f4c-4c50-bd54-9289485ef37e.extra_data.json,,0.0,63051050,0.0,0,1633.0719,63051050,2025-10-22 05:59:04.366,2025-10-21 19:12:02.874,0.0,6ELqGFWjt8,com.sec.android.app.shealth,01afe86d-7f4c-4c50-bd54-9289485ef37e,1759449600000,
,,c1b2b59f-6e74-43c7-9e02-34f9effb21ef.extra_data.json,,0.0,63051050,0.0,0,1633.0719,63051050,2025-10-22 05:59:04.403,2025-10-21 19:12:02.886,0.0,6ELqGFWjt8,com.sec.android.app.shealth,c1b2b59f-6e74-43c7-9e02-34f9effb21ef,1759536000000,
,,3e18c3c3-37f6-4840-b0bd-153a5c44bbba.extra_data.json,,0.0,63051050,0.0,0,1633.0719,63051050,2025-10-22 05:59:04.437,2025-10-21 19:12:02.896,0.0,6ELqGFWjt8,com.sec.android.app.shealth,3e18c3c3-37f6-4840-b0bd-153a5c44bbba,1759622400000,
,,ca3b53a7-b7bd-4955-b91e-50267979da54.extra_data.json,,0.0,63051050,0.0,0,1633.0719,63051050,2025-10-22 05:59:04.483,2025-10-21 19:12:02.917,0.0,6ELqGFWjt8,com.sec.android.app.shealth,ca3b53a7-b7bd-4955-b91e-50267979da54,1759708800000,
,,43310a85-4f8c-455d-9d38-4617fcfd6391.extra_data.json,,0.0,63051050,0.0,0,1633.0719,63051050,2025-10-22 05:59:04.532,2025-10-21 19:12:02.931,0.0,6ELqGFWjt8,com.sec.android.app.shealth,43310a85-4f8c-455d-9d38-4617fcfd6391,1759795200000,
,,841cbf9f-c8e9-4a65-84d3-1351c8a44449.extra_data.json,,0.0,63051050,0.0,0,1633.0719,63051050,2025-10-22 05:59:04.566,2025-10-21 19:12:02.951,0.0,6ELqGFWjt8,com.sec.android.app.shealth,841cbf9f-c8e9-4a65-84d3-1351c8a44449,1759881600000,
,,9aed2c6f-6124-467a-be38-a2112605c164.extra_data.json,,0.0,63051050,0.0,0,1633.0719,63051050,2025-10-22 05:59:04.621,2025-10-21 19:12:02.958,0.0,6ELqGFWjt8,com.sec.android.app.shealth,9aed2c6f-6124-467a-be38-a2112605c164,1759968000000,
,,b4fa8a01-1992-41f2-a6c1-a4a0b7ad63eb.extra_data.json,,0.0,63051050,0.0,0,1633.0719,63051050,2025-10-22 05:59:04.654,2025-10-21 19:12:02.966,0.0,6ELqGFWjt8,com.sec.android.app.shealth,b4fa8a01-1992-41f2-a6c1-a4a0b7ad63eb,1760054400000,
,,3565de51-438b-4fb1-b663-0b457e62de4c.extra_data.json,,0.0,63051050,0.0,0,1633.0719,63051050,2025-10-22 05:59:04.687,2025-10-21 19:12:02.974,0.0,6ELqGFWjt8,com.sec.android.app.shealth,3565de51-438b-4fb1-b663-0b457e62de4c,1760140800000,
,,653c32c4-5c51-4f9d-9caa-ea781e9d08ca.extra_data.json,,0.0,63051050,0.0,0,1633.0719,63051050,2025-10-22 05:59:04.742,2025-10-21 19:12:02.982,0.0,6ELqGFWjt8,com.sec.android.app.shealth,653c32c4-5c51-4f9d-9caa-ea781e9d08ca,1760227200000,
,,7f518116-d336-4691-aeee-ee744e5bd2f1.extra_data.json,,0.0,63051050,0.0,0,1633.0719,63051050,2025-10-22 05:59:04.795,2025-10-21 19:12:02.991,0.0,6ELqGFWjt8,com.sec.android.app.shealth,7f518116-d336-4691-aeee-ee744e5bd2f1,1760313600000,
,,9c5c9f18-fc6d-4361-91a6-e4b635f2ad48.extra_data.json,,0.0,63051050,0.0,0,1633.0719,63051050,2025-10-22 05:59:04.826,2025-10-21 19:12:02.999,0.0,6ELqGFWjt8,com.sec.android.app.shealth,9c5c9f18-fc6d-4361-91a6-e4b635f2ad48,1760400000000,
,,cb087371-b043-4b83-bbc7-33efbdffa8f4.extra_data.json,,0.0,63051050,0.0,0,1633.0719,63051050,2025-10-22 05:59:04.872,2025-10-21 19:12:03.012,0.0,6ELqGFWjt8,com.sec.android.app.shealth,cb087371-b043-4b83-bbc7-33efbdffa8f4,1760486400000,
,,45471a78-a90a-4077-974f-4fce7d0c0d21.extra_data.json,,0.0,63051050,0.0,0,1633.0719,63051050,2025-10-22 05:59:04.913,2025-10-21 19:12:03.026,0.0,6ELqGFWjt8,com.sec.android.app.shealth,45471a78-a90a-4077-974f-4fce7d0c0d21,1760572800000,
,,e8e2ffb2-3672-4f2a-a76a-f574437e9773.extra_data.json,,0.0,63051050,0.0,0,1633.0719,63051050,2025-10-22 05:59:04.945,2025-10-21 19:12:03.035,0.0,6ELqGFWjt8,com.sec.android.app.shealth,e8e2ffb2-3672-4f2a-a76a-f574437e9773,1760659200000,
,,304e9859-177f-47ef-a359-439720e692bb.extra_data.json,,0.0,63051050,0.0,0,1633.0719,63051050,2025-10-22 05:59:04.995,2025-10-21 19:12:03.044,0.0,6ELqGFWjt8,com.sec.android.app.shealth,304e9859-177f-47ef-a359-439720e692bb,1760745600000,
,,99eacc6d-bb5f-4788-b988-2be4b8f979db.extra_data.json,,0.0,63051050,0.0,0,1633.0719,63051050,2025-10-22 05:59:05.031,2025-10-21 19:12:03.051,0.0,6ELqGFWjt8,com.sec.android.app.shealth,99eacc6d-bb5f-4788-b988-2be4b8f979db,1760832000000,
,,c3890e68-47b6-4e5d-a1a0-5d2648f65fe8.extra_data.json,,0.0,63051050,0.0,0,1633.0719,63051050,2025-10-22 05:59:05.072,2025-10-21 19:12:03.061,0.0,6ELqGFWjt8,com.sec.android.app.shealth,c3890e68-47b6-4e5d-a1a0-5d2648f65fe8,1760918400000,
,,e3bdeec4-73ae-489c-b7c0-68274dc670a4.extra_data.json,,71.0,63051050,0.0,1998648,1595.2949,63051050,2025-10-24 07:11:08.004,2025-10-21 22:00:02.346,137.99785,6ELqGFWjt8,com.sec.android.app.shealth,e3bdeec4-73ae-489c-b7c0-68274dc670a4,1761091200000,
,,2d0a4356-baf7-4ed1-897b-578d2e15a072.extra_data.json,,0.0,63051050,0.0,0,1633.0719,63051050,2025-10-24 07:11:08.039,2025-10-22 23:34:47.057,0.0,6ELqGFWjt8,com.sec.android.app.shealth,2d0a4356-baf7-4ed1-897b-578d2e15a072,1761177600000,
,,6443b7fc-443d-47d8-b4a1-79580579bb65.extra_data.json,,0.0,63051050,0.0,6670,626.01013,63051050,2025-10-24 07:12:06.646,2025-10-23 23:37:46.016,0.4,6ELqGFWjt8,com.sec.android.app.shealth,6443b7fc-443d-47d8-b4a1-79580579bb65,1761264000000,
