com.samsung.shealth.activity.day_summary,6305105,6
movement_type,create_sh_ver,energy_type,exercise_time,step_count,exercise_calorie_target,active_time,target,others_time,modify_sh_ver,update_time,floors_target,create_time,floor_count,dynamic_active_time_target,exercise_time_target,goal,longest_active_time,score,move_hourly_count,duration_type,move_hourly_target,distance,dynamic_active_time,calorie,extra_data,deviceuuid,run_time,pkg_name,walk_time,longest_idle_time,datauuid,day_time
0,63051050,0,0,0,300,0,90,0,63051050,2025-10-24 07:11:07.446,10,2025-10-21 19:12:00.305,0.0,30,30,-1,0,0,0,0,8,0.0,0,0.0,4b5d0c44-af62-4a74-9f9f-e2be8d785703.extra_data.json,6ELqGFWjt8,0,com.sec.android.app.shealth,0,86400000,4b5d0c44-af62-4a74-9f9f-e2be8d785703,2025-10-21 00:00:00.000,
0,63051050,0,773000,3135,300,1998648,90,0,63051050,2025-10-24 07:11:06.805,10,2025-10-21 22:00:02.283,0.0,30,30,-1,773638,36,5,0,8,2348.246,0,137.99782,92c7c779-c47e-41e3-a121-bed5ed7ccea4.extra_data.json,6ELqGFWjt8,4400,com.sec.android.app.shealth,1994248,86400000,92c7c779-c47e-41e3-a121-bed5ed7ccea4,2025-10-22 00:00:00.000,
0,63051050,0,0,0,300,0,90,0,63051050,2025-10-22 05:56:31.185,10,2025-10-22 05:56:31.185,0.0,30,30,-1,0,0,0,0,8,0.0,0,0.0,6d860732-3d44-49af-87de-e276d0479874.extra_data.json,6ELqGFWjt8,0,com.sec.android.app.shealth,0,86400000,6d860732-3d44-49af-87de-e276d0479874,2025-10-20 00:00:00.000,
0,63051050,0,0,0,300,0,90,0,63051050,2025-10-22 05:56:31.346,10,2025-10-22 05:56:31.346,0.0,30,30,-1,0,0,0,0,8,0.0,0,0.0,7d4fa8dc-e38e-4feb-b924-74c7d341e20e.extra_data.json,6ELqGFWjt8,0,com.sec.android.app.shealth,0,86400000,7d4fa8dc-e38e-4feb-b924-74c7d341e20e,2025-10-19 00:00:00.000,
0,63051050,0,0,0,300,0,90,0,63051050,2025-10-22 05:56:31.518,10,2025-10-22 05:56:31.518,0.0,30,30,-1,0,0,0,0,8,0.0,0,0.0,82f5caf0-23c8-48d0-a91d-dc857931cdf7.extra_data.json,6ELqGFWjt8,0,com.sec.android.app.shealth,0,86400000,82f5caf0-23c8-48d0-a91d-dc857931cdf7,2025-10-18 00:00:00.000,
0,63051050,0,0,0,300,0,90,0,63051050,2025-10-22 05:56:31.682,10,2025-10-22 05:56:31.682,0.0,30,30,-1,0,0,0,0,8,0.0,0,0.0,aa2c6b08-4727-4ddc-aa6e-6c49add86725.extra_data.json,6ELqGFWjt8,0,com.sec.android.app.shealth,0,86400000,aa2c6b08-4727-4ddc-aa6e-6c49add86725,2025-10-17 00:00:00.000,
0,63051050,0,0,0,300,0,90,0,63051050,2025-10-22 05:56:31.804,10,2025-10-22 05:56:31.804,0.0,30,30,-1,0,0,0,0,8,0.0,0,0.0,dbd18f24-6727-4691-8574-f46ee31544ac.extra_data.json,6ELqGFWjt8,0,com.sec.android.app.shealth,0,86400000,dbd18f24-6727-4691-8574-f46ee31544ac,2025-10-16 00:00:00.000,
0,63051050,0,0,0,300,0,90,0,63051050,2025-10-22 05:56:31.933,10,2025-10-22 05:56:31.933,0.0,30,30,-1,0,0,0,0,8,0.0,0,0.0,26b97739-10de-472b-b9ae-7008ece49a58.extra_data.json,6ELqGFWjt8,0,com.sec.android.app.shealth,0,86400000,26b97739-10de-472b-b9ae-7008ece49a58,2025-10-15 00:00:00.000,
0,63051050,0,0,0,300,0,90,0,63051050,2025-10-22 05:56:32.088,10,2025-10-22 05:56:32.088,0.0,30,30,-1,0,0,0,0,8,0.0,0,0.0,40060cb0-6aed-4ab1-acb6-2a95bc72de71.extra_data.json,6ELqGFWjt8,0,com.sec.android.app.shealth,0,86400000,40060cb0-6aed-4ab1-acb6-2a95bc72de71,2025-10-14 00:00:00.000,
0,63051050,0,0,0,300,0,90,0,63051050,2025-10-22 05:56:32.242,10,2025-10-22 05:56:32.242,0.0,30,30,-1,0,0,0,0,8,0.0,0,0.0,af72ae9a-03db-42cc-b96c-de71c5094956.extra_data.json,6ELqGFWjt8,0,com.sec.android.app.shealth,0,86400000,af72ae9a-03db-42cc-b96c-de71c5094956,2025-10-13 00:00:00.000,
0,63051050,0,0,0,300,0,90,0,63051050,2025-10-22 05:56:32.375,10,2025-10-22 05:56:32.375,0.0,30,30,-1,0,0,0,0,8,0.0,0,0.0,f0651d91-a115-4ddd-8099-08276c0838d9.extra_data.json,6ELqGFWjt8,0,com.sec.android.app.shealth,0,86400000,f0651d91-a115-4ddd-8099-08276c0838d9,2025-10-12 00:00:00.000,
0,63051050,0,0,0,300,0,90,0,63051050,2025-10-22 05:56:32.511,10,2025-10-22 05:56:32.511,0.0,30,30,-1,0,0,0,0,8,0.0,0,0.0,3a5223ab-5a21-42f1-9cb3-3d1106d515dc.extra_data.json,6ELqGFWjt8,0,com.sec.android.app.shealth,0,86400000,3a5223ab-5a21-42f1-9cb3-3d1106d515dc,2025-10-11 00:00:00.000,
0,63051050,0,0,0,300,0,90,0,63051050,2025-10-22 05:58:59.513,10,2025-10-22 05:58:59.513,0.0,30,30,-1,0,0,0,0,8,0.0,0,0.0,a5dcbea1-780a-4b46-ae0f-fa7eb2c0b38b.extra_data.json,6ELqGFWjt8,0,com.sec.android.app.shealth,0,86400000,a5dcbea1-780a-4b46-ae0f-fa7eb2c0b38b,2025-10-10 00:00:00.000,
0,63051050,0,0,0,300,0,90,0,63051050,2025-10-22 05:59:00.264,10,2025-10-22 05:59:00.264,0.0,30,30,-1,0,0,0,0,8,0.0,0,0.0,7e82de32-0964-4e62-bad1-333c1466c63d.extra_data.json,6ELqGFWjt8,0,com.sec.android.app.shealth,0,86400000,7e82de32-0964-4e62-bad1-333c1466c63d,2025-10-09 00:00:00.000,
0,63051050,0,0,0,300,0,90,0,63051050,2025-10-22 05:59:00.449,10,2025-10-22 05:59:00.449,0.0,30,30,-1,0,0,0,0,8,0.0,0,0.0,5ad47821-9a9c-4814-949e-ddc38d92a4eb.extra_data.json,6ELqGFWjt8,0,com.sec.android.app.shealth,0,86400000,5ad47821-9a9c-4814-949e-ddc38d92a4eb,2025-10-08 00:00:00.000,
0,63051050,0,0,0,300,0,90,0,63051050,2025-10-22 05:59:02.150,10,2025-10-22 05:59:02.150,0.0,30,30,-1,0,0,0,0,8,0.0,0,0.0,446e9213-f9ba-499e-8e37-152686afe984.extra_data.json,6ELqGFWjt8,0,com.sec.android.app.shealth,0,86400000,446e9213-f9ba-499e-8e37-152686afe984,2025-10-07 00:00:00.000,
0,63051050,0,0,0,300,0,90,0,63051050,2025-10-22 05:59:02.310,10,2025-10-22 05:59:02.310,0.0,30,30,-1,0,0,0,0,8,0.0,0,0.0,4673ccda-3833-4827-a0ac-530a4ab97ea7.extra_data.json,6ELqGFWjt8,0,com.sec.android.app.shealth,0,86400000,4673ccda-3833-4827-a0ac-530a4ab97ea7,2025-10-06 00:00:00.000,
0,63051050,0,0,0,300,0,90,0,63051050,2025-10-22 05:59:02.518,10,2025-10-22 05:59:02.518,0.0,30,30,-1,0,0,0,0,8,0.0,0,0.0,dbe114a8-ffb0-4dcb-9b25-6cf199b34f75.extra_data.json,6ELqGFWjt8,0,com.sec.android.app.shealth,0,86400000,dbe114a8-ffb0-4dcb-9b25-6cf199b34f75,2025-10-05 00:00:00.000,
0,63051050,0,0,0,300,0,90,0,63051050,2025-10-22 05:59:02.659,10,2025-10-22 05:59:02.659,0.0,30,30,-1,0,0,0,0,8,0.0,0,0.0,30278fa2-773b-4eca-8f2f-802708ffc3b6.extra_data.json,6ELqGFWjt8,0,com.sec.android.app.shealth,0,86400000,30278fa2-773b-4eca-8f2f-802708ffc3b6,2025-10-04 00:00:00.000,
0,63051050,0,0,0,300,0,90,0,63051050,2025-10-22 05:59:02.817,10,2025-10-22 05:59:02.817,0.0,30,30,-1,0,0,0,0,8,0.0,0,0.0,b3cdde95-823d-4a52-8b11-5dff615d5baf.extra_data.json,6ELqGFWjt8,0,com.sec.android.app.shealth,0,86400000,b3cdde95-823d-4a52-8b11-5dff615d5baf,2025-10-03 00:00:00.000,
0,63051050,0,0,0,300,0,90,0,63051050,2025-10-22 05:59:02.979,10,2025-10-22 05:59:02.979,0.0,30,30,-1,0,0,0,0,8,0.0,0,0.0,a92a12a3-321d-4674-920e-38e6082789a5.extra_data.json,6ELqGFWjt8,0,com.sec.android.app.shealth,0,86400000,a92a12a3-321d-4674-920e-38e6082789a5,2025-10-02 00:00:00.000,
0,63051050,0,0,0,300,0,90,0,63051050,2025-10-22 05:59:03.108,10,2025-10-22 05:59:03.108,0.0,30,30,-1,0,0,0,0,8,0.0,0,0.0,9ddc979f-6bf4-4277-8f28-a1f3636c3313.extra_data.json,6ELqGFWjt8,0,com.sec.android.app.shealth,0,86400000,9ddc979f-6bf4-4277-8f28-a1f3636c3313,2025-10-01 00:00:00.000,
0,63051050,0,0,0,300,0,90,0,63051050,2025-10-22 05:59:03.279,10,2025-10-22 05:59:03.279,0.0,30,30,-1,0,0,0,0,8,0.0,0,0.0,3bc42975-8af7-4077-bc22-12ad9618ea87.extra_data.json,6ELqGFWjt8,0,com.sec.android.app.shealth,0,86400000,3bc42975-8af7-4077-bc22-12ad9618ea87,2025-09-30 00:00:00.000,
0,63051050,0,0,0,300,0,90,0,63051050,2025-10-22 05:59:03.425,10,2025-10-22 05:59:03.425,0.0,30,30,-1,0,0,0,0,8,0.0,0,0.0,caae9dd2-9546-4f57-8af8-d2746e576823.extra_data.json,6ELqGFWjt8,0,com.sec.android.app.shealth,0,86400000,caae9dd2-9546-4f57-8af8-d2746e576823,2025-09-29 00:00:00.000,
0,63051050,0,0,0,300,0,90,0,63051050,2025-10-22 05:59:03.548,10,2025-10-22 05:59:03.548,0.0,30,30,-1,0,0,0,0,8,0.0,0,0.0,daa6d64c-f54e-4b0c-aebd-5b6366bd374b.extra_data.json,6ELqGFWjt8,0,com.sec.android.app.shealth,0,86400000,daa6d64c-f54e-4b0c-aebd-5b6366bd374b,2025-09-28 00:00:00.000,
0,63051050,0,0,0,300,0,90,0,63051050,2025-10-22 05:59:03.685,10,2025-10-22 05:59:03.685,0.0,30,30,-1,0,0,0,0,8,0.0,0,0.0,38a62a8e-3c5f-43e5-8f84-9808d14ecf65.extra_data.json,6ELqGFWjt8,0,com.sec.android.app.shealth,0,86400000,38a62a8e-3c5f-43e5-8f84-9808d14ecf65,2025-09-27 00:00:00.000,
0,63051050,0,0,0,300,0,90,0,63051050,2025-10-22 05:59:03.804,10,2025-10-22 05:59:03.804,0.0,30,30,-1,0,0,0,0,8,0.0,0,0.0,d1a7bfdc-f7a4-4811-a971-ee3ee25a37fb.extra_data.json,6ELqGFWjt8,0,com.sec.android.app.shealth,0,86400000,d1a7bfdc-f7a4-4811-a971-ee3ee25a37fb,2025-09-26 00:00:00.000,
0,63051050,0,0,0,300,0,90,0,63051050,2025-10-22 05:59:03.922,10,2025-10-22 05:59:03.922,0.0,30,30,-1,0,0,0,0,8,0.0,0,0.0,0ff91358-9b75-4a74-99db-468bb08a9a60.extra_data.json,6ELqGFWjt8,0,com.sec.android.app.shealth,0,86400000,0ff91358-9b75-4a74-99db-468bb08a9a60,2025-09-25 00:00:00.000,
0,63051050,0,0,0,300,0,90,0,63051050,2025-10-24 07:11:07.976,10,2025-10-22 23:34:46.894,0.0,30,30,-1,0,0,0,0,8,0.0,0,0.0,f4bf393a-c54c-46c7-88a6-b7df815272ba.extra_data.json,6ELqGFWjt8,0,com.sec.android.app.shealth,0,86400000,f4bf393a-c54c-46c7-88a6-b7df815272ba,2025-10-23 00:00:00.000,
0,63051050,0,0,10,300,6670,90,0,63051050,2025-10-24 07:11:05.392,10,2025-10-23 23:37:45.889,0.0,30,30,-1,6670,0,0,0,8,6.84,0,0.4,13664d76-86a4-41c7-baaf-415e533acd8d.extra_data.json,6ELqGFWjt8,0,com.sec.android.app.shealth,6670,86400000,13664d76-86a4-41c7-baaf-415e533acd8d,2025-10-24 00:00:00.000,
