com.samsung.health.hrv,6301003,1
create_sh_ver,start_time,custom,binning_data,modify_sh_ver,update_time,create_time,time_offset,deviceuuid,comment,pkg_name,end_time,datauuid
62910051,2025-05-14 22:00:00.000,,da9b6ec3-43f2-4427-a9de-82bf915c7925.binning_data.json,62910051,2025-05-14 23:15:00.672,2025-05-14 23:15:00.672,UTC+0200,HFrhKp8clb,,com.sec.android.app.shealth,2025-05-14 23:00:00.000,da9b6ec3-43f2-4427-a9de-82bf915c7925,
62910051,2025-05-14 23:00:00.000,,89116547-ce68-4a05-bbbd-b9af20dec95c.binning_data.json,62910051,2025-05-15 00:15:00.128,2025-05-15 00:15:00.128,UTC+0200,HFrhKp8clb,,com.sec.android.app.shealth,2025-05-15 00:00:00.000,89116547-ce68-4a05-bbbd-b9af20dec95c,
62910051,2025-05-15 00:00:00.000,,ab3322c2-70ca-4964-97c4-f8e2365a4196.binning_data.json,62910051,2025-05-15 01:12:33.502,2025-05-15 01:12:33.502,UTC+0200,HFrhKp8clb,,com.sec.android.app.shealth,2025-05-15 01:00:00.000,ab3322c2-70ca-4964-97c4-f8e2365a4196,
62910051,2025-05-15 01:00:00.000,,e0febec5-e414-49b7-b43d-3de8b8ed9bc2.binning_data.json,62910051,2025-05-15 02:15:00.191,2025-05-15 02:15:00.191,UTC+0200,HFrhKp8clb,,com.sec.android.app.shealth,2025-05-15 02:00:00.000,e0febec5-e414-49b7-b43d-3de8b8ed9bc2,
62910051,2025-05-15 02:00:00.000,,17453244-2449-4fdf-bc61-5f7589e9606a.binning_data.json,62910051,2025-05-15 03:15:01.759,2025-05-15 03:15:01.759,UTC+0200,HFrhKp8clb,,com.sec.android.app.shealth,2025-05-15 03:00:00.000,17453244-2449-4fdf-bc61-5f7589e9606a,
62910051,2025-05-15 03:00:00.000,,2fec3b45-60de-46e8-820e-94b9f3f4d7fe.binning_data.json,62910051,2025-05-15 04:15:01.674,2025-05-15 04:15:01.674,UTC+0200,HFrhKp8clb,,com.sec.android.app.shealth,2025-05-15 04:00:00.000,2fec3b45-60de-46e8-820e-94b9f3f4d7fe,
62910051,2025-05-15 04:00:00.000,,45351ecb-7796-47d9-90d3-e3a1eb0b5e46.binning_data.json,62910051,2025-05-15 05:11:49.553,2025-05-15 05:11:49.553,UTC+0200,HFrhKp8clb,,com.sec.android.app.shealth,2025-05-15 05:00:00.000,45351ecb-7796-47d9-90d3-e3a1eb0b5e46,
62910051,2025-05-15 05:00:00.000,,227c74a1-f1a8-4d91-9de2-ca38483d01c8.binning_data.json,62910051,2025-05-15 05:32:51.952,2025-05-15 05:32:51.952,UTC+0200,HFrhKp8clb,,com.sec.android.app.shealth,2025-05-15 05:32:51.919,227c74a1-f1a8-4d91-9de2-ca38483d01c8,
