com.samsung.health.floors_climbed,6301003,7
start_time,custom,update_time,create_time,client_data_id,client_data_ver,floor,raw_data,time_offset,deviceuuid,pkg_name,end_time,datauuid
2025-05-19 22:00:00.135,,2025-05-20 07:47:35.587,2025-05-20 07:47:35.587,,,1.0,3a911e68-9016-4f59-a6c7-cd4a18988098.raw_data.json,UTC+0200,HFrhKp8clb,com.sec.android.app.shealth,2025-05-20 07:46:15.000,3a911e68-9016-4f59-a6c7-cd4a18988098,
2025-05-20 07:46:15.000,,2025-05-20 15:07:12.567,2025-05-20 15:07:12.567,,,1.0,92ca7829-dddb-4358-8f43-b123e351fb42.raw_data.json,UTC+0200,HFrhKp8clb,com.sec.android.app.shealth,2025-05-20 15:06:40.000,92ca7829-dddb-4358-8f43-b123e351fb42,
2025-05-22 12:18:53.659,,2025-05-22 15:07:53.641,2025-05-22 15:07:53.641,,,1.0,c675d212-8ca4-4907-af5d-dedf219c57c8.raw_data.json,UTC+0200,HFrhKp8clb,com.sec.android.app.shealth,2025-05-22 15:07:01.000,c675d212-8ca4-4907-af5d-dedf219c57c8,
2025-05-27 22:00:00.776,,2025-05-28 06:25:54.750,2025-05-28 06:25:54.750,,,1.0,94596573-07c4-4dbc-b490-b21e70640947.raw_data.json,UTC+0200,HFrhKp8clb,com.sec.android.app.shealth,2025-05-28 06:25:54.688,94596573-07c4-4dbc-b490-b21e70640947,
2025-05-28 06:25:54.688,,2025-05-28 07:01:12.183,2025-05-28 07:01:12.183,,,1.0,048a18fd-3f27-46e0-8ef7-c22215dfc21c.raw_data.json,UTC+0200,HFrhKp8clb,com.sec.android.app.shealth,2025-05-28 06:56:17.000,048a18fd-3f27-46e0-8ef7-c22215dfc21c,
2025-05-28 06:56:17.000,,2025-05-28 07:07:54.834,2025-05-28 07:07:54.834,,,1.0,55d6d925-1ca9-4cb4-9119-b801cf5ca07b.raw_data.json,UTC+0200,HFrhKp8clb,com.sec.android.app.shealth,2025-05-28 07:03:43.000,55d6d925-1ca9-4cb4-9119-b801cf5ca07b,
2025-05-28 07:03:43.000,,2025-05-28 16:24:59.330,2025-05-28 16:24:59.330,,,1.0,4f0ad176-1bfd-43ad-8561-52454a4824c4.raw_data.json,UTC+0200,HFrhKp8clb,com.sec.android.app.shealth,2025-05-28 16:14:47.000,4f0ad176-1bfd-43ad-8561-52454a4824c4,
2025-05-28 16:14:47.000,,2025-05-28 16:27:09.378,2025-05-28 16:27:09.378,,,1.0,8d9271db-87d7-402f-bccc-2fc837c07931.raw_data.json,UTC+0200,HFrhKp8clb,com.sec.android.app.shealth,2025-05-28 16:25:57.000,8d9271db-87d7-402f-bccc-2fc837c07931,
2025-05-29 22:00:00.000,,2025-05-30 09:27:17.812,2025-05-30 09:27:17.812,,,1.0,b70f43c1-2dbc-4249-9493-b65d530a7d00.raw_data.json,UTC+0200,HFrhKp8clb,com.sec.android.app.shealth,2025-05-30 09:25:20.000,b70f43c1-2dbc-4249-9493-b65d530a7d00,
2025-06-01 22:00:00.136,,2025-06-02 12:16:13.321,2025-06-02 12:16:13.266,,,2.0,122b821f-859c-41e3-99f2-1330411ac474.raw_data.json,UTC+0200,HFrhKp8clb,com.sec.android.app.shealth,2025-06-02 07:38:08.000,122b821f-859c-41e3-99f2-1330411ac474,
2025-06-02 07:38:10.285,,2025-06-02 18:50:08.064,2025-06-02 18:50:08.064,,,1.0,bb57e2b0-f5c3-4e37-9ed1-36b5511603e8.raw_data.json,UTC+0200,HFrhKp8clb,com.sec.android.app.shealth,2025-06-02 15:02:19.000,bb57e2b0-f5c3-4e37-9ed1-36b5511603e8,
