com.samsung.shealth.preferences,6301003,2
text_value,service_id,float_value,update_time,create_time,long_value,tag,blob_value,int_value,deviceuuid,pkg_name,double_value,datauuid
,,,2025-05-14 16:27:23.601,2025-05-14 16:20:16.266,,,,1,6ELqGFWjt8,com.sec.android.app.shealth,,oobe.sensitive_data_available,
,,,2025-05-14 16:20:22.059,2025-05-14 16:20:22.111,,,,2,6ELqGFWjt8,com.sec.android.app.shealth,,boost.card.selected_category,
,,,2025-05-14 16:20:22.061,2025-05-14 16:20:22.134,1747239622061,,,,6ELqGFWjt8,com.sec.android.app.shealth,,iap.selected_time,
,,,2025-05-14 16:27:23.592,2025-05-14 16:20:24.980,,,,1,6ELqGFWjt8,com.sec.android.app.shealth,,oobe.sensitive_data_agreement,
,,,2025-05-14 16:20:25.043,2025-05-14 16:20:25.097,,,,0,6ELqGFWjt8,com.sec.android.app.shealth,,settings.marketing_agreement,
,,,2025-05-14 16:20:25.130,2025-05-14 16:20:25.179,,,,1,6ELqGFWjt8,com.sec.android.app.shealth,,settings.personalization_agreement,
,,,2025-05-14 16:27:23.608,2025-05-14 16:20:25.278,,,,1,6ELqGFWjt8,com.sec.android.app.shealth,,oobe.shd_access_authority_status,
0,,,2025-05-14 16:20:28.149,2025-05-14 16:20:29.926,,,,,6ELqGFWjt8,com.sec.android.app.shealth,,34-badges.DB.update,
,tracker.sleep,,2025-05-14 16:20:29.511,2025-05-14 16:20:30.964,,,,0,6ELqGFWjt8,com.sec.android.app.shealth,,06-snore_setting_new,
,,,2025-05-19 07:56:54.508,2025-05-14 16:20:32.765,1747239632710,,,,6ELqGFWjt8,com.sec.android.app.shealth,,shealth.6.29.upgrade.date,
,,,2025-05-14 16:20:33.302,2025-05-14 16:20:33.686,,,,1,6ELqGFWjt8,com.sec.android.app.shealth,,settings.location_agreement,
pemesa01.champollion@gmail.com,app.settings,,2025-05-14 09:44:56.464,2025-05-14 09:44:56.464,,,,,HFrhKp8clb,com.sec.android.app.shealth,,72-wearable.samsung_account_id,
{"1000":"IAP_1"},,,2025-05-14 16:27:02.941,2025-05-14 16:27:03.009,,,,,6ELqGFWjt8,com.sec.android.app.shealth,,iap.last_exposed_card_ids,
,,,2025-06-04 12:11:10.780,2025-05-14 16:27:16.847,,,,1,6ELqGFWjt8,com.sec.android.app.shealth,,step.detectworkout_switch,
,,,2025-05-19 07:57:11.164,2025-05-19 07:56:59.307,,,sleep.watch_summary.blob_value.json,,6ELqGFWjt8,com.sec.android.app.shealth,,sleep.watch_summary,
,tracker.sleep,,2025-05-19 07:57:10.189,2025-05-19 07:57:10.189,,,,1,6ELqGFWjt8,com.sec.android.app.shealth,,sleep_good_reward_not_shown,
,tracker.sleep,,2025-05-19 07:57:10.263,2025-05-19 07:57:10.263,,,,1,6ELqGFWjt8,com.sec.android.app.shealth,,sleep_first_sleep_reward_not_shown,
,,,2025-05-19 07:57:19.828,2025-05-19 07:57:21.200,,,,1,6ELqGFWjt8,com.sec.android.app.shealth,,sc.tile_init_state,
,tracker.exercise,,2025-05-30 12:46:07.761,2025-05-30 12:46:07.761,,,,1,HFrhKp8clb,com.sec.android.app.shealth,,34-gym.permission.profile.enable,
,tracker.exercise,,2025-05-30 12:46:07.763,2025-05-30 12:46:07.763,,,,1,HFrhKp8clb,com.sec.android.app.shealth,,34-gym.permission.hr.enable,
,tracker.age,,2025-05-30 14:02:28.406,2025-05-30 14:02:28.661,,,,0,6ELqGFWjt8,com.sec.android.app.shealth,,44-age.last.labs.support,
