com.samsung.health.sleep_stage,6301003,7
create_sh_ver,start_time,sleep_id,custom,modify_sh_ver,update_time,create_time,stage,time_offset,deviceuuid,pkg_name,end_time,datauuid
62950170,2025-05-14 21:46:00.000,be5a3d32-4cc5-43e4-b309-3d3c8bcc4347,,62950170,2025-05-19 07:57:07.690,2025-05-19 07:57:07.690,40002,UTC+0200,6ELqGFWjt8,com.sec.android.app.shealth,2025-05-14 22:01:00.000,4c24bd00-e939-49c5-be8d-346f6a7d716a,
62950170,2025-05-14 22:01:00.000,be5a3d32-4cc5-43e4-b309-3d3c8bcc4347,,62950170,2025-05-19 07:57:07.707,2025-05-19 07:57:07.707,40001,UTC+0200,6ELqGFWjt8,com.sec.android.app.shealth,2025-05-14 22:03:30.000,f55d6c12-dd18-4433-b1f5-6672ff4de883,
62950170,2025-05-14 22:03:30.000,be5a3d32-4cc5-43e4-b309-3d3c8bcc4347,,62950170,2025-05-19 07:57:07.708,2025-05-19 07:57:07.708,40002,UTC+0200,6ELqGFWjt8,com.sec.android.app.shealth,2025-05-14 22:18:30.000,4b588388-d5e5-4a54-ba52-e39f071f015e,
62950170,2025-05-14 22:18:30.000,be5a3d32-4cc5-43e4-b309-3d3c8bcc4347,,62950170,2025-05-19 07:57:07.709,2025-05-19 07:57:07.709,40001,UTC+0200,6ELqGFWjt8,com.sec.android.app.shealth,2025-05-14 22:27:00.000,ab0f070a-4f41-4c89-93d1-b514621b819f,
62950170,2025-05-14 22:27:00.000,be5a3d32-4cc5-43e4-b309-3d3c8bcc4347,,62950170,2025-05-19 07:57:07.710,2025-05-19 07:57:07.710,40002,UTC+0200,6ELqGFWjt8,com.sec.android.app.shealth,2025-05-14 22:43:00.000,3578f4ab-562f-4807-90b7-d47b59258c08,
62950170,2025-05-14 22:43:00.000,be5a3d32-4cc5-43e4-b309-3d3c8bcc4347,,62950170,2025-05-19 07:57:07.710,2025-05-19 07:57:07.710,40003,UTC+0200,6ELqGFWjt8,com.sec.android.app.shealth,2025-05-14 23:25:00.000,ee89c3fd-74c0-48d2-96db-a6628f036947,
62950170,2025-05-14 23:25:00.000,be5a3d32-4cc5-43e4-b309-3d3c8bcc4347,,62950170,2025-05-19 07:57:07.711,2025-05-19 07:57:07.711,40004,UTC+0200,6ELqGFWjt8,com.sec.android.app.shealth,2025-05-14 23:42:00.000,90a66239-1734-41b1-bc88-69ab665e5ba6,
62950170,2025-05-14 23:42:00.000,be5a3d32-4cc5-43e4-b309-3d3c8bcc4347,,62950170,2025-05-19 07:57:07.723,2025-05-19 07:57:07.723,40002,UTC+0200,6ELqGFWjt8,com.sec.android.app.shealth,2025-05-15 00:17:30.000,592d9302-85a1-4a9d-ab96-0fa7c5e202e7,
62950170,2025-05-15 00:17:30.000,be5a3d32-4cc5-43e4-b309-3d3c8bcc4347,,62950170,2025-05-19 07:57:07.726,2025-05-19 07:57:07.726,40003,UTC+0200,6ELqGFWjt8,com.sec.android.app.shealth,2025-05-15 00:30:00.000,11dfe535-8de3-4d83-83e2-99c7b8e3f9eb,
62950170,2025-05-15 00:30:00.000,be5a3d32-4cc5-43e4-b309-3d3c8bcc4347,,62950170,2025-05-19 07:57:07.727,2025-05-19 07:57:07.727,40002,UTC+0200,6ELqGFWjt8,com.sec.android.app.shealth,2025-05-15 00:33:00.000,89776ed9-e3d7-4ca2-a5c7-5356c6c37f81,
62950170,2025-05-15 00:33:00.000,be5a3d32-4cc5-43e4-b309-3d3c8bcc4347,,62950170,2025-05-19 07:57:07.727,2025-05-19 07:57:07.727,40001,UTC+0200,6ELqGFWjt8,com.sec.android.app.shealth,2025-05-15 00:33:30.000,3a5e0afe-4d55-4914-99a1-cba9ce2d8754,
62950170,2025-05-15 00:33:30.000,be5a3d32-4cc5-43e4-b309-3d3c8bcc4347,,62950170,2025-05-19 07:57:07.756,2025-05-19 07:57:07.756,40002,UTC+0200,6ELqGFWjt8,com.sec.android.app.shealth,2025-05-15 00:58:00.000,a750b23c-802d-437d-943b-afb5ade21c58,
62950170,2025-05-15 00:58:00.000,be5a3d32-4cc5-43e4-b309-3d3c8bcc4347,,62950170,2025-05-19 07:57:07.756,2025-05-19 07:57:07.756,40001,UTC+0200,6ELqGFWjt8,com.sec.android.app.shealth,2025-05-15 01:08:30.000,5a5bf09d-3a58-4334-8ee7-12faaeee0772,
62950170,2025-05-15 01:08:30.000,be5a3d32-4cc5-43e4-b309-3d3c8bcc4347,,62950170,2025-05-19 07:57:07.757,2025-05-19 07:57:07.757,40002,UTC+0200,6ELqGFWjt8,com.sec.android.app.shealth,2025-05-15 01:09:00.000,ddc96da1-db9d-4e69-bdcf-43d0e4146f41,
62950170,2025-05-15 01:09:00.000,be5a3d32-4cc5-43e4-b309-3d3c8bcc4347,,62950170,2025-05-19 07:57:07.759,2025-05-19 07:57:07.759,40001,UTC+0200,6ELqGFWjt8,com.sec.android.app.shealth,2025-05-15 01:10:00.000,a296e5d8-6695-4c6b-abaf-66c982a44552,
62950170,2025-05-15 01:10:00.000,be5a3d32-4cc5-43e4-b309-3d3c8bcc4347,,62950170,2025-05-19 07:57:07.760,2025-05-19 07:57:07.760,40002,UTC+0200,6ELqGFWjt8,com.sec.android.app.shealth,2025-05-15 01:12:30.000,f609f3df-bb29-4d26-bd9e-b000114bb4f8,
62950170,2025-05-15 01:12:30.000,be5a3d32-4cc5-43e4-b309-3d3c8bcc4347,,62950170,2025-05-19 07:57:07.760,2025-05-19 07:57:07.760,40001,UTC+0200,6ELqGFWjt8,com.sec.android.app.shealth,2025-05-15 01:13:00.000,7a98fd3f-0430-47a0-b6b4-763c054c4fbb,
62950170,2025-05-15 01:13:00.000,be5a3d32-4cc5-43e4-b309-3d3c8bcc4347,,62950170,2025-05-19 07:57:07.761,2025-05-19 07:57:07.761,40002,UTC+0200,6ELqGFWjt8,com.sec.android.app.shealth,2025-05-15 01:13:30.000,a3927339-9e61-447d-bc6c-195200c05afc,
62950170,2025-05-15 01:13:30.000,be5a3d32-4cc5-43e4-b309-3d3c8bcc4347,,62950170,2025-05-19 07:57:07.768,2025-05-19 07:57:07.768,40004,UTC+0200,6ELqGFWjt8,com.sec.android.app.shealth,2025-05-15 01:37:00.000,99aa3ec3-3873-4df0-becd-9b460b63c15c,
62950170,2025-05-15 01:37:00.000,be5a3d32-4cc5-43e4-b309-3d3c8bcc4347,,62950170,2025-05-19 07:57:07.769,2025-05-19 07:57:07.769,40001,UTC+0200,6ELqGFWjt8,com.sec.android.app.shealth,2025-05-15 01:37:30.000,07e8a43d-ac22-4238-a704-d397cf4e35bb,
62950170,2025-05-15 01:37:30.000,be5a3d32-4cc5-43e4-b309-3d3c8bcc4347,,62950170,2025-05-19 07:57:07.769,2025-05-19 07:57:07.769,40002,UTC+0200,6ELqGFWjt8,com.sec.android.app.shealth,2025-05-15 02:37:00.000,c624692b-aed4-44f1-8704-c1855069186e,
62950170,2025-05-15 02:37:00.000,be5a3d32-4cc5-43e4-b309-3d3c8bcc4347,,62950170,2025-05-19 07:57:07.770,2025-05-19 07:57:07.770,40001,UTC+0200,6ELqGFWjt8,com.sec.android.app.shealth,2025-05-15 02:37:30.000,a69f6746-5d01-404a-8206-333b7e32b098,
62950170,2025-05-15 02:37:30.000,be5a3d32-4cc5-43e4-b309-3d3c8bcc4347,,62950170,2025-05-19 07:57:07.771,2025-05-19 07:57:07.771,40002,UTC+0200,6ELqGFWjt8,com.sec.android.app.shealth,2025-05-15 02:39:00.000,57f2aaf7-8b3e-4a56-be33-a4f062fbb945,
62950170,2025-05-15 02:39:00.000,be5a3d32-4cc5-43e4-b309-3d3c8bcc4347,,62950170,2025-05-19 07:57:07.771,2025-05-19 07:57:07.771,40004,UTC+0200,6ELqGFWjt8,com.sec.android.app.shealth,2025-05-15 03:17:00.000,cf11c049-4757-4aae-99be-7fcc80fd0f03,
62950170,2025-05-15 03:17:00.000,be5a3d32-4cc5-43e4-b309-3d3c8bcc4347,,62950170,2025-05-19 07:57:07.774,2025-05-19 07:57:07.774,40001,UTC+0200,6ELqGFWjt8,com.sec.android.app.shealth,2025-05-15 03:17:30.000,fb691806-7214-4a3c-b412-ed0c9a343c72,
62950170,2025-05-15 03:17:30.000,be5a3d32-4cc5-43e4-b309-3d3c8bcc4347,,62950170,2025-05-19 07:57:07.775,2025-05-19 07:57:07.775,40002,UTC+0200,6ELqGFWjt8,com.sec.android.app.shealth,2025-05-15 04:13:00.000,bec52f2a-e265-4334-a632-d5448c3ccd10,
62950170,2025-05-15 04:13:00.000,be5a3d32-4cc5-43e4-b309-3d3c8bcc4347,,62950170,2025-05-19 07:57:07.776,2025-05-19 07:57:07.776,40004,UTC+0200,6ELqGFWjt8,com.sec.android.app.shealth,2025-05-15 04:36:00.000,48874607-7c29-4e3a-9d42-c00a8e17faed,
62950170,2025-05-15 04:36:00.000,be5a3d32-4cc5-43e4-b309-3d3c8bcc4347,,62950170,2025-05-19 07:57:07.776,2025-05-19 07:57:07.776,40001,UTC+0200,6ELqGFWjt8,com.sec.android.app.shealth,2025-05-15 04:36:30.000,bcce453c-6db4-4351-8df8-764fe0bd8a26,
62950170,2025-05-15 04:36:30.000,be5a3d32-4cc5-43e4-b309-3d3c8bcc4347,,62950170,2025-05-19 07:57:07.778,2025-05-19 07:57:07.778,40004,UTC+0200,6ELqGFWjt8,com.sec.android.app.shealth,2025-05-15 04:38:30.000,76214aed-241b-4533-8a9d-90bbb46f4efe,
62950170,2025-05-15 04:38:30.000,be5a3d32-4cc5-43e4-b309-3d3c8bcc4347,,62950170,2025-05-19 07:57:07.779,2025-05-19 07:57:07.779,40002,UTC+0200,6ELqGFWjt8,com.sec.android.app.shealth,2025-05-15 04:58:30.000,7e82f381-8fb2-42ff-a542-0b9294b0fd15,
62950170,2025-05-15 04:58:30.000,be5a3d32-4cc5-43e4-b309-3d3c8bcc4347,,62950170,2025-05-19 07:57:07.779,2025-05-19 07:57:07.779,40001,UTC+0200,6ELqGFWjt8,com.sec.android.app.shealth,2025-05-15 04:59:00.000,eea746e1-144c-4a1f-9dad-a14df593a011,
62950170,2025-05-15 04:59:00.000,be5a3d32-4cc5-43e4-b309-3d3c8bcc4347,,62950170,2025-05-19 07:57:07.780,2025-05-19 07:57:07.780,40002,UTC+0200,6ELqGFWjt8,com.sec.android.app.shealth,2025-05-15 05:09:00.000,339333fb-c3f7-42d9-b81f-eef25a216b59,
62950170,2025-05-15 05:09:00.000,be5a3d32-4cc5-43e4-b309-3d3c8bcc4347,,62950170,2025-05-19 07:57:07.780,2025-05-19 07:57:07.780,40001,UTC+0200,6ELqGFWjt8,com.sec.android.app.shealth,2025-05-15 05:09:30.000,3a5be7e6-b782-4460-9446-cef3c4606482,
62950170,2025-05-15 05:09:30.000,be5a3d32-4cc5-43e4-b309-3d3c8bcc4347,,62950170,2025-05-19 07:57:07.782,2025-05-19 07:57:07.782,40002,UTC+0200,6ELqGFWjt8,com.sec.android.app.shealth,2025-05-15 05:16:30.000,856d8bf4-1887-4dac-9e87-4bc8b4a112c1,
62950170,2025-05-15 05:16:30.000,be5a3d32-4cc5-43e4-b309-3d3c8bcc4347,,62950170,2025-05-19 07:57:07.782,2025-05-19 07:57:07.782,40001,UTC+0200,6ELqGFWjt8,com.sec.android.app.shealth,2025-05-15 05:17:00.000,ca47955d-2784-4c71-8420-e3cf5c68e53c,
62950170,2025-05-15 05:17:00.000,be5a3d32-4cc5-43e4-b309-3d3c8bcc4347,,62950170,2025-05-19 07:57:07.793,2025-05-19 07:57:07.793,40002,UTC+0200,6ELqGFWjt8,com.sec.android.app.shealth,2025-05-15 05:21:00.000,e7034af9-e588-435f-b032-7a60dd8d9fc5,
62950170,2025-05-15 05:21:00.000,be5a3d32-4cc5-43e4-b309-3d3c8bcc4347,,62950170,2025-05-19 07:57:07.793,2025-05-19 07:57:07.793,40001,UTC+0200,6ELqGFWjt8,com.sec.android.app.shealth,2025-05-15 05:24:00.000,44135949-7394-428e-88c9-910fe80c7930,
