com.samsung.shealth.activity.day_summary,6301003,6
movement_type,create_sh_ver,energy_type,exercise_time,step_count,exercise_calorie_target,active_time,target,others_time,modify_sh_ver,update_time,floors_target,create_time,floor_count,dynamic_active_time_target,exercise_time_target,goal,longest_active_time,score,move_hourly_count,duration_type,move_hourly_target,distance,dynamic_active_time,calorie,extra_data,deviceuuid,run_time,pkg_name,walk_time,longest_idle_time,datauuid,day_time
0,62950170,0,1444000,4899,300,3295318,90,0,63010030,2025-06-04 08:37:54.898,10,2025-05-14 16:20:31.551,0.0,30,30,-1,805252,60,11,0,8,3726.0317,840000,236.43208,71bac992-38bb-461a-8d99-544ac760b345.extra_data.json,6ELqGFWjt8,2000,com.sec.android.app.shealth,3293318,86400000,71bac992-38bb-461a-8d99-544ac760b345,2025-05-14 00:00:00.000,
0,62950170,0,0,0,300,0,90,0,63010030,2025-06-04 08:37:55.082,10,2025-05-14 16:20:34.884,0.0,30,30,-1,0,0,0,0,8,0.0,0,0.0,17df4797-3e5d-46f9-93f2-b09c61fb423a.extra_data.json,6ELqGFWjt8,0,com.sec.android.app.shealth,0,86400000,17df4797-3e5d-46f9-93f2-b09c61fb423a,2025-05-13 00:00:00.000,
0,62950170,0,0,0,300,0,90,0,63010030,2025-06-04 08:37:55.247,10,2025-05-14 16:20:35.890,0.0,30,30,-1,0,0,0,0,8,0.0,0,0.0,dddc4cc6-ed83-444f-85b5-9f50319fdf92.extra_data.json,6ELqGFWjt8,0,com.sec.android.app.shealth,0,86400000,dddc4cc6-ed83-444f-85b5-9f50319fdf92,2025-05-12 00:00:00.000,
0,62950170,0,0,0,300,0,90,0,63010030,2025-06-04 08:37:55.391,10,2025-05-14 16:20:36.421,0.0,30,30,-1,0,0,0,0,8,0.0,0,0.0,90f0522a-567a-4ae1-bb05-59673ead42f4.extra_data.json,6ELqGFWjt8,0,com.sec.android.app.shealth,0,86400000,90f0522a-567a-4ae1-bb05-59673ead42f4,2025-05-11 00:00:00.000,
0,62950170,0,0,0,300,0,90,0,63010030,2025-06-04 08:37:55.567,10,2025-05-14 16:20:37.593,0.0,30,30,-1,0,0,0,0,8,0.0,0,0.0,d04921cc-d030-4837-8761-9a6853766692.extra_data.json,6ELqGFWjt8,0,com.sec.android.app.shealth,0,86400000,d04921cc-d030-4837-8761-9a6853766692,2025-05-10 00:00:00.000,
0,62950170,0,0,0,300,0,90,0,63010030,2025-06-04 08:37:55.822,10,2025-05-14 16:20:38.257,0.0,30,30,-1,0,0,0,0,8,0.0,0,0.0,07775dd4-9ee3-4736-a8cb-b29a29d81f86.extra_data.json,6ELqGFWjt8,0,com.sec.android.app.shealth,0,86400000,07775dd4-9ee3-4736-a8cb-b29a29d81f86,2025-05-09 00:00:00.000,
0,62950170,0,0,0,300,0,90,0,63010030,2025-06-04 08:37:55.972,10,2025-05-14 16:20:38.637,0.0,30,30,-1,0,0,0,0,8,0.0,0,0.0,6575da94-de1f-434e-a6ae-940b6333fc48.extra_data.json,6ELqGFWjt8,0,com.sec.android.app.shealth,0,86400000,6575da94-de1f-434e-a6ae-940b6333fc48,2025-05-08 00:00:00.000,
0,62950170,0,0,0,300,0,90,0,63010030,2025-06-01 12:03:17.378,10,2025-05-14 16:20:39.214,0.0,30,30,-1,0,0,0,0,8,0.0,0,0.0,38b92fc0-91b1-4348-ac5d-968a9fa97989.extra_data.json,6ELqGFWjt8,0,com.sec.android.app.shealth,0,86400000,38b92fc0-91b1-4348-ac5d-968a9fa97989,2025-05-07 00:00:00.000,
0,62950170,0,0,0,300,0,90,0,63010030,2025-06-01 12:03:17.622,10,2025-05-14 16:20:39.555,0.0,30,30,-1,0,0,0,0,8,0.0,0,0.0,0f0a57a5-309f-4e69-b9c3-2f415d886ca9.extra_data.json,6ELqGFWjt8,0,com.sec.android.app.shealth,0,86400000,0f0a57a5-309f-4e69-b9c3-2f415d886ca9,2025-05-06 00:00:00.000,
0,62950170,0,0,0,300,0,90,0,63010030,2025-06-01 12:03:17.879,10,2025-05-14 16:20:39.918,0.0,30,30,-1,0,0,0,0,8,0.0,0,0.0,b4e56ef0-a23a-4f7a-8cd5-b764131d491e.extra_data.json,6ELqGFWjt8,0,com.sec.android.app.shealth,0,86400000,b4e56ef0-a23a-4f7a-8cd5-b764131d491e,2025-05-05 00:00:00.000,
0,62950170,0,0,0,300,0,90,0,62950170,2025-05-26 10:37:30.520,10,2025-05-14 16:20:40.492,0.0,30,30,-1,0,0,0,0,8,0.0,0,0.0,fc05497c-280c-4869-aea4-a65a76f51d45.extra_data.json,6ELqGFWjt8,0,com.sec.android.app.shealth,0,86400000,fc05497c-280c-4869-aea4-a65a76f51d45,2025-05-04 00:00:00.000,
0,62950170,0,0,0,300,0,90,0,62950170,2025-05-26 10:37:30.700,10,2025-05-14 16:20:41.402,0.0,30,30,-1,0,0,0,0,8,0.0,0,0.0,46336ff7-8937-43e9-9595-a181bc438be6.extra_data.json,6ELqGFWjt8,0,com.sec.android.app.shealth,0,86400000,46336ff7-8937-43e9-9595-a181bc438be6,2025-05-03 00:00:00.000,
0,62950170,0,0,0,300,0,90,0,62950170,2025-05-26 10:37:30.899,10,2025-05-14 16:20:42.506,0.0,30,30,-1,0,0,0,0,8,0.0,0,0.0,87556c6a-2e8b-49b9-91cf-20c5bf9cff32.extra_data.json,6ELqGFWjt8,0,com.sec.android.app.shealth,0,86400000,87556c6a-2e8b-49b9-91cf-20c5bf9cff32,2025-05-02 00:00:00.000,
0,62950170,0,0,0,300,0,90,0,62950170,2025-05-26 10:37:31.157,10,2025-05-14 16:20:44.626,0.0,30,30,-1,0,0,0,0,8,0.0,0,0.0,038d9eaf-f045-45b0-ae9b-8e20d81577e5.extra_data.json,6ELqGFWjt8,0,com.sec.android.app.shealth,0,86400000,038d9eaf-f045-45b0-ae9b-8e20d81577e5,2025-05-01 00:00:00.000,
0,62950170,0,0,0,300,0,90,0,62950170,2025-05-26 10:37:31.395,10,2025-05-14 16:20:46.254,0.0,30,30,-1,0,0,0,0,8,0.0,0,0.0,659ddad5-f33d-4067-bff3-4461d5339614.extra_data.json,6ELqGFWjt8,0,com.sec.android.app.shealth,0,86400000,659ddad5-f33d-4067-bff3-4461d5339614,2025-04-30 00:00:00.000,
0,62950170,0,0,0,300,0,90,0,62950170,2025-05-26 10:37:31.619,10,2025-05-14 16:20:47.105,0.0,30,30,-1,0,0,0,0,8,0.0,0,0.0,f7bf8861-b7f9-4839-93ef-3c1a83faa0fa.extra_data.json,6ELqGFWjt8,0,com.sec.android.app.shealth,0,86400000,f7bf8861-b7f9-4839-93ef-3c1a83faa0fa,2025-04-29 00:00:00.000,
0,62950170,0,0,0,300,0,90,0,62950170,2025-05-22 07:47:45.931,10,2025-05-14 16:20:47.661,0.0,30,30,-1,0,0,0,0,8,0.0,0,0.0,52787ac9-9ed4-4c17-b782-b602786f6890.extra_data.json,6ELqGFWjt8,0,com.sec.android.app.shealth,0,86400000,52787ac9-9ed4-4c17-b782-b602786f6890,2025-04-28 00:00:00.000,
0,62950170,0,0,0,300,0,90,0,62950170,2025-05-22 07:47:46.386,10,2025-05-14 16:20:48.226,0.0,30,30,-1,0,0,0,0,8,0.0,0,0.0,9be255f2-50bd-4676-98c2-6b66d1a01558.extra_data.json,6ELqGFWjt8,0,com.sec.android.app.shealth,0,86400000,9be255f2-50bd-4676-98c2-6b66d1a01558,2025-04-27 00:00:00.000,
0,62950170,0,0,0,300,0,90,0,62950170,2025-05-22 07:47:46.639,10,2025-05-14 16:20:48.997,0.0,30,30,-1,0,0,0,0,8,0.0,0,0.0,c6ac21af-e2c7-46e1-9065-50db31f219e1.extra_data.json,6ELqGFWjt8,0,com.sec.android.app.shealth,0,86400000,c6ac21af-e2c7-46e1-9065-50db31f219e1,2025-04-26 00:00:00.000,
0,62950170,0,0,0,300,0,90,0,62950170,2025-05-22 07:47:46.868,10,2025-05-14 16:20:49.198,0.0,30,30,-1,0,0,0,0,8,0.0,0,0.0,09047154-e06f-4441-815f-a47e4a0f6400.extra_data.json,6ELqGFWjt8,0,com.sec.android.app.shealth,0,86400000,09047154-e06f-4441-815f-a47e4a0f6400,2025-04-25 00:00:00.000,
0,62950170,0,0,0,300,0,90,0,62950170,2025-05-19 08:20:40.539,10,2025-05-14 16:20:49.786,0.0,30,30,-1,0,0,0,0,8,0.0,0,0.0,9e3e1670-3324-43be-b1f2-d75654390233.extra_data.json,6ELqGFWjt8,0,com.sec.android.app.shealth,0,86400000,9e3e1670-3324-43be-b1f2-d75654390233,2025-04-24 00:00:00.000,
0,62950170,0,0,0,300,0,90,0,62950170,2025-05-19 08:20:40.708,10,2025-05-14 16:20:50.070,0.0,30,30,-1,0,0,0,0,8,0.0,0,0.0,a4637f50-bd26-48ec-abe7-59e6378357d9.extra_data.json,6ELqGFWjt8,0,com.sec.android.app.shealth,0,86400000,a4637f50-bd26-48ec-abe7-59e6378357d9,2025-04-23 00:00:00.000,
0,62950170,0,0,0,300,0,90,0,62950170,2025-05-19 08:20:40.860,10,2025-05-14 16:20:50.342,0.0,30,30,-1,0,0,0,0,8,0.0,0,0.0,e5a357e3-1548-459d-8e13-155974067ee7.extra_data.json,6ELqGFWjt8,0,com.sec.android.app.shealth,0,86400000,e5a357e3-1548-459d-8e13-155974067ee7,2025-04-22 00:00:00.000,
0,62950170,0,0,0,300,0,90,0,62950170,2025-05-14 16:20:56.354,10,2025-05-14 16:20:50.751,0.0,30,30,-1,0,0,0,0,8,0.0,0,0.0,63f17632-88dc-4942-a0a4-cae12755895f.extra_data.json,6ELqGFWjt8,0,com.sec.android.app.shealth,0,86400000,63f17632-88dc-4942-a0a4-cae12755895f,2025-04-21 00:00:00.000,
0,62950170,0,0,0,300,0,90,0,62950170,2025-05-14 16:20:56.443,10,2025-05-14 16:20:51.043,0.0,30,30,-1,0,0,0,0,8,0.0,0,0.0,168642cb-ee44-4d2c-a731-b28ebb85068c.extra_data.json,6ELqGFWjt8,0,com.sec.android.app.shealth,0,86400000,168642cb-ee44-4d2c-a731-b28ebb85068c,2025-04-20 00:00:00.000,
0,62950170,0,0,0,300,0,90,0,62950170,2025-05-14 16:20:56.559,10,2025-05-14 16:20:51.279,0.0,30,30,-1,0,0,0,0,8,0.0,0,0.0,3720bb3c-a58b-40c8-822c-e01fd9395d81.extra_data.json,6ELqGFWjt8,0,com.sec.android.app.shealth,0,86400000,3720bb3c-a58b-40c8-822c-e01fd9395d81,2025-04-19 00:00:00.000,
0,62950170,0,0,0,300,0,90,0,62950170,2025-05-14 16:20:56.662,10,2025-05-14 16:20:51.439,0.0,30,30,-1,0,0,0,0,8,0.0,0,0.0,e26a9bfd-d7f1-4d2f-8d77-d85ccbafd9b5.extra_data.json,6ELqGFWjt8,0,com.sec.android.app.shealth,0,86400000,e26a9bfd-d7f1-4d2f-8d77-d85ccbafd9b5,2025-04-18 00:00:00.000,
0,62950170,0,0,0,300,0,90,0,62950170,2025-05-14 16:20:56.815,10,2025-05-14 16:20:51.625,0.0,30,30,-1,0,0,0,0,8,0.0,0,0.0,02b01ad0-c3f1-4d51-a092-05286d4ea59a.extra_data.json,6ELqGFWjt8,0,com.sec.android.app.shealth,0,86400000,02b01ad0-c3f1-4d51-a092-05286d4ea59a,2025-04-17 00:00:00.000,
0,62950170,0,0,3265,300,2154613,90,0,63010030,2025-06-04 08:37:53.311,10,2025-05-19 07:56:32.592,0.0,30,30,-1,60000,38,14,0,8,2426.089,0,121.51997,6f78201e-4568-4f34-b65f-2e8f3dbbb212.extra_data.json,6ELqGFWjt8,7600,com.sec.android.app.shealth,2147013,86400000,6f78201e-4568-4f34-b65f-2e8f3dbbb212,2025-05-19 00:00:00.000,
0,62950170,0,0,0,300,0,90,0,63010030,2025-06-04 08:37:53.675,10,2025-05-19 07:56:39.178,0.0,30,30,-1,0,0,0,0,8,0.0,0,0.0,eafc04ce-91c3-4944-8488-06a8f3bb99a5.extra_data.json,6ELqGFWjt8,0,com.sec.android.app.shealth,0,86400000,eafc04ce-91c3-4944-8488-06a8f3bb99a5,2025-05-18 00:00:00.000,
0,62950170,0,0,0,300,0,90,0,63010030,2025-06-04 08:37:53.938,10,2025-05-19 07:56:43.319,0.0,30,30,-1,0,0,0,0,8,0.0,0,0.0,eda8f981-af55-4b64-9a40-7b24a4e3befd.extra_data.json,6ELqGFWjt8,0,com.sec.android.app.shealth,0,86400000,eda8f981-af55-4b64-9a40-7b24a4e3befd,2025-05-17 00:00:00.000,
0,62950170,0,0,0,300,0,90,0,63010030,2025-06-04 08:37:54.108,10,2025-05-19 07:56:44.335,0.0,30,30,-1,0,0,0,0,8,0.0,0,0.0,aaa0e96c-9e70-44db-9f1f-facce133d024.extra_data.json,6ELqGFWjt8,0,com.sec.android.app.shealth,0,86400000,aaa0e96c-9e70-44db-9f1f-facce133d024,2025-05-16 00:00:00.000,
0,62950170,0,0,1643,300,1095080,90,0,63010030,2025-06-04 08:37:54.410,10,2025-05-19 07:56:45.297,0.0,30,30,-1,44022,20,6,0,8,1204.1199,0,61.47001,3b0a96c1-ddf9-4b40-a3e9-4d83ae0da87e.extra_data.json,6ELqGFWjt8,1200,com.sec.android.app.shealth,1093880,86400000,3b0a96c1-ddf9-4b40-a3e9-4d83ae0da87e,2025-05-15 00:00:00.000,
0,62950170,0,0,1473,300,772723,90,0,63010030,2025-06-04 08:37:52.370,10,2025-05-22 07:47:06.246,0.0,30,30,-1,360000,13,2,0,8,1124.3395,0,55.464962,1d381112-253f-4135-b3e6-b095bba08839.extra_data.json,6ELqGFWjt8,0,com.sec.android.app.shealth,772723,86400000,1d381112-253f-4135-b3e6-b095bba08839,2025-05-22 00:00:00.000,
0,62950170,0,0,1584,300,921434,90,0,63010030,2025-06-04 08:37:52.607,10,2025-05-22 07:47:21.287,0.0,30,30,-1,420000,16,3,0,8,1196.83,0,64.36001,e41d45be-60a7-4f80-b0e3-6fc859796177.extra_data.json,6ELqGFWjt8,0,com.sec.android.app.shealth,921434,86400000,e41d45be-60a7-4f80-b0e3-6fc859796177,2025-05-21 00:00:00.000,
0,62950170,0,0,1377,300,850882,90,0,63010030,2025-06-04 08:37:52.836,10,2025-05-22 07:47:22.392,0.0,30,30,-1,420000,15,3,0,8,1029.9999,0,58.249996,085d95c2-4f72-416f-a8c3-3149eb33eee5.extra_data.json,6ELqGFWjt8,0,com.sec.android.app.shealth,850882,86400000,085d95c2-4f72-416f-a8c3-3149eb33eee5,2025-05-20 00:00:00.000,
0,62950170,0,0,1643,300,878746,90,0,63010030,2025-06-04 08:37:52.136,10,2025-05-22 22:17:37.055,0.0,30,30,-1,420000,15,2,0,8,1251.2192,0,58.10148,ab513cec-3da6-40eb-a40c-1cf7339c1f62.extra_data.json,6ELqGFWjt8,0,com.sec.android.app.shealth,878746,86400000,ab513cec-3da6-40eb-a40c-1cf7339c1f62,2025-05-23 00:00:00.000,
0,62950170,0,0,0,300,0,90,0,63010030,2025-06-04 08:37:51.829,10,2025-05-23 22:00:01.045,0.0,30,30,-1,0,0,0,0,8,0.0,0,0.0,4f4c995b-d0b3-4dd6-89f7-fb9003fb5434.extra_data.json,6ELqGFWjt8,0,com.sec.android.app.shealth,0,86400000,4f4c995b-d0b3-4dd6-89f7-fb9003fb5434,2025-05-24 00:00:00.000,
0,62950170,0,0,1806,300,1082211,90,0,63010030,2025-06-04 08:37:51.367,10,2025-05-26 05:10:35.864,0.0,30,30,-1,180000,20,3,0,8,1370.3147,0,63.2463,c8c15793-6a70-4edf-b1f6-fc557ffab1e2.extra_data.json,6ELqGFWjt8,0,com.sec.android.app.shealth,1082211,86400000,c8c15793-6a70-4edf-b1f6-fc557ffab1e2,2025-05-26 00:00:00.000,
0,62950170,0,0,0,300,0,90,0,63010030,2025-06-04 08:37:51.597,10,2025-05-26 05:10:38.703,0.0,30,30,-1,0,0,0,0,8,0.0,0,0.0,a3fa83be-73ae-4517-847a-ee162f6be3c7.extra_data.json,6ELqGFWjt8,0,com.sec.android.app.shealth,0,86400000,a3fa83be-73ae-4517-847a-ee162f6be3c7,2025-05-25 00:00:00.000,
0,62950170,0,775000,2988,300,1874561,90,0,63010030,2025-06-04 08:37:51.073,10,2025-05-27 00:27:14.612,0.0,30,30,-1,775286,34,4,0,8,2265.9683,0,128.19696,5bdca51a-534f-4d57-b0fb-2b2503658427.extra_data.json,6ELqGFWjt8,2441,com.sec.android.app.shealth,1872120,86400000,5bdca51a-534f-4d57-b0fb-2b2503658427,2025-05-27 00:00:00.000,
0,62950170,0,686000,2919,300,1663751,90,0,63010030,2025-06-04 08:37:50.726,10,2025-05-27 22:05:38.650,0.0,30,30,-1,686301,30,4,0,8,2154.1917,0,122.37712,948f4d2a-ac47-47c6-89a1-947105d33a06.extra_data.json,6ELqGFWjt8,0,com.sec.android.app.shealth,1663751,86400000,948f4d2a-ac47-47c6-89a1-947105d33a06,2025-05-28 00:00:00.000,
0,62950170,0,0,0,300,0,90,0,63010030,2025-06-04 08:37:50.369,10,2025-05-29 00:01:14.470,0.0,30,30,-1,0,0,0,0,8,0.0,0,0.0,0871ec83-95a6-4780-a068-35281968632f.extra_data.json,6ELqGFWjt8,0,com.sec.android.app.shealth,0,86400000,0871ec83-95a6-4780-a068-35281968632f,2025-05-29 00:00:00.000,
0,62950170,0,0,1263,300,720860,90,0,63010030,2025-06-04 08:37:50.037,10,2025-05-29 23:30:38.606,0.0,30,30,-1,300000,12,1,0,8,968.11,0,45.59,498db907-6400-4bc7-9025-7d8a2d99dbd9.extra_data.json,6ELqGFWjt8,11427,com.sec.android.app.shealth,709433,86400000,498db907-6400-4bc7-9025-7d8a2d99dbd9,2025-05-30 00:00:00.000,
0,63010030,0,0,0,300,0,90,0,63010030,2025-06-04 08:37:49.837,10,2025-05-30 23:55:01.326,0.0,30,30,-1,0,0,0,0,8,0.0,0,0.0,31786548-19d3-4e9e-a9ee-42a1575b870f.extra_data.json,6ELqGFWjt8,0,com.sec.android.app.shealth,0,86400000,31786548-19d3-4e9e-a9ee-42a1575b870f,2025-05-31 00:00:00.000,
0,63010030,0,0,10,300,6670,90,0,63010030,2025-06-04 08:37:49.657,10,2025-05-31 23:12:56.478,0.0,30,30,-1,6670,0,0,0,8,7.54,0,0.33,45fc2e8b-c1a1-4f0d-a5a5-13cc230d066b.extra_data.json,6ELqGFWjt8,0,com.sec.android.app.shealth,6670,86400000,45fc2e8b-c1a1-4f0d-a5a5-13cc230d066b,2025-06-01 00:00:00.000,
0,63010030,0,0,5332,300,3116923,90,0,63010030,2025-06-04 08:37:49.449,10,2025-06-02 01:41:40.237,0.0,30,30,-1,720000,56,10,0,8,4083.9678,0,186.21439,d3b4e840-760b-4e56-a35b-f4f01088c753.extra_data.json,6ELqGFWjt8,14907,com.sec.android.app.shealth,3102016,86400000,d3b4e840-760b-4e56-a35b-f4f01088c753,2025-06-02 00:00:00.000,
0,63010030,0,0,480,300,315621,90,0,63010030,2025-06-04 08:37:49.201,10,2025-06-02 22:00:01.284,0.0,30,30,-1,60000,5,1,0,8,372.9784,0,17.819592,177f2f6c-81bc-49b0-9c8b-f236c9d4abe8.extra_data.json,6ELqGFWjt8,6800,com.sec.android.app.shealth,308821,86400000,177f2f6c-81bc-49b0-9c8b-f236c9d4abe8,2025-06-03 00:00:00.000,
0,63010030,0,0,0,300,0,90,0,63010030,2025-06-04 12:09:52.487,10,2025-06-04 00:03:40.351,0.0,30,30,-1,0,0,0,0,8,0.0,0,0.0,c2217dde-fb12-4de7-92b7-3287e09fd506.extra_data.json,6ELqGFWjt8,0,com.sec.android.app.shealth,0,86400000,c2217dde-fb12-4de7-92b7-3287e09fd506,2025-06-04 00:00:00.000,
