com.samsung.health.movement,6301003,1
create_sh_ver,start_time,custom,binning_data,modify_sh_ver,update_time,create_time,time_offset,deviceuuid,comment,pkg_name,end_time,datauuid
62910051,2025-05-14 10:05:00.000,,435a6f7b-5207-468f-a54b-e3a04c47a8b4.binning_data.json,62910051,2025-05-14 11:06:08.033,2025-05-14 10:25:58.019,UTC+0200,HFrhKp8clb,,com.sec.android.app.shealth,2025-05-14 10:59:59.999,435a6f7b-5207-468f-a54b-e3a04c47a8b4,
62910051,2025-05-14 11:00:00.000,,0f9f346f-37d7-4fdb-822c-5e4fe160a99f.binning_data.json,62910051,2025-05-14 12:06:23.104,2025-05-14 11:06:08.038,UTC+0200,HFrhKp8clb,,com.sec.android.app.shealth,2025-05-14 11:59:59.999,0f9f346f-37d7-4fdb-822c-5e4fe160a99f,
62910051,2025-05-14 12:00:00.000,,ae4954cc-5e70-4394-a40a-34c895f3a90b.binning_data.json,62910051,2025-05-14 13:06:37.292,2025-05-14 12:06:23.109,UTC+0200,HFrhKp8clb,,com.sec.android.app.shealth,2025-05-14 12:59:59.999,ae4954cc-5e70-4394-a40a-34c895f3a90b,
62910051,2025-05-14 13:00:00.000,,c1d87682-317a-47db-a520-0143a0eded67.binning_data.json,62910051,2025-05-14 14:06:51.705,2025-05-14 13:06:37.297,UTC+0200,HFrhKp8clb,,com.sec.android.app.shealth,2025-05-14 13:59:59.999,c1d87682-317a-47db-a520-0143a0eded67,
62910051,2025-05-14 14:00:00.000,,0ed490a7-4623-4ca2-977e-676276b4373b.binning_data.json,62910051,2025-05-14 15:07:06.605,2025-05-14 14:06:51.710,UTC+0200,HFrhKp8clb,,com.sec.android.app.shealth,2025-05-14 14:59:59.999,0ed490a7-4623-4ca2-977e-676276b4373b,
62910051,2025-05-14 15:00:00.000,,dd94258a-7139-4722-a24c-35ceb47025ec.binning_data.json,62910051,2025-05-14 16:07:19.877,2025-05-14 15:07:06.612,UTC+0200,HFrhKp8clb,,com.sec.android.app.shealth,2025-05-14 15:59:59.999,dd94258a-7139-4722-a24c-35ceb47025ec,
62910051,2025-05-14 16:00:00.000,,df1174b2-e82f-46a6-b836-61ce0a75ccd4.binning_data.json,62910051,2025-05-14 17:07:32.403,2025-05-14 16:07:19.884,UTC+0200,HFrhKp8clb,,com.sec.android.app.shealth,2025-05-14 16:59:59.999,df1174b2-e82f-46a6-b836-61ce0a75ccd4,
62910051,2025-05-14 17:00:00.000,,2b9fdfa2-b867-47c1-803a-4cd7736dfb6c.binning_data.json,62910051,2025-05-14 18:07:47.313,2025-05-14 17:07:32.415,UTC+0200,HFrhKp8clb,,com.sec.android.app.shealth,2025-05-14 17:59:59.999,2b9fdfa2-b867-47c1-803a-4cd7736dfb6c,
62910051,2025-05-14 18:00:00.000,,228397c9-4b6f-498c-a8a6-e127d309854c.binning_data.json,62910051,2025-05-14 19:08:02.681,2025-05-14 18:07:47.320,UTC+0200,HFrhKp8clb,,com.sec.android.app.shealth,2025-05-14 18:59:59.999,228397c9-4b6f-498c-a8a6-e127d309854c,
62910051,2025-05-14 19:00:00.000,,f906e738-6051-423c-86ce-20eda745240c.binning_data.json,62910051,2025-05-14 20:08:18.727,2025-05-14 19:08:02.686,UTC+0200,HFrhKp8clb,,com.sec.android.app.shealth,2025-05-14 19:59:59.999,f906e738-6051-423c-86ce-20eda745240c,
62910051,2025-05-14 20:00:00.000,,4fb353d5-2632-400d-81d2-ff5c284f3cab.binning_data.json,62910051,2025-05-14 21:08:34.513,2025-05-14 20:08:18.827,UTC+0200,HFrhKp8clb,,com.sec.android.app.shealth,2025-05-14 20:59:59.999,4fb353d5-2632-400d-81d2-ff5c284f3cab,
62910051,2025-05-14 21:00:00.000,,a019e809-05c2-40ed-b2dd-290df2b01dca.binning_data.json,62910051,2025-05-14 22:08:49.614,2025-05-14 21:08:34.518,UTC+0200,HFrhKp8clb,,com.sec.android.app.shealth,2025-05-14 21:59:59.999,a019e809-05c2-40ed-b2dd-290df2b01dca,
62910051,2025-05-14 22:00:00.000,,83dfacfa-5c6d-41c3-81cf-27af0889d2c8.binning_data.json,62910051,2025-05-14 23:09:05.820,2025-05-14 22:08:49.619,UTC+0200,HFrhKp8clb,,com.sec.android.app.shealth,2025-05-14 22:59:59.999,83dfacfa-5c6d-41c3-81cf-27af0889d2c8,
62910051,2025-05-14 23:00:00.000,,ab2cc4b5-b0e1-410d-8a58-bb300174dc9f.binning_data.json,62910051,2025-05-15 00:09:22.392,2025-05-14 23:09:05.827,UTC+0200,HFrhKp8clb,,com.sec.android.app.shealth,2025-05-14 23:59:59.999,ab2cc4b5-b0e1-410d-8a58-bb300174dc9f,
62910051,2025-05-15 00:00:00.000,,d548c25e-7ce7-45d3-b3b4-da950b3d3509.binning_data.json,62910051,2025-05-15 01:09:38.502,2025-05-15 00:09:22.398,UTC+0200,HFrhKp8clb,,com.sec.android.app.shealth,2025-05-15 00:59:59.999,d548c25e-7ce7-45d3-b3b4-da950b3d3509,
62910051,2025-05-15 01:00:00.000,,f59d5560-cbe1-42ca-a300-d7348b8f88e9.binning_data.json,62910051,2025-05-15 02:09:54.807,2025-05-15 01:09:38.508,UTC+0200,HFrhKp8clb,,com.sec.android.app.shealth,2025-05-15 01:59:59.999,f59d5560-cbe1-42ca-a300-d7348b8f88e9,
62910051,2025-05-15 02:00:00.000,,6b1683dd-7a2a-4d02-8e39-49c45763b468.binning_data.json,62910051,2025-05-15 03:10:11.225,2025-05-15 02:09:54.827,UTC+0200,HFrhKp8clb,,com.sec.android.app.shealth,2025-05-15 02:59:59.999,6b1683dd-7a2a-4d02-8e39-49c45763b468,
62910051,2025-05-15 03:00:00.000,,8caf15b8-bae4-484e-a573-8da82b985b4e.binning_data.json,62910051,2025-05-15 04:10:27.338,2025-05-15 03:10:11.340,UTC+0200,HFrhKp8clb,,com.sec.android.app.shealth,2025-05-15 03:59:59.999,8caf15b8-bae4-484e-a573-8da82b985b4e,
62910051,2025-05-15 04:00:00.000,,fd4e0304-7556-496a-b6a9-2ba60f21d850.binning_data.json,62910051,2025-05-15 05:10:42.806,2025-05-15 04:10:27.352,UTC+0200,HFrhKp8clb,,com.sec.android.app.shealth,2025-05-15 04:59:59.999,fd4e0304-7556-496a-b6a9-2ba60f21d850,
62910051,2025-05-15 05:00:00.000,,f5d29147-2f0f-48ee-9e49-5134dcd459e0.binning_data.json,62910051,2025-05-15 06:10:57.258,2025-05-15 05:10:42.905,UTC+0200,HFrhKp8clb,,com.sec.android.app.shealth,2025-05-15 05:59:59.999,f5d29147-2f0f-48ee-9e49-5134dcd459e0,
62910051,2025-05-15 06:00:00.000,,04daf443-7cb9-45be-b9a9-312be81b3935.binning_data.json,62910051,2025-05-15 07:11:10.385,2025-05-15 06:10:57.269,UTC+0200,HFrhKp8clb,,com.sec.android.app.shealth,2025-05-15 06:59:59.999,04daf443-7cb9-45be-b9a9-312be81b3935,
62910051,2025-05-15 07:00:00.000,,c53cf140-c11d-4ed4-9e2a-1c0a633f6e1b.binning_data.json,62910051,2025-05-15 08:11:23.881,2025-05-15 07:11:10.393,UTC+0200,HFrhKp8clb,,com.sec.android.app.shealth,2025-05-15 07:59:59.999,c53cf140-c11d-4ed4-9e2a-1c0a633f6e1b,
62910051,2025-05-15 08:00:00.000,,ab1cbdc2-ff41-4efe-8903-080f3ebd2255.binning_data.json,62910051,2025-05-15 08:19:21.986,2025-05-15 08:11:23.886,UTC+0200,HFrhKp8clb,,com.sec.android.app.shealth,2025-05-15 08:31:59.999,ab1cbdc2-ff41-4efe-8903-080f3ebd2255,
62910051,2025-05-19 07:07:00.000,,77dc2758-4db3-4288-9a2c-2395a1e8ca9a.binning_data.json,62910051,2025-05-19 08:07:43.206,2025-05-19 07:27:51.856,UTC+0200,HFrhKp8clb,,com.sec.android.app.shealth,2025-05-19 07:59:59.999,77dc2758-4db3-4288-9a2c-2395a1e8ca9a,
62910051,2025-05-19 08:00:00.000,,ed99993d-589d-48d2-8975-b9544d6e200c.binning_data.json,62910051,2025-05-19 09:07:46.633,2025-05-19 08:07:43.322,UTC+0200,HFrhKp8clb,,com.sec.android.app.shealth,2025-05-19 08:59:59.999,ed99993d-589d-48d2-8975-b9544d6e200c,
62910051,2025-05-19 09:00:00.000,,e4fdb237-7478-4703-9ffd-4e5765e8abf9.binning_data.json,62910051,2025-05-19 10:07:50.956,2025-05-19 09:07:46.642,UTC+0200,HFrhKp8clb,,com.sec.android.app.shealth,2025-05-19 09:59:59.999,e4fdb237-7478-4703-9ffd-4e5765e8abf9,
62910051,2025-05-19 10:00:00.000,,05de700e-86a5-40d3-b476-192149f9c54a.binning_data.json,62910051,2025-05-19 11:07:55.218,2025-05-19 10:07:50.965,UTC+0200,HFrhKp8clb,,com.sec.android.app.shealth,2025-05-19 10:59:59.999,05de700e-86a5-40d3-b476-192149f9c54a,
62910051,2025-05-19 11:00:00.000,,cd496167-119e-47ec-8f2c-d1bdfdf6bf5d.binning_data.json,62910051,2025-05-19 12:07:59.626,2025-05-19 11:07:55.226,UTC+0200,HFrhKp8clb,,com.sec.android.app.shealth,2025-05-19 11:59:59.999,cd496167-119e-47ec-8f2c-d1bdfdf6bf5d,
62910051,2025-05-19 12:00:00.000,,c9d904cc-4bf0-46f4-a280-0ab8e56321e1.binning_data.json,62910051,2025-05-19 13:08:03.949,2025-05-19 12:07:59.632,UTC+0200,HFrhKp8clb,,com.sec.android.app.shealth,2025-05-19 12:59:59.999,c9d904cc-4bf0-46f4-a280-0ab8e56321e1,
62910051,2025-05-19 13:00:00.000,,a8a06d0e-55b7-46a9-8fcd-14227839d13f.binning_data.json,62910051,2025-05-19 14:08:08.294,2025-05-19 13:08:03.959,UTC+0200,HFrhKp8clb,,com.sec.android.app.shealth,2025-05-19 13:59:59.999,a8a06d0e-55b7-46a9-8fcd-14227839d13f,
62910051,2025-05-19 14:00:00.000,,8d32b6ed-761a-49b0-a44c-5f552486ba0e.binning_data.json,62910051,2025-05-19 15:08:11.589,2025-05-19 14:08:08.300,UTC+0200,HFrhKp8clb,,com.sec.android.app.shealth,2025-05-19 14:59:59.999,8d32b6ed-761a-49b0-a44c-5f552486ba0e,
62910051,2025-05-19 15:00:00.000,,bb42d526-6c43-4c54-9741-82133e58c3ca.binning_data.json,62910051,2025-05-19 16:08:16.424,2025-05-19 15:08:11.710,UTC+0200,HFrhKp8clb,,com.sec.android.app.shealth,2025-05-19 15:59:59.999,bb42d526-6c43-4c54-9741-82133e58c3ca,
62910051,2025-05-19 16:00:00.000,,d7978e99-5a6b-4657-a5c0-0dcc6aa0610d.binning_data.json,62910051,2025-05-19 17:08:21.065,2025-05-19 16:08:16.440,UTC+0200,HFrhKp8clb,,com.sec.android.app.shealth,2025-05-19 16:59:59.999,d7978e99-5a6b-4657-a5c0-0dcc6aa0610d,
62910051,2025-05-19 17:00:00.000,,51b729fc-2475-44e6-acb3-4edf285a38d6.binning_data.json,62910051,2025-05-19 18:08:25.448,2025-05-19 17:08:21.072,UTC+0200,HFrhKp8clb,,com.sec.android.app.shealth,2025-05-19 17:59:59.999,51b729fc-2475-44e6-acb3-4edf285a38d6,
62910051,2025-05-19 18:00:00.000,,3e911f15-330c-4f95-af39-23e3548ad720.binning_data.json,62910051,2025-05-19 19:08:29.169,2025-05-19 18:08:25.455,UTC+0200,HFrhKp8clb,,com.sec.android.app.shealth,2025-05-19 18:59:59.999,3e911f15-330c-4f95-af39-23e3548ad720,
62910051,2025-05-19 19:00:00.000,,8d248d0e-cc39-4442-876e-9ff52bd0a35d.binning_data.json,62910051,2025-05-19 20:08:33.225,2025-05-19 19:08:29.176,UTC+0200,HFrhKp8clb,,com.sec.android.app.shealth,2025-05-19 19:59:59.999,8d248d0e-cc39-4442-876e-9ff52bd0a35d,
62910051,2025-05-19 20:00:00.000,,75b520b1-5bfa-49e1-9856-b10afa92e84b.binning_data.json,62910051,2025-05-19 21:08:38.320,2025-05-19 20:08:33.232,UTC+0200,HFrhKp8clb,,com.sec.android.app.shealth,2025-05-19 20:59:59.999,75b520b1-5bfa-49e1-9856-b10afa92e84b,
62910051,2025-05-19 21:00:00.000,,6b982933-fc32-47cb-9a72-50a3d781410f.binning_data.json,62910051,2025-05-19 21:15:55.247,2025-05-19 21:08:38.326,UTC+0200,HFrhKp8clb,,com.sec.android.app.shealth,2025-05-19 21:27:59.999,6b982933-fc32-47cb-9a72-50a3d781410f,
62910051,2025-05-20 07:08:00.000,,68f4dfd2-0274-4ae6-bda1-51bd561039cb.binning_data.json,62910051,2025-05-20 08:02:58.605,2025-05-20 07:28:30.851,UTC+0200,HFrhKp8clb,,com.sec.android.app.shealth,2025-05-20 07:59:59.999,68f4dfd2-0274-4ae6-bda1-51bd561039cb,
62910051,2025-05-20 08:00:00.000,,f728cb54-8a64-4966-988e-65cac2f07f0d.binning_data.json,62910051,2025-05-20 08:02:58.620,2025-05-20 08:02:58.620,UTC+0200,HFrhKp8clb,,com.sec.android.app.shealth,2025-05-20 08:08:59.999,f728cb54-8a64-4966-988e-65cac2f07f0d,
62980011,2025-05-29 06:59:00.000,,69f35ac6-3096-490a-9536-3a7b92b25795.binning_data.json,62980011,2025-05-29 07:03:42.042,2025-05-29 07:03:42.042,UTC+0200,HFrhKp8clb,,com.sec.android.app.shealth,2025-05-29 06:59:59.999,69f35ac6-3096-490a-9536-3a7b92b25795,
62980011,2025-05-29 07:00:00.000,,2803e714-46b8-4c24-a27e-c8a36b53cc88.binning_data.json,62980011,2025-05-29 07:03:42.050,2025-05-29 07:03:42.050,UTC+0200,HFrhKp8clb,,com.sec.android.app.shealth,2025-05-29 07:18:59.999,2803e714-46b8-4c24-a27e-c8a36b53cc88,
62980011,2025-05-30 09:08:00.000,,9b5d5d8c-c13a-4a42-be46-c115d0b9997d.binning_data.json,62980011,2025-05-30 09:27:32.371,2025-05-30 09:27:32.371,UTC+0200,HFrhKp8clb,,com.sec.android.app.shealth,2025-05-30 09:27:59.999,9b5d5d8c-c13a-4a42-be46-c115d0b9997d,
62980011,2025-06-02 18:53:00.000,,ce68b19f-58d2-452d-a573-17bdf348d047.binning_data.json,62980011,2025-06-02 19:19:20.806,2025-06-02 18:54:44.671,UTC+0200,HFrhKp8clb,,com.sec.android.app.shealth,2025-06-02 18:59:59.999,ce68b19f-58d2-452d-a573-17bdf348d047,
62980011,2025-06-02 19:00:00.000,,e8e3953a-0c67-4904-80d4-821398f2c838.binning_data.json,62980011,2025-06-02 20:19:21.307,2025-06-02 18:54:44.676,UTC+0200,HFrhKp8clb,,com.sec.android.app.shealth,2025-06-02 19:59:59.999,e8e3953a-0c67-4904-80d4-821398f2c838,
62980011,2025-06-02 20:00:00.000,,133332ae-2d62-415a-b2da-48cba5a843ae.binning_data.json,62980011,2025-06-02 21:19:23.494,2025-06-02 20:19:21.323,UTC+0200,HFrhKp8clb,,com.sec.android.app.shealth,2025-06-02 20:59:59.999,133332ae-2d62-415a-b2da-48cba5a843ae,
62980011,2025-06-02 21:00:00.000,,0a107015-41e0-46e9-9cc9-d7551432e2f5.binning_data.json,62980011,2025-06-02 21:36:42.308,2025-06-02 21:19:23.507,UTC+0200,HFrhKp8clb,,com.sec.android.app.shealth,2025-06-02 21:38:59.999,0a107015-41e0-46e9-9cc9-d7551432e2f5,
