com.samsung.shealth.calories_burned.details,6301003,4
active_calories_goal,version,extra_data,exercise_calories,total_exercise_calories,com.samsung.shealth.calories_burned.create_sh_ver,com.samsung.shealth.calories_burned.tef_calorie,com.samsung.shealth.calories_burned.active_time,com.samsung.shealth.calories_burned.rest_calorie,com.samsung.shealth.calories_burned.modify_sh_ver,com.samsung.shealth.calories_burned.update_time,com.samsung.shealth.calories_burned.create_time,com.samsung.shealth.calories_burned.active_calorie,com.samsung.shealth.calories_burned.deviceuuid,com.samsung.shealth.calories_burned.pkg_name,com.samsung.shealth.calories_burned.datauuid,com.samsung.shealth.calories_burned.day_time
,,b0362383-2947-468e-99fe-c6ca812996ff.extra_data.json,,131.0,62950170,0.0,3295318,1570.7861,63010030,2025-06-04 08:37:56.435,2025-05-14 16:20:31.952,236.4321,6ELqGFWjt8,com.sec.android.app.shealth,b0362383-2947-468e-99fe-c6ca812996ff,1747180800000,
,,be4282b4-fd2b-43e2-bb49-3963b1673324.extra_data.json,,0.0,62950170,0.0,0,1633.0719,63010030,2025-06-04 08:37:56.402,2025-05-14 16:20:35.351,0.0,6ELqGFWjt8,com.sec.android.app.shealth,be4282b4-fd2b-43e2-bb49-3963b1673324,1747094400000,
,,9eb49d58-b814-4ab9-93de-c41365f28321.extra_data.json,,0.0,62950170,0.0,0,1633.0719,63010030,2025-06-04 08:37:56.367,2025-05-14 16:20:35.980,0.0,6ELqGFWjt8,com.sec.android.app.shealth,9eb49d58-b814-4ab9-93de-c41365f28321,1747008000000,
,,ca4e12ef-4f3f-49a6-88bb-c787d06dfe33.extra_data.json,,0.0,62950170,0.0,0,1633.0719,63010030,2025-06-04 08:37:56.319,2025-05-14 16:20:36.648,0.0,6ELqGFWjt8,com.sec.android.app.shealth,ca4e12ef-4f3f-49a6-88bb-c787d06dfe33,1746921600000,
,,531adb49-50f5-492b-9689-c0f1cc8671fd.extra_data.json,,0.0,62950170,0.0,0,1633.0719,63010030,2025-06-04 08:37:56.265,2025-05-14 16:20:37.887,0.0,6ELqGFWjt8,com.sec.android.app.shealth,531adb49-50f5-492b-9689-c0f1cc8671fd,1746835200000,
,,51be0cbf-1c79-4c4e-b17a-194d62764c38.extra_data.json,,0.0,62950170,0.0,0,1633.0719,63010030,2025-06-04 08:37:56.177,2025-05-14 16:20:38.434,0.0,6ELqGFWjt8,com.sec.android.app.shealth,51be0cbf-1c79-4c4e-b17a-194d62764c38,1746748800000,
,,639f528b-ab6a-44c1-9981-b42297a31565.extra_data.json,,0.0,62950170,0.0,0,1633.0719,63010030,2025-06-04 08:37:56.105,2025-05-14 16:20:38.798,0.0,6ELqGFWjt8,com.sec.android.app.shealth,639f528b-ab6a-44c1-9981-b42297a31565,1746662400000,
,,f20b7773-ecaa-4260-90d6-b46d29a57aa6.extra_data.json,,0.0,62950170,0.0,0,1633.0719,63010030,2025-06-01 12:03:18.129,2025-05-14 16:20:39.293,0.0,6ELqGFWjt8,com.sec.android.app.shealth,f20b7773-ecaa-4260-90d6-b46d29a57aa6,1746576000000,
,,44c2340a-ca2e-4f29-a694-48fd6bc566d7.extra_data.json,,0.0,62950170,0.0,0,1633.0719,62950170,2025-05-14 16:20:56.878,2025-05-14 16:20:39.347,0.0,6ELqGFWjt8,com.sec.android.app.shealth,44c2340a-ca2e-4f29-a694-48fd6bc566d7,1744848000000,
,,9248a5ec-bec8-47ed-bcbd-05bf71b59b20.extra_data.json,,0.0,62950170,0.0,0,1633.0719,62950170,2025-05-14 16:20:56.901,2025-05-14 16:20:39.374,0.0,6ELqGFWjt8,com.sec.android.app.shealth,9248a5ec-bec8-47ed-bcbd-05bf71b59b20,1744934400000,
,,df08ec34-36be-4542-b6f5-69d92c1e9a4a.extra_data.json,,0.0,62950170,0.0,0,1633.0719,62950170,2025-05-14 16:20:56.923,2025-05-14 16:20:39.390,0.0,6ELqGFWjt8,com.sec.android.app.shealth,df08ec34-36be-4542-b6f5-69d92c1e9a4a,1745020800000,
,,c468b772-963d-4972-a24f-4e5dacca504b.extra_data.json,,0.0,62950170,0.0,0,1633.0719,62950170,2025-05-14 16:20:56.949,2025-05-14 16:20:39.461,0.0,6ELqGFWjt8,com.sec.android.app.shealth,c468b772-963d-4972-a24f-4e5dacca504b,1745107200000,
,,2a77d7f8-0731-46b9-b381-20023042593c.extra_data.json,,0.0,62950170,0.0,0,1633.0719,62950170,2025-05-14 16:20:56.976,2025-05-14 16:20:39.466,0.0,6ELqGFWjt8,com.sec.android.app.shealth,2a77d7f8-0731-46b9-b381-20023042593c,1745193600000,
,,21eb7540-5914-4d4a-920a-34429b2a21b4.extra_data.json,,0.0,62950170,0.0,0,1633.0719,62950170,2025-05-19 08:20:41.105,2025-05-14 16:20:39.497,0.0,6ELqGFWjt8,com.sec.android.app.shealth,21eb7540-5914-4d4a-920a-34429b2a21b4,1745280000000,
,,da2fecb4-c741-4544-bfba-dbed67e1137a.extra_data.json,,0.0,62950170,0.0,0,1633.0719,62950170,2025-05-19 08:20:41.266,2025-05-14 16:20:39.529,0.0,6ELqGFWjt8,com.sec.android.app.shealth,da2fecb4-c741-4544-bfba-dbed67e1137a,1745366400000,
,,ef4d43bd-1ab8-4060-847c-47338dd2aea4.extra_data.json,,0.0,62950170,0.0,0,1633.0719,62950170,2025-05-19 08:20:41.400,2025-05-14 16:20:39.566,0.0,6ELqGFWjt8,com.sec.android.app.shealth,ef4d43bd-1ab8-4060-847c-47338dd2aea4,1745452800000,
,,64a85c86-67f4-4eef-b7d6-9c2e637a81d6.extra_data.json,,0.0,62950170,0.0,0,1633.0719,62950170,2025-05-22 07:47:47.300,2025-05-14 16:20:39.609,0.0,6ELqGFWjt8,com.sec.android.app.shealth,64a85c86-67f4-4eef-b7d6-9c2e637a81d6,1745539200000,
,,74c0ef8b-f90c-49bd-b770-2c6a1436f900.extra_data.json,,0.0,62950170,0.0,0,1633.0719,63010030,2025-06-01 12:03:18.082,2025-05-14 16:20:39.622,0.0,6ELqGFWjt8,com.sec.android.app.shealth,74c0ef8b-f90c-49bd-b770-2c6a1436f900,1746489600000,
,,a39a9218-a6af-44d7-b148-38f1608b3efc.extra_data.json,,0.0,62950170,0.0,0,1633.0719,62950170,2025-05-22 07:47:47.956,2025-05-14 16:20:39.633,0.0,6ELqGFWjt8,com.sec.android.app.shealth,a39a9218-a6af-44d7-b148-38f1608b3efc,1745625600000,
,,4c4d0f84-16bb-4566-97c7-983e924bccee.extra_data.json,,0.0,62950170,0.0,0,1633.0719,62950170,2025-05-22 07:47:48.440,2025-05-14 16:20:39.652,0.0,6ELqGFWjt8,com.sec.android.app.shealth,4c4d0f84-16bb-4566-97c7-983e924bccee,1745712000000,
,,ec5ed813-9331-4372-a9e4-84cf1b824e57.extra_data.json,,0.0,62950170,0.0,0,1633.0719,62950170,2025-05-22 07:47:48.737,2025-05-14 16:20:39.666,0.0,6ELqGFWjt8,com.sec.android.app.shealth,ec5ed813-9331-4372-a9e4-84cf1b824e57,1745798400000,
,,3bd65c58-445b-4d97-8f8a-af8f707188fa.extra_data.json,,0.0,62950170,0.0,0,1633.0719,62950170,2025-05-26 10:37:31.800,2025-05-14 16:20:39.737,0.0,6ELqGFWjt8,com.sec.android.app.shealth,3bd65c58-445b-4d97-8f8a-af8f707188fa,1745884800000,
,,f18fd35b-45a1-4e3e-9cc8-bad3c85d36fe.extra_data.json,,0.0,62950170,0.0,0,1633.0719,62950170,2025-05-26 10:37:31.851,2025-05-14 16:20:39.786,0.0,6ELqGFWjt8,com.sec.android.app.shealth,f18fd35b-45a1-4e3e-9cc8-bad3c85d36fe,1745971200000,
,,05986257-c492-45a1-8585-157f2b0b155b.extra_data.json,,0.0,62950170,0.0,0,1633.0719,62950170,2025-05-26 10:37:31.892,2025-05-14 16:20:39.838,0.0,6ELqGFWjt8,com.sec.android.app.shealth,05986257-c492-45a1-8585-157f2b0b155b,1746057600000,
,,4279e0f3-5248-414a-bf8e-73ef00f2f799.extra_data.json,,0.0,62950170,0.0,0,1633.0719,62950170,2025-05-26 10:37:31.930,2025-05-14 16:20:39.861,0.0,6ELqGFWjt8,com.sec.android.app.shealth,4279e0f3-5248-414a-bf8e-73ef00f2f799,1746144000000,
,,69398c18-308a-4f39-ad08-67cfcc359b7c.extra_data.json,,0.0,62950170,0.0,0,1633.0719,62950170,2025-05-26 10:37:31.991,2025-05-14 16:20:39.871,0.0,6ELqGFWjt8,com.sec.android.app.shealth,69398c18-308a-4f39-ad08-67cfcc359b7c,1746230400000,
,,eea33eb3-f578-441f-a4a5-1f5827b43ad4.extra_data.json,,0.0,62950170,0.0,0,1633.0719,62950170,2025-05-26 10:37:32.097,2025-05-14 16:20:39.894,0.0,6ELqGFWjt8,com.sec.android.app.shealth,eea33eb3-f578-441f-a4a5-1f5827b43ad4,1746316800000,
,,b696a163-c267-4251-b7fd-edab737270a5.extra_data.json,,0.0,62950170,0.0,0,1633.0719,63010030,2025-06-01 12:03:18.035,2025-05-14 16:20:40.037,0.0,6ELqGFWjt8,com.sec.android.app.shealth,b696a163-c267-4251-b7fd-edab737270a5,1746403200000,
,,5aa53db7-79ea-46f8-bb45-8333f7f5502e.extra_data.json,,0.0,62950170,0.0,2154613,1592.3469,63010030,2025-06-04 08:37:56.595,2025-05-19 07:56:34.019,121.51997,6ELqGFWjt8,com.sec.android.app.shealth,5aa53db7-79ea-46f8-bb45-8333f7f5502e,1747612800000,
,,d69e7454-c266-4256-8c95-c985c4d7f41a.extra_data.json,,0.0,62950170,0.0,1095080,1612.3735,63010030,2025-06-04 08:37:56.466,2025-05-19 07:56:38.411,61.47001,6ELqGFWjt8,com.sec.android.app.shealth,d69e7454-c266-4256-8c95-c985c4d7f41a,1747267200000,
,,9e37c7a7-93ed-4309-8cca-2b94da6eda74.extra_data.json,,0.0,62950170,0.0,0,1633.0719,63010030,2025-06-04 08:37:56.496,2025-05-19 07:56:38.432,0.0,6ELqGFWjt8,com.sec.android.app.shealth,9e37c7a7-93ed-4309-8cca-2b94da6eda74,1747353600000,
,,0fafdbfe-a374-4ed7-8824-37580713f82d.extra_data.json,,0.0,62950170,0.0,0,1633.0719,63010030,2025-06-04 08:37:56.525,2025-05-19 07:56:38.474,0.0,6ELqGFWjt8,com.sec.android.app.shealth,0fafdbfe-a374-4ed7-8824-37580713f82d,1747440000000,
,,9b742351-c48e-42a1-bc28-e2b54492541d.extra_data.json,,0.0,62950170,0.0,0,1633.0719,63010030,2025-06-04 08:37:56.555,2025-05-19 07:56:38.632,0.0,6ELqGFWjt8,com.sec.android.app.shealth,9b742351-c48e-42a1-bc28-e2b54492541d,1747526400000,
,,3828200d-5163-463d-bd2c-baf6fce2ad4d.extra_data.json,,0.0,62950170,0.0,850882,1616.9891,63010030,2025-06-04 08:37:56.674,2025-05-22 07:47:18.521,58.249996,6ELqGFWjt8,com.sec.android.app.shealth,3828200d-5163-463d-bd2c-baf6fce2ad4d,1747699200000,
,,f138d72f-0da3-4d54-99c0-e88b9af12c1f.extra_data.json,,0.0,62950170,0.0,921434,1615.6556,63010030,2025-06-04 08:37:56.744,2025-05-22 07:47:18.645,64.36001,6ELqGFWjt8,com.sec.android.app.shealth,f138d72f-0da3-4d54-99c0-e88b9af12c1f,1747785600000,
,,f64f06f4-0a54-480f-af53-edef4096d894.extra_data.json,,0.0,62950170,0.0,772723,1618.4666,63010030,2025-06-04 08:37:56.790,2025-05-22 07:47:18.662,55.464962,6ELqGFWjt8,com.sec.android.app.shealth,f64f06f4-0a54-480f-af53-edef4096d894,1747872000000,
,,1e05e4be-4327-411d-8bb1-fe19456ec3fc.extra_data.json,,0.0,62950170,0.0,878746,1616.4625,63010030,2025-06-04 08:37:56.833,2025-05-22 22:17:37.191,58.10148,6ELqGFWjt8,com.sec.android.app.shealth,1e05e4be-4327-411d-8bb1-fe19456ec3fc,1747958400000,
,,f2bac5ac-5ba3-4888-9ddb-2984f8a5843c.extra_data.json,,0.0,62950170,0.0,0,1633.0719,63010030,2025-06-04 08:37:56.878,2025-05-23 22:00:01.124,0.0,6ELqGFWjt8,com.sec.android.app.shealth,f2bac5ac-5ba3-4888-9ddb-2984f8a5843c,1748044800000,
,,9dd17058-4249-4a83-a561-735151323e67.extra_data.json,,0.0,62950170,0.0,1082211,1612.6168,63010030,2025-06-04 08:37:57.009,2025-05-26 05:10:36.351,63.2463,6ELqGFWjt8,com.sec.android.app.shealth,9dd17058-4249-4a83-a561-735151323e67,1748217600000,
,,5e50e27c-5eff-4f63-b04c-4f321ee1e92d.extra_data.json,,0.0,62950170,0.0,0,1633.0719,63010030,2025-06-04 08:37:56.941,2025-05-26 05:10:37.942,0.0,6ELqGFWjt8,com.sec.android.app.shealth,5e50e27c-5eff-4f63-b04c-4f321ee1e92d,1748131200000,
,,3aa75053-18b5-4b02-b6a7-dc4ef636f498.extra_data.json,,65.0,62950170,0.0,1874561,1597.6403,63010030,2025-06-04 08:37:57.045,2025-05-27 00:27:14.768,128.19696,6ELqGFWjt8,com.sec.android.app.shealth,3aa75053-18b5-4b02-b6a7-dc4ef636f498,1748304000000,
,,ca13f5bd-3966-443b-9058-42a86f199aff.extra_data.json,,60.0,62950170,0.0,1663751,1601.6249,63010030,2025-06-04 08:37:57.083,2025-05-27 22:05:38.709,122.377106,6ELqGFWjt8,com.sec.android.app.shealth,ca13f5bd-3966-443b-9058-42a86f199aff,1748390400000,
,,9a127f5b-cbad-40fd-8c9f-1cfdc789a8bd.extra_data.json,,0.0,62950170,0.0,0,1633.0719,63010030,2025-06-04 08:37:57.124,2025-05-29 00:01:14.522,0.0,6ELqGFWjt8,com.sec.android.app.shealth,9a127f5b-cbad-40fd-8c9f-1cfdc789a8bd,1748476800000,
,,de932df0-5bb1-422c-ad03-4bbf9790827c.extra_data.json,,0.0,62950170,0.0,720860,1619.4467,63010030,2025-06-04 08:37:57.165,2025-05-29 23:30:38.716,45.59,6ELqGFWjt8,com.sec.android.app.shealth,de932df0-5bb1-422c-ad03-4bbf9790827c,1748563200000,
,,a6767704-2349-4a00-9004-4b2ab1399160.extra_data.json,,0.0,63010030,0.0,0,1633.0719,63010030,2025-06-04 08:37:57.204,2025-05-30 23:55:01.418,0.0,6ELqGFWjt8,com.sec.android.app.shealth,a6767704-2349-4a00-9004-4b2ab1399160,1748649600000,
,,7e054ee4-6dab-4093-ac19-cb49556f7ee1.extra_data.json,,0.0,63010030,0.0,6670,1632.9458,63010030,2025-06-04 08:37:57.245,2025-05-31 23:12:56.538,0.33,6ELqGFWjt8,com.sec.android.app.shealth,7e054ee4-6dab-4093-ac19-cb49556f7ee1,1748736000000,
,,cdfaf3e8-a822-4036-9f8b-2a7f0de628d7.extra_data.json,,0.0,63010030,0.0,3116923,1574.1581,63010030,2025-06-04 08:37:57.358,2025-06-02 01:41:40.297,186.21439,6ELqGFWjt8,com.sec.android.app.shealth,cdfaf3e8-a822-4036-9f8b-2a7f0de628d7,1748822400000,
,,2c24b8c0-217d-4d38-bf2f-70407f2e8c25.extra_data.json,,0.0,63010030,0.0,315621,1627.1062,63010030,2025-06-04 08:37:57.574,2025-06-02 22:00:01.318,17.819592,6ELqGFWjt8,com.sec.android.app.shealth,2c24b8c0-217d-4d38-bf2f-70407f2e8c25,1748908800000,
,,7ed08cc6-0950-4cda-9fa6-a446f235eee8.extra_data.json,,0.0,63010030,0.0,0,963.825,63010030,2025-06-04 12:09:52.548,2025-06-04 00:03:40.526,0.0,6ELqGFWjt8,com.sec.android.app.shealth,7ed08cc6-0950-4cda-9fa6-a446f235eee8,1748995200000,
