com.samsung.shealth.food_frequent,6301003,1
eveningsnack_count,update_time,create_time,morningsnack_count,dinner_count,breakfast_count,deviceuuid,pkg_name,afternoonsnack_count,datauuid,food_info_id,lunch_count
0.99,2025-05-14 16:20:49.801,2025-05-14 16:20:49.801,0.99,0.99,0.99,6ELqGFWjt8,com.sec.android.app.shealth,0.99,da28f940-0557-4679-9df1-996e7919785e,a0ea7563-d31c-4c1f-b0c2-29d830055af1,0.99,
0.95,2025-05-14 16:20:49.801,2025-05-14 16:20:49.801,0.95,0.95,0.95,6ELqGFWjt8,com.sec.android.app.shealth,0.95,4b19d64d-b0ef-4860-b5c5-67ebc56dafdc,f6ab18aa-b810-4206-a023-af82a24678b8,0.95,
0.91,2025-05-14 16:20:49.801,2025-05-14 16:20:49.801,0.91,0.91,0.91,6ELqGFWjt8,com.sec.android.app.shealth,0.91,ca39642e-093d-4723-b31a-062f5870a6dc,cd1f77cb-b0c2-4e85-91b2-6abc011da848,0.91,
0.87,2025-05-14 16:20:49.801,2025-05-14 16:20:49.801,0.87,0.87,0.87,6ELqGFWjt8,com.sec.android.app.shealth,0.87,94a73e6a-b06f-46d6-a18e-620227861d62,c7855f67-5719-4fdd-b029-d1cc6906aa64,0.87,
0.83,2025-05-14 16:20:49.801,2025-05-14 16:20:49.801,0.83,0.83,0.83,6ELqGFWjt8,com.sec.android.app.shealth,0.83,9d6e3842-4818-4338-a7ca-62f4b9426d68,19c7e801-4084-4b0a-aef9-65a7592d0c6b,0.83,
0.79,2025-05-14 16:20:49.801,2025-05-14 16:20:49.801,0.79,0.79,0.79,6ELqGFWjt8,com.sec.android.app.shealth,0.79,ab894547-a0b3-4a3f-9dbe-6abd49a6a2d7,c7cde20e-8c0e-4473-8c27-cac0e0071442,0.79,
0.63,2025-05-14 16:20:49.802,2025-05-14 16:20:49.802,0.63,0.63,0.63,6ELqGFWjt8,com.sec.android.app.shealth,0.63,bd82fb8a-a6c0-4c0a-8fb9-6b0c1764b15d,f40385b1-3498-4099-a417-53de79806022,0.63,
0.75,2025-05-14 16:20:49.802,2025-05-14 16:20:49.802,0.75,0.75,0.75,6ELqGFWjt8,com.sec.android.app.shealth,0.75,72a986ee-684e-48e2-a7dd-d73c36a76452,6722b2c9-8d77-4333-b7b8-7b9d9478f720,0.75,
0.71,2025-05-14 16:20:49.802,2025-05-14 16:20:49.802,0.71,0.71,0.71,6ELqGFWjt8,com.sec.android.app.shealth,0.71,205cd409-9026-41a8-bb42-2d131296894b,bba2cd57-30e6-4abb-98cc-be6210daba55,0.71,
0.67,2025-05-14 16:20:49.802,2025-05-14 16:20:49.802,0.67,0.67,0.67,6ELqGFWjt8,com.sec.android.app.shealth,0.67,c2789761-06dc-4039-8d57-886fc92704d0,97cea377-1793-4de7-8ca2-ce3cdae09f21,0.67,
