age_years,days_from_37th_birthday,score,percent,level_boundary
36,-14,360,38,"[150,342,376,568,708]"
36,-13,362,39,"[150,342,376,568,708]"
36,-12,364,41,"[150,342,376,568,708]"
36,-11,364,41,"[150,342,376,568,708]"
36,-10,366,42,"[150,342,376,568,708]"
37,22,420,55,"[152,346,380,574,714]"
37,23,388,51,"[152,346,380,574,714]"
37,25,380,50,"[152,346,380,574,714]"
37,123,348,26,"[152,346,380,574,714]"
37,124,336,23,"[152,346,380,574,714]"
37,126,338,23,"[152,346,380,574,714]"
37,127,338,23,"[152,346,380,574,714]"
37,128,340,24,"[152,346,380,574,714]"
37,129,340,24,"[152,346,380,574,714]"
37,130,340,24,"[152,346,380,574,714]"
37,131,344,24,"[152,346,380,574,714]"
37,132,344,24,"[152,346,380,574,714]"
37,134,346,25,"[152,346,380,574,714]"
37,135,346,25,"[152,346,380,574,714]"
37,136,346,25,"[152,346,380,574,714]"
37,138,344,24,"[152,346,380,574,714]"
37,139,344,24,"[152,346,380,574,714]"
37,140,344,24,"[152,346,380,574,714]"
37,141,342,24,"[152,346,380,574,714]"
37,142,342,24,"[152,346,380,574,714]"
37,143,340,24,"[152,346,380,574,714]"
37,144,340,24,"[152,346,380,574,714]"
37,145,340,24,"[152,346,380,574,714]"
37,147,344,24,"[152,346,380,574,714]"
37,148,344,24,"[152,346,380,574,714]"
37,149,348,26,"[152,346,380,574,714]"
37,150,350,27,"[152,346,380,574,714]"
37,151,352,29,"[152,346,380,574,714]"
