dataset,schema_version,row_count
com.samsung.health.advanced_glycation_endproduct,"com.samsung.health.advanced_glycation_endproduct,7006011,2",33
com.samsung.health.advanced_glycation_endproduct.raw,"com.samsung.health.advanced_glycation_endproduct.raw,7006011,2",50
com.samsung.health.antioxidant,"com.samsung.health.antioxidant,7006011,3",31
com.samsung.health.device_profile,"com.samsung.health.device_profile,7006011,9",10
com.samsung.health.floors_climbed,"com.samsung.health.floors_climbed,7006011,7",171
com.samsung.health.food_info,"com.samsung.health.food_info,7006011,7",37
com.samsung.health.food_intake,"com.samsung.health.food_intake,7006011,6",37
com.samsung.health.height,"com.samsung.health.height,7006011,5",9
com.samsung.health.hrv,"com.samsung.health.hrv,7006011,1",430
com.samsung.health.movement,"com.samsung.health.movement,7006011,1",852
com.samsung.health.nutrition,"com.samsung.health.nutrition,7006011,6",38
com.samsung.health.oxygen_saturation.raw,"com.samsung.health.oxygen_saturation.raw,7006011,1",35
com.samsung.health.respiratory_rate,"com.samsung.health.respiratory_rate,7006011,2",51
com.samsung.health.skin_temperature,"com.samsung.health.skin_temperature,7006011,4",50
com.samsung.health.sleep_stage,"com.samsung.health.sleep_stage,7006011,7",4930
com.samsung.health.sound_level,"com.samsung.health.sound_level,7006011,2",81
com.samsung.health.sound_level_summary,"com.samsung.health.sound_level_summary,7006011,2",7
com.samsung.health.user_profile,"com.samsung.health.user_profile,7006011,10",23
com.samsung.health.water_intake,"com.samsung.health.water_intake,7006011,6",50
com.samsung.health.weight,"com.samsung.health.weight,7006011,13",40
com.samsung.shealth.activity.day_summary,"com.samsung.shealth.activity.day_summary,7006011,6",203
com.samsung.shealth.activity_level,"com.samsung.shealth.activity_level,7006011,1",3
com.samsung.shealth.alerted_heart_rate,"com.samsung.shealth.alerted_heart_rate,7006011,2",1
com.samsung.shealth.alerted_stress,"com.samsung.shealth.alerted_stress,7006011,1",22
com.samsung.shealth.badge,"com.samsung.shealth.badge,7006011,1",39
com.samsung.shealth.best_records,"com.samsung.shealth.best_records,7006011,3",17
com.samsung.shealth.body_composition_goal,"com.samsung.shealth.body_composition_goal,7006011,2",2
com.samsung.shealth.breathing,"com.samsung.shealth.breathing,7006011,4",20
com.samsung.shealth.calories_burned.details,"com.samsung.shealth.calories_burned.details,7006011,4",203
com.samsung.shealth.exercise,"com.samsung.shealth.exercise,7006011,18",247
com.samsung.shealth.exercise.custom_exercise,"com.samsung.shealth.exercise.custom_exercise,7006011,1",7
com.samsung.shealth.exercise.extension,"com.samsung.shealth.exercise.extension,7006011,3",22
com.samsung.shealth.exercise.hr_zone,"com.samsung.shealth.exercise.hr_zone,7006011,1",4
com.samsung.shealth.exercise.hr_zone.settings,"com.samsung.shealth.exercise.hr_zone.settings,7006011,1",2
com.samsung.shealth.exercise.max_heart_rate,"com.samsung.shealth.exercise.max_heart_rate,7006011,2",4
com.samsung.shealth.exercise.periodization_training_program,"com.samsung.shealth.exercise.periodization_training_program,7006011,1",1
com.samsung.shealth.exercise.periodization_training_result,"com.samsung.shealth.exercise.periodization_training_result,7006011,1",4
com.samsung.shealth.exercise.periodization_training_schedule,"com.samsung.shealth.exercise.periodization_training_schedule,7006011,1",1
com.samsung.shealth.exercise.recovery_heart_rate,"com.samsung.shealth.exercise.recovery_heart_rate,7006011,2",25
com.samsung.shealth.exercise.routine,"com.samsung.shealth.exercise.routine,7006011,4",1
com.samsung.shealth.exercise.weather,"com.samsung.shealth.exercise.weather,7006011,4",11
com.samsung.shealth.food_goal,"com.samsung.shealth.food_goal,7006011,2",1
com.samsung.shealth.goal_type,"com.samsung.shealth.goal_type,7006011,1",2
com.samsung.shealth.heart_health_score,"com.samsung.shealth.heart_health_score,7006011,1",27
com.samsung.shealth.hsp.references,"com.samsung.shealth.hsp.references,7006011,1",9461
com.samsung.shealth.insight_message,"com.samsung.shealth.insight_message,7006011,3",47
com.samsung.shealth.mean_arterial_pressure,"com.samsung.shealth.mean_arterial_pressure,7006011,1",36
com.samsung.shealth.mood,"com.samsung.shealth.mood,7006011,3",46
com.samsung.shealth.physical_fitness_score,"com.samsung.shealth.physical_fitness_score,7006011,1",22
com.samsung.shealth.physical_fitness_score.mission_workout,"com.samsung.shealth.physical_fitness_score.mission_workout,7006011,1",4
com.samsung.shealth.preferences,"com.samsung.shealth.preferences,7006011,2",180
com.samsung.shealth.program.sleep_coaching.mission,"com.samsung.shealth.program.sleep_coaching.mission,7006011,4",168
com.samsung.shealth.program.sleep_coaching.session,"com.samsung.shealth.program.sleep_coaching.session,7006011,6",1
com.samsung.shealth.report,"com.samsung.shealth.report,7006011,3",2
com.samsung.shealth.service_preferences,"com.samsung.shealth.service_preferences,7006011,1",16
com.samsung.shealth.sleep,"com.samsung.shealth.sleep,7006011,12",96
com.samsung.shealth.sleep_combined,"com.samsung.shealth.sleep_combined,7006011,9",7
com.samsung.shealth.sleep_goal,"com.samsung.shealth.sleep_goal,7006011,4",1
com.samsung.shealth.sleep_raw_data,"com.samsung.shealth.sleep_raw_data,7006011,2",7
com.samsung.shealth.sleep_snoring,"com.samsung.shealth.sleep_snoring,7006011,3",91
com.samsung.shealth.social.friends,"com.samsung.shealth.social.friends,7006011,2",12
com.samsung.shealth.social.leaderboard,"com.samsung.shealth.social.leaderboard,7006011,1",1
com.samsung.shealth.social.public_challenge,"com.samsung.shealth.social.public_challenge,7006011,1",1
com.samsung.shealth.social.public_challenge.detail,"com.samsung.shealth.social.public_challenge.detail,7006011,1",2
com.samsung.shealth.social.public_challenge.history,"com.samsung.shealth.social.public_challenge.history,7006011,1",1
com.samsung.shealth.social.public_challenge.leaderboard,"com.samsung.shealth.social.public_challenge.leaderboard,7006011,1",2
com.samsung.shealth.social.service_status,"com.samsung.shealth.social.service_status,7006011,1",3
com.samsung.shealth.step_daily_trend,"com.samsung.shealth.step_daily_trend,7006011,6",281
com.samsung.shealth.stress,"com.samsung.shealth.stress,7006011,9",474
com.samsung.shealth.stress.histogram,"com.samsung.shealth.stress.histogram,7006011,2",5
com.samsung.shealth.tracker.floors_day_summary,"com.samsung.shealth.tracker.floors_day_summary,7006011,1",34
com.samsung.shealth.tracker.heart_rate,"com.samsung.shealth.tracker.heart_rate,7006011,3",8941
com.samsung.shealth.tracker.oxygen_saturation,"com.samsung.shealth.tracker.oxygen_saturation,7006011,5",58
com.samsung.shealth.tracker.pedometer_day_summary,"com.samsung.shealth.tracker.pedometer_day_summary,7006011,8",281
com.samsung.shealth.tracker.pedometer_recommendation,"com.samsung.shealth.tracker.pedometer_recommendation,7006011,5",6
com.samsung.shealth.tracker.pedometer_step_count,"com.samsung.shealth.tracker.pedometer_step_count,7006011,2",12938
com.samsung.shealth.training_load,"com.samsung.shealth.training_load,7006011,1",660
com.samsung.shealth.training_load.daily,"com.samsung.shealth.training_load.daily,7006011,3",29
com.samsung.shealth.training_load.goal,"com.samsung.shealth.training_load.goal,7006011,1",1
com.samsung.shealth.vitality.nap_data,"com.samsung.shealth.vitality.nap_data,7006011,1",11
com.samsung.shealth.vitality_score,"com.samsung.shealth.vitality_score,7006011,4",31
com.samsung.shealth.vitals.daily,"com.samsung.shealth.vitals.daily,7006011,2",16
