com.samsung.shealth.service_preferences,6305105,1
text_value,service_id,float_value,update_time,create_time,long_value,key,tag,blob_value,int_value,deviceuuid,pkg_name,double_value,datauuid
,,,2025-10-21 19:07:30.967,2025-10-21 19:07:30.967,,oobe.completed,,,1,N7ZG3UhizK,com.sec.android.app.shealth,,9d75881c-a2b8-4252-b10a-97304fd210b7,
,tracker.cycle,,2025-10-21 19:07:31.071,2025-10-21 19:07:31.071,,cycle.shd_consent_status,,,0,N7ZG3UhizK,com.sec.android.app.shealth,,cycle.shd_consent_status,
,tracker.medication,,2025-10-21 19:07:31.139,2025-10-21 19:07:31.139,,medication.shd_consent_status,,,0,N7ZG3UhizK,com.sec.android.app.shealth,,medication.shd_consent_status,
"{""05-measure.period"":2,""05-alert.high.enable"":0,""05-alert.low.enable"":0,""08-measure.period"":1,""10-measure.period"":1,""06-skin_temp_enable"":0,""06-snore_setting"":0,""06-snore_setting_new"":0,""37-skin_temp_enable"":0,""34-detection.workout.enable"":0,""44-age.setting.enable"":0,""08-alert.high.enable"":0}",app.settings,,2025-10-21 19:11:25.793,2025-10-21 19:11:25.793,,psm_plus_settings,,,,52AmZFQIp0,com.sec.android.app.shealth,,psm_plus_settings,
"{""05-measure.period"":2,""05-alert.high.enable"":0,""05-alert.low.enable"":0,""08-measure.period"":1,""10-measure.period"":1,""06-skin_temp_enable"":0,""06-snore_setting"":0,""06-snore_setting_new"":0,""37-skin_temp_enable"":0,""34-detection.workout.enable"":0,""44-age.setting.enable"":0,""08-alert.high.enable"":0}",app.settings,,2025-10-21 19:11:25.795,2025-10-21 19:11:25.795,,psm_plus_settings_new,,,,52AmZFQIp0,com.sec.android.app.shealth,,psm_plus_settings_new,
,app.settings,,2025-10-22 08:34:36.886,2025-10-21 19:11:25.832,,psm_plus_enable_new,,,0,52AmZFQIp0,com.sec.android.app.shealth,,psm_plus_enable_new,
,app.settings,,2025-10-22 08:34:36.881,2025-10-21 19:11:25.808,,psm_plus_enable,,,0,52AmZFQIp0,com.sec.android.app.shealth,,psm_plus_enable,
,tracker.daily_activity,,2025-10-22 06:14:56.027,2025-10-22 06:14:56.027,1761120896016,da_yesterday_all_checked_time,,,,52AmZFQIp0,com.sec.android.app.shealth,,da_yesterday_all_checked_time,
