com.samsung.shealth.preferences,6305105,2
text_value,service_id,float_value,update_time,create_time,long_value,tag,blob_value,int_value,deviceuuid,pkg_name,double_value,datauuid
,,,2025-10-21 19:07:16.141,2025-10-21 19:07:29.005,,,,1,N7ZG3UhizK,com.sec.android.app.shealth,,settings.location_agreement,
,,,2025-10-21 19:07:09.160,2025-10-21 19:07:29.040,,,,0,N7ZG3UhizK,com.sec.android.app.shealth,,oobe.sensitive_data_available,
,,,2025-10-21 19:07:16.354,2025-10-21 19:07:29.271,,,,1,N7ZG3UhizK,com.sec.android.app.shealth,,settings.personalization_agreement,
,,,2025-10-21 19:07:16.213,2025-10-21 19:07:29.300,,,,1,N7ZG3UhizK,com.sec.android.app.shealth,,settings.marketing_agreement,
,,,2025-10-21 19:07:29.499,2025-10-21 19:07:29.543,,,,0,N7ZG3UhizK,com.sec.android.app.shealth,,boost.card.selected_category,
,,,2025-10-21 19:07:29.500,2025-10-21 19:07:29.551,1761073649500,,,,N7ZG3UhizK,com.sec.android.app.shealth,,mow.selected_time,
,,,2025-10-21 19:07:30.832,2025-10-21 19:07:30.876,,,,0,N7ZG3UhizK,com.sec.android.app.shealth,,oobe.sensitive_data_agreement,
0,tracker.exercise,,2025-10-21 19:07:33.158,2025-10-21 19:07:34.062,,,,,N7ZG3UhizK,com.sec.android.app.shealth,,34-badges.DB.update,
,,,2025-10-21 19:07:33.267,2025-10-21 19:07:34.076,,,,3,N7ZG3UhizK,com.sec.android.app.shealth,,oobe.shd_access_authority_status,
,tracker.sleep,,2025-10-21 19:07:33.743,2025-10-21 19:07:34.229,,,,0,N7ZG3UhizK,com.sec.android.app.shealth,,06-snore_setting_new,
,tracker.sleep,,2025-10-21 19:07:33.842,2025-10-21 19:07:34.259,,,,0,N7ZG3UhizK,com.sec.android.app.shealth,,06-snore.setting.option_new,
,tracker.exercise,,2025-10-21 19:07:34.001,2025-10-21 19:07:34.407,,,,0,N7ZG3UhizK,com.sec.android.app.shealth,,34-cumulative.values.reset,
,tracker.sleep,,2025-10-24 07:05:49.460,2025-10-21 19:07:35.150,,,,,N7ZG3UhizK,com.sec.android.app.shealth,,sleep_guidance_updated_bed_time,
,,,2025-10-22 00:41:21.360,2025-10-21 19:07:35.910,1759276799999,,,,N7ZG3UhizK,com.sec.android.app.shealth,,shealth.6.29.upgrade.date,
pemesa02.champollion@gmail.com,app.settings,,2025-10-21 19:00:28.897,2025-10-21 19:00:28.897,,,,,52AmZFQIp0,com.sec.android.app.shealth,,72-wearable.samsung_account_id,
,tracker.heartrate,,2025-10-21 19:17:16.260,2025-10-21 19:17:16.260,,,,0,N7ZG3UhizK,com.sec.android.app.shealth,,05-measure.period,
,tracker.stress,,2025-10-21 19:17:19.985,2025-10-21 19:17:19.985,,,,0,N7ZG3UhizK,com.sec.android.app.shealth,,08-measure.period,
,tracker.age,,2025-10-21 21:25:15.128,2025-10-21 21:25:15.201,,,,0,N7ZG3UhizK,com.sec.android.app.shealth,,44-age.last.labs.support,
,tracker.exercise,,2025-10-22 06:03:31.580,2025-10-22 06:03:31.598,1761091200000,,,,N7ZG3UhizK,com.sec.android.app.shealth,,34-streak.initiation.date,
,,,2025-10-24 07:05:54.879,2025-10-24 07:05:55.280,,,,1,N7ZG3UhizK,com.sec.android.app.shealth,,step.detectworkout_switch,
