com.samsung.health.user_profile,6305105,10
text_value,create_sh_ver,float_value,modify_sh_ver,update_time,create_time,long_value,key,blob_value,int_value,deviceuuid,pkg_name,double_value,datauuid
kg,,,,1970-01-01 00:00:00.001,1970-01-01 00:00:00.001,,weight_unit,,,N7ZG3UhizK,com.sec.android.app.shealth,,00000000-0000-0000-0000-000000000007,
cm,,,,1970-01-01 00:00:00.001,1970-01-01 00:00:00.001,,height_unit,,,N7ZG3UhizK,com.sec.android.app.shealth,,00000000-0000-0000-0000-000000000009,
km,,,,1970-01-01 00:00:00.001,1970-01-01 00:00:00.001,,distance_unit,,,N7ZG3UhizK,com.sec.android.app.shealth,,00000000-0000-0000-0000-00000000000c,
C,,,,1970-01-01 00:00:00.001,1970-01-01 00:00:00.001,,temperature_unit,,,N7ZG3UhizK,com.sec.android.app.shealth,,00000000-0000-0000-0000-00000000000d,
mg/dL,,,,1970-01-01 00:00:00.001,1970-01-01 00:00:00.001,,blood_glucose_unit,,,N7ZG3UhizK,com.sec.android.app.shealth,,00000000-0000-0000-0000-00000000000e,
%,,,,1970-01-01 00:00:00.001,1970-01-01 00:00:00.001,,hba1c_unit,,,N7ZG3UhizK,com.sec.android.app.shealth,,00000000-0000-0000-0000-000000000012,
mmHg,,,,1970-01-01 00:00:00.001,1970-01-01 00:00:00.001,,blood_pressure_unit,,,N7ZG3UhizK,com.sec.android.app.shealth,,00000000-0000-0000-0000-000000000013,
ml,,,,1970-01-01 00:00:00.001,1970-01-01 00:00:00.001,,water_unit,,,N7ZG3UhizK,com.sec.android.app.shealth,,00000000-0000-0000-0000-000000000014,
20000101,63051050,,63051050,2025-10-21 19:07:28.804,2025-10-21 19:07:28.820,,birth_date,,,N7ZG3UhizK,com.sec.android.app.shealth,,00000000-0000-0000-0000-00000000000a,
FRA,63051050,,63051050,2025-10-21 19:07:29.076,2025-10-21 19:07:29.216,,country,,,N7ZG3UhizK,com.sec.android.app.shealth,,00000000-0000-0000-0000-000000000001,
,63051050,,63051050,2025-10-21 19:07:35.219,2025-10-21 19:07:34.665,,dashboard_config,00000000-0000-0000-0000-000000000016.dashboard_config.json,,N7ZG3UhizK,com.sec.android.app.shealth,,00000000-0000-0000-0000-000000000016,
0,63051050,,63051050,2025-10-21 19:07:35.351,2025-10-21 19:07:35.358,,social_id,,,N7ZG3UhizK,com.sec.android.app.shealth,,00000000-0000-0000-0000-000000000015,
