com.samsung.health.oxygen_saturation.raw,6295017,1
start_time,binning_data,update_time,create_time,is_integrated,time_offset,deviceuuid,comment,pkg_name,end_time,datauuid
2025-03-04 23:05:00.000,1b8b58c6-82b0-492d-82ff-d8fcd36b5ce3.binning_data.json,2025-03-05 07:10:55.891,2025-03-05 07:10:55.891,,UTC+0100,r7FYwmiDQH,,com.sec.android.app.shealth,2025-03-05 07:02:00.000,1b8b58c6-82b0-492d-82ff-d8fcd36b5ce3,
2025-03-14 00:02:00.000,945b8260-7951-4983-9b0f-ce06002566ed.binning_data.json,2025-03-14 07:50:25.292,2025-03-14 07:50:25.292,,UTC+0100,NA9l677+ml,,com.sec.android.app.shealth,2025-03-14 07:37:00.000,945b8260-7951-4983-9b0f-ce06002566ed,
2025-03-21 19:19:00.000,f57c229b-22a3-40b0-934b-e380cfee8766.binning_data.json,2025-03-21 20:38:11.789,2025-03-21 20:38:11.789,,UTC+0100,NA9l677+ml,,com.sec.android.app.shealth,2025-03-21 20:26:00.000,f57c229b-22a3-40b0-934b-e380cfee8766,
2025-03-22 22:42:00.000,f564b95a-ab33-4a06-9d52-4e8c9326b770.binning_data.json,2025-03-23 07:17:19.220,2025-03-23 07:17:19.220,,UTC+0100,NA9l677+ml,,com.sec.android.app.shealth,2025-03-23 07:03:00.000,f564b95a-ab33-4a06-9d52-4e8c9326b770,
2025-04-24 05:00:00.000,aad674b5-e196-44a2-9464-b8a0fd91ee5e.binning_data.json,2025-04-24 06:57:05.214,2025-04-24 06:57:05.214,,UTC+0200,NA9l677+ml,,com.sec.android.app.shealth,2025-04-24 06:32:00.000,aad674b5-e196-44a2-9464-b8a0fd91ee5e,
2025-04-24 08:50:00.000,289a39b6-4cc4-4310-a725-529a712e6c70.binning_data.json,2025-04-24 10:40:49.992,2025-04-24 10:40:49.992,,UTC+0200,NA9l677+ml,,com.sec.android.app.shealth,2025-04-24 10:17:00.000,289a39b6-4cc4-4310-a725-529a712e6c70,
2025-04-24 12:38:00.000,db573d5e-f44d-4530-8907-5e2364d57463.binning_data.json,2025-04-24 15:31:14.914,2025-04-24 15:31:14.914,,UTC+0200,NA9l677+ml,,com.sec.android.app.shealth,2025-04-24 15:09:00.000,db573d5e-f44d-4530-8907-5e2364d57463,
2025-05-02 22:04:00.000,b9be747c-b264-4e41-a7f1-cec36a23af5a.binning_data.json,2025-05-03 04:25:05.557,2025-05-03 04:25:05.557,,UTC+0200,NA9l677+ml,,com.sec.android.app.shealth,2025-05-03 03:58:00.000,b9be747c-b264-4e41-a7f1-cec36a23af5a,
