com.samsung.shealth.preferences,6295017,2
text_value,service_id,float_value,update_time,create_time,long_value,tag,blob_value,int_value,deviceuuid,pkg_name,double_value,datauuid
,,,2025-03-07 13:40:57.651,2024-07-03 09:12:08.190,,,,1,64Z1605Zgy,com.sec.android.app.shealth,,oobe.sensitive_data_available,
,,,2025-05-06 09:41:22.316,2024-07-03 09:12:24.205,,,,1,64Z1605Zgy,com.sec.android.app.shealth,,oobe.sensitive_data_agreement,
,,,2025-05-06 09:41:22.406,2024-07-03 09:12:24.232,,,,0,64Z1605Zgy,com.sec.android.app.shealth,,settings.marketing_agreement,
,,,2025-05-06 09:41:22.417,2024-07-03 09:12:24.241,,,,0,64Z1605Zgy,com.sec.android.app.shealth,,settings.personalization_agreement,
,tracker.cycle,,2024-09-30 14:50:37.960,2024-07-03 09:12:26.882,,,,1,64Z1605Zgy,com.sec.android.app.shealth,,37-disclaimer_agreed,
,,,2025-03-07 13:40:57.660,2024-07-03 09:12:27.539,,,,1,64Z1605Zgy,com.sec.android.app.shealth,,oobe.shd_access_authority_status,
,,,2024-07-03 09:12:30.181,2024-07-03 09:12:30.949,,,,1,64Z1605Zgy,com.sec.android.app.shealth,,settings.location_agreement,
,tracker.exercise,,2024-07-03 09:14:18.635,2024-07-03 09:14:18.635,,,,1,64Z1605Zgy,com.sec.android.app.shealth,,34-detection.workout.enable,
,tracker.inactive,,2024-07-03 09:14:18.684,2024-07-03 09:14:18.684,,,,1,64Z1605Zgy,com.sec.android.app.shealth,,75-alert.enable,
,tracker.stress,,2024-07-03 09:14:36.791,2024-07-03 09:14:36.791,,,,0,64Z1605Zgy,com.sec.android.app.shealth,,08-measure.period,
,tracker.spo2,,2025-03-06 17:48:21.139,2024-07-03 10:07:31.539,,,,0,64Z1605Zgy,com.sec.android.app.shealth,,10-measure.period,
,tracker.sleep,,2024-07-03 10:07:44.121,2024-07-03 10:07:44.121,,,,1,64Z1605Zgy,com.sec.android.app.shealth,,06-snore_setting,
,app.settings,,2025-03-06 17:49:14.289,2024-07-03 09:56:29.857,,,,0,NA9l677+ml,com.sec.android.app.shealth,,72-wearable.is_child_account,
remi.bastide@gmail.com,app.settings,,2025-03-06 17:49:14.324,2024-07-03 09:56:30.085,,,,,NA9l677+ml,com.sec.android.app.shealth,,72-wearable.samsung_account_id,
,tracker.sleep,,2025-03-06 17:48:21.154,2024-07-03 10:07:45.535,,,,1,64Z1605Zgy,com.sec.android.app.shealth,,06-skin_temp_enable,
,,,2025-05-10 17:57:45.608,2024-07-03 12:35:17.490,,,,1,64Z1605Zgy,com.sec.android.app.shealth,,step.detectworkout_switch,
,,,2024-07-05 12:09:07.560,2024-07-05 12:09:08.587,,,,1,64Z1605Zgy,com.sec.android.app.shealth,,sc.tile_init_state,
,tracker.sleep,,2024-07-16 08:28:12.973,2024-07-16 08:28:12.973,,,,1,64Z1605Zgy,com.sec.android.app.shealth,,sleep_good_reward_not_shown,
,,,2025-05-04 06:54:53.645,2024-07-16 08:28:16.545,,,sleep.watch_summary.blob_value.json,,64Z1605Zgy,com.sec.android.app.shealth,,sleep.watch_summary,
,,,2024-08-27 17:15:15.479,2024-08-27 17:15:15.538,,,,0,64Z1605Zgy,com.sec.android.app.shealth,,boost.card.selected_category,
,,,2024-08-27 17:15:15.481,2024-08-27 17:15:15.557,1724778915481,,,,64Z1605Zgy,com.sec.android.app.shealth,,mow.selected_time,
,tracker.sleep,,2024-08-29 16:06:51.007,2024-08-29 16:06:51.025,,,,1,64Z1605Zgy,com.sec.android.app.shealth,,06-snore_setting_new,
0,,,2024-10-25 10:54:12.011,2024-10-25 10:54:12.440,,,,,64Z1605Zgy,com.sec.android.app.shealth,,34-badges.DB.update,
,tracker.sleep,,2024-11-06 08:54:15.104,2024-11-06 08:54:15.562,,,,0,64Z1605Zgy,com.sec.android.app.shealth,,06-snore.setting.option_new,
,,,2025-05-04 06:54:33.319,2025-01-27 12:59:38.879,1737982778853,,,,64Z1605Zgy,com.sec.android.app.shealth,,shealth.6.29.upgrade.date,
,tracker.sleep,,2025-03-23 07:45:40.599,2025-03-06 15:50:20.604,,,,1,64Z1605Zgy,com.sec.android.app.shealth,,sleep_excellent_reward_not_shown,
,tracker.exercise,,2025-04-30 17:49:43.001,2025-04-30 17:49:43.001,,,,1,NA9l677+ml,com.sec.android.app.shealth,,34-gym.permission.profile.enable,
,tracker.exercise,,2025-04-30 17:49:43.001,2025-04-30 17:49:43.001,,,,1,NA9l677+ml,com.sec.android.app.shealth,,34-gym.permission.hr.enable,
,,,2025-05-10 18:02:30.122,2025-05-10 18:02:30.161,1746900150122,,,,64Z1605Zgy,com.sec.android.app.shealth,,hsp.sync_time_hsp_bp,
,,,2025-05-10 18:02:35.690,2025-05-10 18:02:35.697,1746900155690,,,,64Z1605Zgy,com.sec.android.app.shealth,,hsp.sync_time_hsp_bg,
,,,2025-05-10 18:02:50.285,2025-05-10 18:02:50.315,1746900170284,,,,64Z1605Zgy,com.sec.android.app.shealth,,hsp.sync_time_hsp_a_session,
,,,2025-05-10 18:02:50.415,2025-05-10 18:02:50.420,1746900170415,,,,64Z1605Zgy,com.sec.android.app.shealth,,hsp.sync_time_hsp_nutrition,
,,,2025-05-10 18:02:50.416,2025-05-10 18:02:50.439,1746900170416,,,,64Z1605Zgy,com.sec.android.app.shealth,,hsp.sync_time_hsp_bo,
,,,2025-05-10 18:03:05.402,2025-05-10 18:03:05.425,1746900185399,,,,64Z1605Zgy,com.sec.android.app.shealth,,hsp.sync_time_hsp_hr,
,,,2025-05-10 18:03:05.452,2025-05-10 18:03:05.460,1746900185452,,,,64Z1605Zgy,com.sec.android.app.shealth,,hsp.sync_time_hsp_weight,
,,,2025-05-10 18:03:05.448,2025-05-10 18:03:05.474,1746900185448,,,,64Z1605Zgy,com.sec.android.app.shealth,,hsp.sync_time_hsp_s_session,
