com.samsung.health.user_profile,6295017,10
text_value,create_sh_ver,float_value,modify_sh_ver,update_time,create_time,long_value,key,blob_value,int_value,deviceuuid,pkg_name,double_value,datauuid
kg,,,,1970-01-01 00:00:00.001,1970-01-01 00:00:00.001,,weight_unit,,,64Z1605Zgy,com.sec.android.app.shealth,,00000000-0000-0000-0000-000000000007,
cm,,,,1970-01-01 00:00:00.001,1970-01-01 00:00:00.001,,height_unit,,,64Z1605Zgy,com.sec.android.app.shealth,,00000000-0000-0000-0000-000000000009,
km,,,,1970-01-01 00:00:00.001,1970-01-01 00:00:00.001,,distance_unit,,,64Z1605Zgy,com.sec.android.app.shealth,,00000000-0000-0000-0000-00000000000c,
C,,,,1970-01-01 00:00:00.001,1970-01-01 00:00:00.001,,temperature_unit,,,64Z1605Zgy,com.sec.android.app.shealth,,00000000-0000-0000-0000-00000000000d,
mg/dL,,,,1970-01-01 00:00:00.001,1970-01-01 00:00:00.001,,blood_glucose_unit,,,64Z1605Zgy,com.sec.android.app.shealth,,00000000-0000-0000-0000-00000000000e,
%,,,,1970-01-01 00:00:00.001,1970-01-01 00:00:00.001,,hba1c_unit,,,64Z1605Zgy,com.sec.android.app.shealth,,00000000-0000-0000-0000-000000000012,
mmHg,,,,1970-01-01 00:00:00.001,1970-01-01 00:00:00.001,,blood_pressure_unit,,,64Z1605Zgy,com.sec.android.app.shealth,,00000000-0000-0000-0000-000000000013,
ml,,,,1970-01-01 00:00:00.001,1970-01-01 00:00:00.001,,water_unit,,,64Z1605Zgy,com.sec.android.app.shealth,,00000000-0000-0000-0000-000000000014,
19610422,62670070,,62670070,2024-07-03 09:12:08.225,2024-07-03 09:12:08.231,,birth_date,,,64Z1605Zgy,com.sec.android.app.shealth,,00000000-0000-0000-0000-00000000000a,
FRA,62670070,,62670070,2024-07-03 09:12:08.226,2024-07-03 09:12:08.235,,country,,,64Z1605Zgy,com.sec.android.app.shealth,,00000000-0000-0000-0000-000000000001,
,62670070,,62950170,2025-05-10 17:56:35.206,2024-07-03 09:12:26.634,,intention_survey,00000000-0000-0000-0000-00000000001c.intention_survey.json,,64Z1605Zgy,com.sec.android.app.shealth,,00000000-0000-0000-0000-00000000001c,
,62670070,,62930070,2025-04-07 07:05:17.347,2024-07-03 09:12:28.147,,dashboard_config,00000000-0000-0000-0000-000000000016.dashboard_config.json,,64Z1605Zgy,com.sec.android.app.shealth,,00000000-0000-0000-0000-000000000016,
M,62670031,,62670070,2024-07-04 12:49:58.682,2024-07-04 12:49:58.681,,gender_extended,,,ooOmDJ1LSk,com.sec.android.app.shealth,,00000000-0000-0000-0000-000000000022,
M,62670031,,62670031,2024-07-04 12:49:58.682,2024-07-04 12:49:58.682,,gender,,,ooOmDJ1LSk,com.sec.android.app.shealth,,00000000-0000-0000-0000-000000000005,
,62670070,168.0,62930070,2025-03-07 13:44:11.578,2024-07-04 12:51:00.930,,height,,,64Z1605Zgy,com.sec.android.app.shealth,,00000000-0000-0000-0000-000000000008,
,62670070,83.0,62930070,2025-03-07 13:44:11.581,2024-07-04 12:51:01.365,,weight,,,64Z1605Zgy,com.sec.android.app.shealth,,00000000-0000-0000-0000-000000000006,
,62930070,,62930070,2025-03-06 17:48:21.724,2025-03-06 17:48:21.733,,social_id,,,64Z1605Zgy,com.sec.android.app.shealth,,00000000-0000-0000-0000-000000000015,
,62930070,,62930070,2025-03-07 13:41:32.384,2025-03-07 13:41:32.975,,activity_type,,180002,64Z1605Zgy,com.sec.android.app.shealth,,00000000-0000-0000-0000-00000000000b,
Rémi Bastide,62930070,,62930070,2025-03-07 13:46:19.936,2025-03-07 13:44:11.633,,name,,,64Z1605Zgy,com.sec.android.app.shealth,,00000000-0000-0000-0000-000000000004,
,62930070,,62930070,2025-03-07 13:45:37.525,2025-03-07 13:45:37.530,,image,00000000-0000-0000-0000-000000000002.image.jpg,,64Z1605Zgy,com.sec.android.app.shealth,,00000000-0000-0000-0000-000000000002,
image/jpeg,62930070,,62930070,2025-03-07 13:45:37.522,2025-03-07 13:45:37.576,,image_type,,,64Z1605Zgy,com.sec.android.app.shealth,,00000000-0000-0000-0000-000000000018,
