com.samsung.health.hrv,6295017,1
create_sh_ver,start_time,custom,binning_data,modify_sh_ver,update_time,create_time,time_offset,deviceuuid,comment,pkg_name,end_time,datauuid
62910031,2025-02-22 23:00:00.000,,21560fac-f93a-46c7-9708-77b2f98a9ebd.binning_data.json,62910031,2025-02-23 00:15:00.471,2025-02-23 00:15:00.471,UTC+0100,r7FYwmiDQH,,com.sec.android.app.shealth,2025-02-23 00:00:00.000,21560fac-f93a-46c7-9708-77b2f98a9ebd,
62910031,2025-02-23 00:00:00.000,,af62d1b7-fca2-42b4-a26f-57014254c309.binning_data.json,62910031,2025-02-23 01:09:09.191,2025-02-23 01:09:09.191,UTC+0100,r7FYwmiDQH,,com.sec.android.app.shealth,2025-02-23 01:00:00.000,af62d1b7-fca2-42b4-a26f-57014254c309,
62910031,2025-02-23 01:00:00.000,,96547e39-13a4-4586-9036-7844eb1d3dfb.binning_data.json,62910031,2025-02-23 02:15:01.222,2025-02-23 02:15:01.222,UTC+0100,r7FYwmiDQH,,com.sec.android.app.shealth,2025-02-23 02:00:00.000,96547e39-13a4-4586-9036-7844eb1d3dfb,
62910031,2025-02-23 02:00:00.000,,09d11f20-c86a-47c1-a06f-1d8676efcb65.binning_data.json,62910031,2025-02-23 02:43:33.383,2025-02-23 02:43:30.602,UTC+0100,r7FYwmiDQH,,com.sec.android.app.shealth,2025-02-23 02:43:32.178,09d11f20-c86a-47c1-a06f-1d8676efcb65,
62910031,2025-03-04 23:00:00.000,,944ac715-b5fe-4742-a9a7-f80e062a51a4.binning_data.json,62910031,2025-03-05 00:13:07.024,2025-03-05 00:13:07.024,UTC+0100,r7FYwmiDQH,,com.sec.android.app.shealth,2025-03-05 00:00:00.000,944ac715-b5fe-4742-a9a7-f80e062a51a4,
62910031,2025-03-05 00:00:00.000,,329fe242-ae08-44b5-a47c-aff924ff5f41.binning_data.json,62910031,2025-03-05 01:15:00.608,2025-03-05 01:15:00.608,UTC+0100,r7FYwmiDQH,,com.sec.android.app.shealth,2025-03-05 01:00:00.000,329fe242-ae08-44b5-a47c-aff924ff5f41,
62910031,2025-03-05 01:00:00.000,,51bb9a4a-3eb5-441b-8a70-5952e7d9b86a.binning_data.json,62910031,2025-03-05 02:15:00.187,2025-03-05 02:15:00.187,UTC+0100,r7FYwmiDQH,,com.sec.android.app.shealth,2025-03-05 02:00:00.000,51bb9a4a-3eb5-441b-8a70-5952e7d9b86a,
62910031,2025-03-05 02:00:00.000,,a03846f9-7418-4989-a86a-40358b9ed879.binning_data.json,62910031,2025-03-05 03:14:59.189,2025-03-05 03:14:59.189,UTC+0100,r7FYwmiDQH,,com.sec.android.app.shealth,2025-03-05 03:00:00.000,a03846f9-7418-4989-a86a-40358b9ed879,
62910031,2025-03-05 03:00:00.000,,2dc9b5e8-2bfc-4f32-b219-748f3270a4b9.binning_data.json,62910031,2025-03-05 04:12:09.173,2025-03-05 04:12:09.173,UTC+0100,r7FYwmiDQH,,com.sec.android.app.shealth,2025-03-05 04:00:00.000,2dc9b5e8-2bfc-4f32-b219-748f3270a4b9,
62910031,2025-03-05 04:00:00.000,,374b25ab-a349-4ce6-98b4-f3726a08e221.binning_data.json,62910031,2025-03-05 05:05:46.298,2025-03-05 05:05:46.298,UTC+0100,r7FYwmiDQH,,com.sec.android.app.shealth,2025-03-05 05:00:00.000,374b25ab-a349-4ce6-98b4-f3726a08e221,
62910031,2025-03-05 05:00:00.000,,a96f72f2-4b3e-4d31-a56c-6c307379af3a.binning_data.json,62910031,2025-03-05 06:15:20.234,2025-03-05 06:15:20.234,UTC+0100,r7FYwmiDQH,,com.sec.android.app.shealth,2025-03-05 06:00:00.000,a96f72f2-4b3e-4d31-a56c-6c307379af3a,
62910031,2025-03-05 06:00:00.000,,fcbdb793-42f5-4525-9751-8ab339ecbde3.binning_data.json,62910031,2025-03-05 07:05:11.261,2025-03-05 07:05:07.834,UTC+0100,r7FYwmiDQH,,com.sec.android.app.shealth,2025-03-05 07:00:00.000,fcbdb793-42f5-4525-9751-8ab339ecbde3,
62701231,2025-03-07 00:00:00.000,,0edec7b5-2bb0-4bdc-9dd3-f855bff16665.binning_data.json,62701231,2025-03-07 02:05:02.832,2025-03-07 00:54:52.455,UTC+0100,NA9l677+ml,,com.sec.android.app.shealth,2025-03-07 01:00:00.000,0edec7b5-2bb0-4bdc-9dd3-f855bff16665,
62701231,2025-03-07 01:00:00.000,,ef24baa7-e08c-494a-90dc-ef3a619526aa.binning_data.json,62701231,2025-03-07 02:15:00.488,2025-03-07 02:15:00.488,UTC+0100,NA9l677+ml,,com.sec.android.app.shealth,2025-03-07 02:00:00.000,ef24baa7-e08c-494a-90dc-ef3a619526aa,
62701231,2025-03-07 02:00:00.000,,c46f6d16-8b3c-48ec-8ba2-4edaa1eaf0d7.binning_data.json,62701231,2025-03-07 03:11:22.595,2025-03-07 03:11:22.595,UTC+0100,NA9l677+ml,,com.sec.android.app.shealth,2025-03-07 03:00:00.000,c46f6d16-8b3c-48ec-8ba2-4edaa1eaf0d7,
62701231,2025-03-07 03:00:00.000,,39272be4-4529-4361-9795-e602c16c9b04.binning_data.json,62701231,2025-03-07 04:14:59.834,2025-03-07 04:14:59.834,UTC+0100,NA9l677+ml,,com.sec.android.app.shealth,2025-03-07 04:00:00.000,39272be4-4529-4361-9795-e602c16c9b04,
62701231,2025-03-07 04:00:00.000,,385e0d48-57fa-4475-baa1-ec873817cc14.binning_data.json,62701231,2025-03-07 05:09:50.812,2025-03-07 05:09:50.812,UTC+0100,NA9l677+ml,,com.sec.android.app.shealth,2025-03-07 05:00:00.000,385e0d48-57fa-4475-baa1-ec873817cc14,
62701231,2025-03-07 05:00:00.000,,3c83f090-4579-4d48-abdd-3e3383e5ffb1.binning_data.json,62701231,2025-03-07 06:15:00.155,2025-03-07 06:15:00.155,UTC+0100,NA9l677+ml,,com.sec.android.app.shealth,2025-03-07 06:00:00.000,3c83f090-4579-4d48-abdd-3e3383e5ffb1,
62910031,2025-03-07 07:00:00.000,,3741087a-64f8-4422-988c-3cfebc2499ed.binning_data.json,62910031,2025-03-07 08:01:45.787,2025-03-07 08:01:45.787,UTC+0100,NA9l677+ml,,com.sec.android.app.shealth,2025-03-07 08:00:00.000,3741087a-64f8-4422-988c-3cfebc2499ed,
62910031,2025-03-14 00:00:00.000,,bb0f7edc-b518-43ec-ba35-427843095591.binning_data.json,62910031,2025-03-14 01:05:52.988,2025-03-14 01:05:52.988,UTC+0100,NA9l677+ml,,com.sec.android.app.shealth,2025-03-14 01:00:00.000,bb0f7edc-b518-43ec-ba35-427843095591,
62910031,2025-03-14 01:00:00.000,,940479cb-9704-49b9-8a13-c1df5a209bfa.binning_data.json,62910031,2025-03-14 02:06:02.554,2025-03-14 02:06:02.554,UTC+0100,NA9l677+ml,,com.sec.android.app.shealth,2025-03-14 02:00:00.000,940479cb-9704-49b9-8a13-c1df5a209bfa,
62910031,2025-03-14 02:00:00.000,,7bfdc9b5-8a72-4dee-a7e4-a68f9075dc9a.binning_data.json,62910031,2025-03-14 03:06:05.574,2025-03-14 03:06:05.574,UTC+0100,NA9l677+ml,,com.sec.android.app.shealth,2025-03-14 03:00:00.000,7bfdc9b5-8a72-4dee-a7e4-a68f9075dc9a,
62910031,2025-03-14 03:00:00.000,,547932d1-cb6c-46aa-9868-aa792fd1a0b1.binning_data.json,62910031,2025-03-14 04:11:51.508,2025-03-14 04:11:51.508,UTC+0100,NA9l677+ml,,com.sec.android.app.shealth,2025-03-14 04:00:00.000,547932d1-cb6c-46aa-9868-aa792fd1a0b1,
62910031,2025-03-14 04:00:00.000,,d9404abf-698f-4291-983c-e5fa5eb687e9.binning_data.json,62910031,2025-03-14 05:15:00.853,2025-03-14 05:15:00.853,UTC+0100,NA9l677+ml,,com.sec.android.app.shealth,2025-03-14 05:00:00.000,d9404abf-698f-4291-983c-e5fa5eb687e9,
62910031,2025-03-14 05:00:00.000,,a48bfafd-4e3b-4a5e-a24e-bec44181caf0.binning_data.json,62910031,2025-03-14 06:15:00.271,2025-03-14 06:15:00.271,UTC+0100,NA9l677+ml,,com.sec.android.app.shealth,2025-03-14 06:00:00.000,a48bfafd-4e3b-4a5e-a24e-bec44181caf0,
62910031,2025-03-14 06:00:00.000,,8593a13d-6358-4291-bb50-0f837bb23625.binning_data.json,62910031,2025-03-14 07:15:00.127,2025-03-14 07:15:00.127,UTC+0100,NA9l677+ml,,com.sec.android.app.shealth,2025-03-14 07:00:00.000,8593a13d-6358-4291-bb50-0f837bb23625,
62910031,2025-03-14 07:00:00.000,,4318ff34-13cc-4cfe-b896-9d3027a67322.binning_data.json,62910031,2025-03-14 07:49:56.508,2025-03-14 07:49:56.508,UTC+0100,NA9l677+ml,,com.sec.android.app.shealth,2025-03-14 07:47:00.745,4318ff34-13cc-4cfe-b896-9d3027a67322,
62910031,2025-03-15 00:00:00.000,,8dc2642e-6ee3-4556-ac34-48321ba25fbe.binning_data.json,62910031,2025-03-15 01:08:05.542,2025-03-15 01:08:05.542,UTC+0100,NA9l677+ml,,com.sec.android.app.shealth,2025-03-15 01:00:00.000,8dc2642e-6ee3-4556-ac34-48321ba25fbe,
62910031,2025-03-21 19:00:00.000,,dfbc9329-65ad-4622-8800-80c62cae0eae.binning_data.json,62910031,2025-03-21 20:14:33.647,2025-03-21 20:14:33.647,UTC+0100,NA9l677+ml,,com.sec.android.app.shealth,2025-03-21 20:00:00.000,dfbc9329-65ad-4622-8800-80c62cae0eae,
62910031,2025-03-21 20:00:00.000,,59b174e1-9525-407c-ae24-d6c977ee644c.binning_data.json,62910031,2025-03-21 20:38:10.666,2025-03-21 20:38:10.666,UTC+0100,NA9l677+ml,,com.sec.android.app.shealth,2025-03-21 20:38:10.563,59b174e1-9525-407c-ae24-d6c977ee644c,
62910031,2025-03-22 22:00:00.000,,c44a55da-e4b0-4e8e-80c9-7d17f82c22ed.binning_data.json,62910031,2025-03-22 23:09:23.918,2025-03-22 23:09:23.918,UTC+0100,NA9l677+ml,,com.sec.android.app.shealth,2025-03-22 23:00:00.000,c44a55da-e4b0-4e8e-80c9-7d17f82c22ed,
62910031,2025-03-22 23:00:00.000,,75df7464-5983-4962-a940-61936d27d50a.binning_data.json,62910031,2025-03-23 00:13:02.339,2025-03-23 00:13:02.339,UTC+0100,NA9l677+ml,,com.sec.android.app.shealth,2025-03-23 00:00:00.000,75df7464-5983-4962-a940-61936d27d50a,
62910031,2025-03-23 00:00:00.000,,d8bc54aa-45b7-4a0e-b124-9edd82f02bf3.binning_data.json,62910031,2025-03-23 01:15:00.463,2025-03-23 01:15:00.463,UTC+0100,NA9l677+ml,,com.sec.android.app.shealth,2025-03-23 01:00:00.000,d8bc54aa-45b7-4a0e-b124-9edd82f02bf3,
62910031,2025-03-23 01:00:00.000,,752e7ad8-95b2-4bcd-bb85-96690dda4953.binning_data.json,62910031,2025-03-23 02:15:00.555,2025-03-23 02:15:00.555,UTC+0100,NA9l677+ml,,com.sec.android.app.shealth,2025-03-23 02:00:00.000,752e7ad8-95b2-4bcd-bb85-96690dda4953,
62910031,2025-03-23 02:00:00.000,,188498bd-ac97-49ab-9c8d-5886ce70dfe2.binning_data.json,62910031,2025-03-23 03:07:41.255,2025-03-23 03:07:41.255,UTC+0100,NA9l677+ml,,com.sec.android.app.shealth,2025-03-23 03:00:00.000,188498bd-ac97-49ab-9c8d-5886ce70dfe2,
62910031,2025-03-23 03:00:00.000,,c76ec558-1c36-4bfe-ae99-07552b11fac3.binning_data.json,62910031,2025-03-23 04:15:00.867,2025-03-23 04:15:00.867,UTC+0100,NA9l677+ml,,com.sec.android.app.shealth,2025-03-23 04:00:00.000,c76ec558-1c36-4bfe-ae99-07552b11fac3,
62910031,2025-03-23 04:00:00.000,,e4fe8f02-c42d-4b1e-b966-cac1ed823ed8.binning_data.json,62910031,2025-03-23 05:09:01.384,2025-03-23 05:09:01.384,UTC+0100,NA9l677+ml,,com.sec.android.app.shealth,2025-03-23 05:00:00.000,e4fe8f02-c42d-4b1e-b966-cac1ed823ed8,
62910031,2025-03-23 05:00:00.000,,ea6388af-8755-4954-b12e-cddca2566baf.binning_data.json,62910031,2025-03-23 06:07:45.921,2025-03-23 06:07:45.921,UTC+0100,NA9l677+ml,,com.sec.android.app.shealth,2025-03-23 06:00:00.000,ea6388af-8755-4954-b12e-cddca2566baf,
62910031,2025-03-23 06:00:00.000,,93b09bba-7671-4500-9869-5fdac6fb94f7.binning_data.json,62910031,2025-03-23 07:12:20.242,2025-03-23 07:12:20.242,UTC+0100,NA9l677+ml,,com.sec.android.app.shealth,2025-03-23 07:00:00.000,93b09bba-7671-4500-9869-5fdac6fb94f7,
62910031,2025-03-23 07:00:00.000,,e7734a13-0eb6-4e26-ab03-88d95d568d25.binning_data.json,62910031,2025-03-23 07:17:17.986,2025-03-23 07:17:17.986,UTC+0100,NA9l677+ml,,com.sec.android.app.shealth,2025-03-23 07:17:17.524,e7734a13-0eb6-4e26-ab03-88d95d568d25,
62950051,2025-04-24 05:00:00.000,,2ef467b8-994e-48a3-b744-cc4ffc699820.binning_data.json,62950051,2025-04-24 06:09:59.503,2025-04-24 06:09:59.503,UTC+0200,NA9l677+ml,,com.sec.android.app.shealth,2025-04-24 06:00:00.000,2ef467b8-994e-48a3-b744-cc4ffc699820,
62950051,2025-04-24 06:00:00.000,,a3f187d5-d80a-4c63-979e-a6b5d9390671.binning_data.json,62950051,2025-04-24 06:55:53.926,2025-04-24 06:55:53.926,UTC+0200,NA9l677+ml,,com.sec.android.app.shealth,2025-04-24 06:55:41.875,a3f187d5-d80a-4c63-979e-a6b5d9390671,
62950051,2025-04-24 09:00:00.000,,64d2f2a2-4844-424d-b4e8-5a9883ea0471.binning_data.json,62950051,2025-04-24 10:15:00.241,2025-04-24 10:15:00.241,UTC+0200,NA9l677+ml,,com.sec.android.app.shealth,2025-04-24 10:00:00.000,64d2f2a2-4844-424d-b4e8-5a9883ea0471,
62950051,2025-04-24 10:00:00.000,,0114f153-b429-483f-9369-fb575f97aee4.binning_data.json,62950051,2025-04-24 11:10:57.363,2025-04-24 10:40:49.764,UTC+0200,NA9l677+ml,,com.sec.android.app.shealth,2025-04-24 11:00:00.000,0114f153-b429-483f-9369-fb575f97aee4,
62950051,2025-04-24 11:00:00.000,,2093f906-2f87-4c07-b154-d3ec595e2663.binning_data.json,62950051,2025-04-24 11:47:08.194,2025-04-24 11:47:08.194,UTC+0200,NA9l677+ml,,com.sec.android.app.shealth,2025-04-24 11:47:08.073,2093f906-2f87-4c07-b154-d3ec595e2663,
62950051,2025-04-24 12:00:00.000,,fc981b07-6d3d-4786-a624-da591422d027.binning_data.json,62950051,2025-04-24 13:13:18.130,2025-04-24 13:13:18.130,UTC+0200,NA9l677+ml,,com.sec.android.app.shealth,2025-04-24 13:00:00.000,fc981b07-6d3d-4786-a624-da591422d027,
62950051,2025-04-24 13:00:00.000,,2eeaa83b-fa74-4be2-8279-b0785eaee7fb.binning_data.json,62950051,2025-04-24 14:05:22.455,2025-04-24 14:05:22.455,UTC+0200,NA9l677+ml,,com.sec.android.app.shealth,2025-04-24 14:00:00.000,2eeaa83b-fa74-4be2-8279-b0785eaee7fb,
62950051,2025-04-24 14:00:00.000,,b02c9650-e1eb-4b27-adb0-e7a5f3c4aa0c.binning_data.json,62950051,2025-04-24 15:15:00.270,2025-04-24 15:15:00.270,UTC+0200,NA9l677+ml,,com.sec.android.app.shealth,2025-04-24 15:00:00.000,b02c9650-e1eb-4b27-adb0-e7a5f3c4aa0c,
62950051,2025-04-24 15:00:00.000,,fd5ca268-30bf-4143-89e3-764b1def81f7.binning_data.json,62950051,2025-04-24 15:31:14.491,2025-04-24 15:31:14.491,UTC+0200,NA9l677+ml,,com.sec.android.app.shealth,2025-04-24 15:31:13.818,fd5ca268-30bf-4143-89e3-764b1def81f7,
62950051,2025-05-02 21:00:00.000,,42e2e2f3-59a9-4316-9b4f-c892fb985c7d.binning_data.json,62950051,2025-05-02 21:56:18.047,2025-05-02 21:56:18.047,UTC+0200,NA9l677+ml,,com.sec.android.app.shealth,2025-05-02 21:56:17.968,42e2e2f3-59a9-4316-9b4f-c892fb985c7d,
62950051,2025-05-02 22:00:00.000,,bf1f1bca-0f0e-46d2-84e3-1f83b0f3428d.binning_data.json,62950051,2025-05-02 23:15:00.820,2025-05-02 23:15:00.820,UTC+0200,NA9l677+ml,,com.sec.android.app.shealth,2025-05-02 23:00:00.000,bf1f1bca-0f0e-46d2-84e3-1f83b0f3428d,
62950051,2025-05-02 23:00:00.000,,26646d33-6ccc-4a0e-800d-a70a27b2d30b.binning_data.json,62950051,2025-05-03 00:15:00.341,2025-05-03 00:15:00.341,UTC+0200,NA9l677+ml,,com.sec.android.app.shealth,2025-05-03 00:00:00.000,26646d33-6ccc-4a0e-800d-a70a27b2d30b,
62950051,2025-05-03 00:00:00.000,,77c10472-51df-4613-906a-f10b41086f25.binning_data.json,62950051,2025-05-03 01:15:01.095,2025-05-03 01:15:01.095,UTC+0200,NA9l677+ml,,com.sec.android.app.shealth,2025-05-03 01:00:00.000,77c10472-51df-4613-906a-f10b41086f25,
62950051,2025-05-03 01:00:00.000,,9a322964-3583-4197-90b3-eca51ec68f6a.binning_data.json,62950051,2025-05-03 02:15:00.238,2025-05-03 02:15:00.238,UTC+0200,NA9l677+ml,,com.sec.android.app.shealth,2025-05-03 02:00:00.000,9a322964-3583-4197-90b3-eca51ec68f6a,
62950051,2025-05-03 02:00:00.000,,24dcdd40-a68b-48dc-a909-ea42b907d9ac.binning_data.json,62950051,2025-05-03 03:15:01.021,2025-05-03 03:15:01.021,UTC+0200,NA9l677+ml,,com.sec.android.app.shealth,2025-05-03 03:00:00.000,24dcdd40-a68b-48dc-a909-ea42b907d9ac,
62950051,2025-05-03 03:00:00.000,,fc5d026e-ad49-43eb-a87a-2940eebcba12.binning_data.json,62950051,2025-05-03 04:10:39.923,2025-05-03 04:10:39.923,UTC+0200,NA9l677+ml,,com.sec.android.app.shealth,2025-05-03 04:00:00.000,fc5d026e-ad49-43eb-a87a-2940eebcba12,
62950051,2025-05-03 04:00:00.000,,e0fd76c4-e5fd-4865-acbb-114401e875c1.binning_data.json,62950051,2025-05-03 04:22:00.814,2025-05-03 04:22:00.814,UTC+0200,NA9l677+ml,,com.sec.android.app.shealth,2025-05-03 04:21:18.466,e0fd76c4-e5fd-4865-acbb-114401e875c1,
