com.samsung.shealth.sleep,6295017,9
total_sleep_time_weight,original_efficiency,mental_recovery,wake_score,factor_01,factor_02,factor_03,factor_04,factor_05,factor_06,factor_07,factor_08,factor_09,factor_10,deep_score,integrated_id,latency_weight,has_sleep_data,bedtime_detection_delay,sleep_efficiency_with_latency,wakeup_time_detection_delay,total_rem_duration,combined_id,sleep_type,sleep_latency,data_version,latency_score,deep_weight,rem_weight,physical_recovery,original_wake_up_time,movement_awakening,is_integrated,original_bed_time,goal_bed_time,quality,extra_data,wake_weight,rem_score,goal_wake_up_time,sleep_cycle,total_light_duration,efficiency,sleep_score,sleep_duration,stage_analyzed_type,total_sleep_time_score,com.samsung.health.sleep.create_sh_ver,com.samsung.health.sleep.start_time,com.samsung.health.sleep.custom,com.samsung.health.sleep.modify_sh_ver,com.samsung.health.sleep.update_time,com.samsung.health.sleep.create_time,com.samsung.health.sleep.client_data_id,com.samsung.health.sleep.client_data_ver,com.samsung.health.sleep.time_offset,com.samsung.health.sleep.deviceuuid,com.samsung.health.sleep.comment,com.samsung.health.sleep.pkg_name,com.samsung.health.sleep.end_time,com.samsung.health.sleep.datauuid
,,77.0,,15,37,11,3,23,306,134,0,14,1,,,,0,,,,,,-1,,7,,,,47.0,2024-07-04 05:39:00.000,20.0,,2024-07-04 00:08:00.000,,,3b2758bd-0893-4ad2-9c53-ba840563af6c.extra_data.json,,,,2,,92.0,64,307,,,62670031,2024-07-04 00:08:00.000,,62670070,2024-07-04 08:15:19.565,2024-07-04 06:02:43.194,,,UTC+0200,ooOmDJ1LSk,,com.sec.android.app.shealth,2024-07-04 05:15:00.000,3b2758bd-0893-4ad2-9c53-ba840563af6c,
,,90.0,,62,68,3,0,35,466,163,0,26,2,,,,0,,,,,,-1,,7,,,,76.0,2024-07-05 05:48:00.000,15.0,,2024-07-04 21:35:00.000,,,89952396-7318-44e8-8654-7f5e4767e1aa.extra_data.json,,,,4,,92.0,89,468,,,62670031,2024-07-04 21:35:00.000,,62670070,2024-07-05 06:23:03.452,2024-07-05 06:12:19.154,,,UTC+0200,ooOmDJ1LSk,,com.sec.android.app.shealth,2024-07-05 05:23:00.000,89952396-7318-44e8-8654-7f5e4767e1aa,
,,70.0,,0,9,0,0,0,34,0,0,0,0,,,,0,,,,,c8473c97-0462-4845-a207-b2a815e937aa,-1,,7,,,,30.0,,0.0,,,,,b5cf6835-5f3a-4b0d-a063-5041a6afd205.extra_data.json,,,,0,,100.0,47,34,,,62670031,2024-07-05 21:06:00.000,,62670070,2024-07-06 14:27:56.743,2024-07-05 22:08:26.193,,,UTC+0200,ooOmDJ1LSk,,com.sec.android.app.shealth,2024-07-05 21:40:00.000,b5cf6835-5f3a-4b0d-a063-5041a6afd205,
,,45.0,,26,38,2,25,55,406,177,1,48,0,,,,0,,,,,c8473c97-0462-4845-a207-b2a815e937aa,-1,,7,,,,56.0,,26.0,,,,,66c85d85-f061-4b26-a26e-d6982031a3b9.extra_data.json,,,,2,,86.0,74,406,,,62670031,2024-07-05 22:29:00.000,,62670070,2024-07-06 14:27:56.791,2024-07-06 14:27:34.528,,,UTC+0200,ooOmDJ1LSk,,com.sec.android.app.shealth,2024-07-06 05:15:00.000,66c85d85-f061-4b26-a26e-d6982031a3b9,
,,87.0,,32,67,1,3,6,333,59,0,0,0,,,,0,960000,,1200000,,,-1,-1,7,,,,75.0,2024-07-07 06:30:00.000,3.0,,2024-07-06 23:41:00.000,,,ce2e4b59-c220-4671-b94e-487a07de878a.extra_data.json,,,,4,,98.0,82,333,,,62701231,2024-07-06 23:41:00.000,,62670070,2024-07-07 12:32:02.816,2024-07-07 06:50:54.158,,,UTC+0200,ooOmDJ1LSk,,com.sec.android.app.shealth,2024-07-07 05:14:00.000,ce2e4b59-c220-4671-b94e-487a07de878a,
,,69.0,,1,1,10,6,20,412,230,1,8,0,,,,0,1080000,,-1,,,-1,-1,7,,,,42.0,,11.0,,,,,53cc64bc-79c6-4a5e-b55f-9a1facce1f63.extra_data.json,,,,3,,95.0,79,412,,,62701231,2024-07-07 20:36:00.000,,62670070,2024-07-08 08:15:53.845,2024-07-08 04:34:21.300,,,UTC+0200,ooOmDJ1LSk,,com.sec.android.app.shealth,2024-07-08 03:28:00.000,53cc64bc-79c6-4a5e-b55f-9a1facce1f63,
,,41.0,,7,33,1,29,46,441,87,2,31,0,,,,0,1140000,,1440000,,,-1,-1,7,,,,55.0,2024-07-09 05:19:00.000,19.0,,2024-07-08 21:38:00.000,,,6a980d00-050d-4952-a557-302aca489c71.extra_data.json,,,,4,,89.0,81,441,,,62701231,2024-07-08 21:38:00.000,,62670070,2024-07-09 06:18:57.129,2024-07-09 05:43:26.321,,,UTC+0200,ooOmDJ1LSk,,com.sec.android.app.shealth,2024-07-09 04:59:00.000,6a980d00-050d-4952-a557-302aca489c71,
,,74.0,,25,25,1,1,8,152,107,0,6,45,,,,0,,,,,242c5c69-daf8-40da-9977-e78bd4ca4272,-1,,7,,,,41.0,,10.0,,,,,496405cf-5f70-4445-b72f-f72afa8ad9da.extra_data.json,,,,1,,73.0,60,197,,,62670031,2024-07-10 23:32:00.000,,62670070,2024-07-11 04:22:52.529,2024-07-11 03:17:30.117,,,UTC+0200,C8oz8zt6m4,,com.sec.android.app.shealth,2024-07-11 02:49:00.000,496405cf-5f70-4445-b72f-f72afa8ad9da,
,,75.0,,0,0,2,0,2,66,66,0,0,0,,,,0,,,,,242c5c69-daf8-40da-9977-e78bd4ca4272,-1,,7,,,,7.0,,6.0,,,,,ee67bc5f-6b9e-49c0-b3a3-0c872c277eea.extra_data.json,,,,1,,96.0,41,66,,,62670031,2024-07-11 03:16:00.000,,62670070,2024-07-11 04:22:52.580,2024-07-11 04:22:49.143,,,UTC+0200,C8oz8zt6m4,,com.sec.android.app.shealth,2024-07-11 04:22:00.000,ee67bc5f-6b9e-49c0-b3a3-0c872c277eea,
,,80.0,,24,32,6,5,16,389,98,0,4,17,,,,0,,,,,,-1,,7,,,,57.0,2024-07-12 04:58:00.000,11.0,,2024-07-11 21:50:00.000,,,9db7506a-bb12-4d68-9caa-4502fddece93.extra_data.json,,,,3,,91.0,84,406,,,62670031,2024-07-11 21:50:00.000,,62670070,2024-07-12 06:13:59.700,2024-07-12 05:28:45.117,,,UTC+0200,C8oz8zt6m4,,com.sec.android.app.shealth,2024-07-12 04:36:00.000,9db7506a-bb12-4d68-9caa-4502fddece93,
,,70.0,,47,48,17,10,45,521,243,1,25,0,,,,0,,,,,,-1,,7,,,,69.0,,20.0,,,,,4fed45b4-f5fc-4790-a8a1-376da5efccd6.extra_data.json,,,,4,,91.0,83,521,,,62670031,2024-07-12 22:03:00.000,,62670070,2024-07-13 10:06:26.337,2024-07-13 06:49:01.700,,,UTC+0200,C8oz8zt6m4,,com.sec.android.app.shealth,2024-07-13 06:44:00.000,4fed45b4-f5fc-4790-a8a1-376da5efccd6,
,,79.0,,38,51,32,1,36,443,322,0,21,0,,,,0,,,,,,-1,,7,,,,61.0,2024-07-14 06:12:00.000,23.0,,2024-07-13 22:23:00.000,,,9b0c9ab9-2c28-4be8-aa7d-dbbbb97d7254.extra_data.json,,,,2,,91.0,85,443,,,62670031,2024-07-13 22:23:00.000,,62670070,2024-07-14 18:02:12.444,2024-07-14 06:37:08.164,,,UTC+0200,C8oz8zt6m4,,com.sec.android.app.shealth,2024-07-14 05:46:00.000,9b0c9ab9-2c28-4be8-aa7d-dbbbb97d7254,
,,58.0,,57,57,11,0,19,380,311,0,6,,,,,0,,,,34,,-1,,9,,,,81.0,2024-07-16 06:06:00.000,10.0,,2024-07-15 23:21:00.000,,,,,,,1,270,95.0,74,380,1,,62670031,2024-07-15 23:21:00.000,,62701610,2024-07-16 08:28:12.695,2024-07-16 06:31:18.159,,,UTC+0200,C8oz8zt6m4,,com.sec.android.app.shealth,2024-07-16 05:41:00.000,53c1a705-dd82-44f4-94b0-52aa44813630,
,,84.0,,22,65,15,2,34,426,137,0,18,,,,,0,900000,,1800000,78,,-1,-1,9,,,,87.0,,23.0,,,,,,,,,2,249,92.0,80,426,1,,62701251,2024-07-17 21:17:00.000,,62701610,2024-07-18 05:11:16.619,2024-07-18 04:53:21.147,,,UTC+0200,C8oz8zt6m4,,com.sec.android.app.shealth,2024-07-18 04:23:00.000,3c5c4590-2925-42c6-90b5-cef7f260e894,
,,6.0,,21,21,0,0,0,61,60,0,0,,,,,0,1200000,,-1,0,,-1,-1,9,,,,14.0,,0.0,,,,,,,,,0,40,100.0,47,61,1,,62701251,2024-07-18 05:19:00.000,,62701610,2024-07-18 08:45:36.472,2024-07-18 08:45:23.318,,,UTC+0200,C8oz8zt6m4,,com.sec.android.app.shealth,2024-07-18 06:20:00.000,4add2537-4ea0-4dcf-ba09-54d1e4d2de59,
,,84.0,,49,51,7,0,13,328,288,0,4,,,,,0,840000,,1620000,69,,-1,-1,9,,,,73.0,2024-07-25 05:38:00.000,8.0,,2024-07-24 23:44:00.000,,,,,,,3,195,96.0,76,328,1,,62701251,2024-07-24 23:44:00.000,,62701610,2024-07-25 15:06:49.353,2024-07-25 06:05:09.177,,,UTC+0200,C8oz8zt6m4,,com.sec.android.app.shealth,2024-07-25 05:12:00.000,500b7a75-d167-4f1d-9782-16836982a9d5,
,,84.0,,49,49,19,1,58,466,349,0,44,,,,,0,1020000,,1440000,81,,-1,-1,9,,,,79.0,2024-10-01 05:48:00.000,27.0,,2024-09-30 21:48:00.000,,,,,,,2,278,87.0,76,466,1,,62720071,2024-09-30 21:48:00.000,,62720090,2024-10-01 06:33:20.962,2024-10-01 06:12:57.200,,,UTC+0200,r7FYwmiDQH,,com.sec.android.app.shealth,2024-10-01 05:34:00.000,69b99915-a41f-40be-a34b-8e38c7b4a490,
,,85.0,,56,56,7,0,27,380,353,0,19,,,,,0,1140000,,1440000,79,,-1,-1,9,,,,78.0,2024-11-06 03:43:00.000,14.0,,2024-11-05 21:07:00.000,,,,,,,4,218,92.0,79,380,1,,62720071,2024-11-05 21:07:00.000,,62810050,2024-11-06 08:54:22.432,2024-11-06 04:07:47.430,,,UTC+0100,r7FYwmiDQH,,com.sec.android.app.shealth,2024-11-06 03:27:00.000,a300ff38-b645-4dc5-b3aa-b72285d5baec,
,,95.0,,62,62,8,3,44,477,267,0,32,,,,,0,1020000,,180000,131,,-1,480000,9,,,,87.0,,19.0,,,82800000,,,,,25200000,4,240,90.0,87,477,2,,62910031,2025-03-04 23:05:00.000,,62930070,2025-03-06 15:50:17.964,2025-03-05 07:05:07.571,,,UTC+0100,r7FYwmiDQH,,com.sec.android.app.shealth,2025-03-05 07:02:00.000,1654f102-9da7-42ae-82bd-b64ed33dabe0,
,,,,,,,,,,,,,,,,,0,1020000,,-1,,,,2760000,,,,,,,,,,,,,,,,,,,,,,,62910031,2025-03-07 01:36:00.000,,62910031,2025-03-07 06:57:26.696,2025-03-07 06:57:26.696,,,UTC+0100,NA9l677+ml,,com.sec.android.app.shealth,2025-03-07 06:54:00.000,fd0bf032-5cad-4c5a-9542-4af11dfba934,
,,86.0,,33,67,29,2,84,455,195,0,65,,,,,0,1200000,,480000,89,,-1,4440000,9,,,,86.0,,48.0,,,82800000,,,,,25200000,3,215,81.0,79,455,2,,62910031,2025-03-14 00:02:00.000,,62930070,2025-03-14 18:45:28.633,2025-03-14 07:45:44.969,,,UTC+0100,NA9l677+ml,,com.sec.android.app.shealth,2025-03-14 07:37:00.000,e3ea9e5b-6a83-41af-b804-d538f0e48503,
,,,,,,,,,,,,,,,,,0,900000,,-1,,,,720000,,,,,,,,,,,,,,,,,,,,,,,62910031,2025-03-15 00:23:00.000,,62910031,2025-03-15 21:05:29.779,2025-03-15 21:05:29.779,,,UTC+0100,NA9l677+ml,,com.sec.android.app.shealth,2025-03-15 02:14:00.000,10db4655-2ebf-4d99-a9d9-c667054e3e7e,
,,5.0,,0,0,1,0,1,17,16,0,0,,,,,0,960000,,720000,0,,-1,1380000,9,,,,5.0,2025-03-21 20:26:00.000,12.0,,2025-03-21 19:19:00.000,82800000,,,,,25200000,0,16,94.0,28,17,2,,62910031,2025-03-21 19:19:00.000,,62930070,2025-03-21 20:38:13.486,2025-03-21 20:38:10.732,,,UTC+0100,NA9l677+ml,,com.sec.android.app.shealth,2025-03-21 19:36:00.000,2c9f2f06-cf20-42a3-84cf-575311857b2d,
,,88.0,,87,87,6,0,15,461,442,0,7,,,,,0,900000,,840000,80,,-1,660000,9,,,,95.0,2025-03-23 07:03:00.000,6.0,,2025-03-22 22:42:00.000,82800000,,,,,25200000,4,279,96.0,90,461,2,,62910031,2025-03-22 22:42:00.000,,62930070,2025-03-23 07:45:39.765,2025-03-23 07:17:12.739,,,UTC+0100,NA9l677+ml,,com.sec.android.app.shealth,2025-03-23 06:23:30.000,897afa87-22a1-44fa-a313-966ba18b0747,
,,5.0,,0,0,1,0,1,13,12,0,0,,,,,0,720000,,1380000,0,,-1,1320000,9,,,,5.0,2025-04-24 06:32:00.000,16.0,,2025-04-24 05:00:00.000,82800000,,,,,25200000,0,12,92.0,28,13,2,,62950051,2025-04-24 05:00:00.000,,62950170,2025-04-24 17:10:21.129,2025-04-24 06:55:41.351,,,UTC+0200,NA9l677+ml,,com.sec.android.app.shealth,2025-04-24 05:13:00.000,1b5b3fae-7ab1-4658-b0c1-abcc02c79725,
,,5.0,,0,0,1,0,1,14,13,0,0,,,,,0,780000,,1380000,0,,-1,2520000,9,,,,5.0,2025-04-24 10:17:00.000,15.0,,2025-04-24 08:50:00.000,82800000,,,,,25200000,0,13,92.0,28,14,2,,62950051,2025-04-24 08:50:00.000,,62950170,2025-04-24 17:10:17.718,2025-04-24 10:40:48.234,,,UTC+0200,NA9l677+ml,,com.sec.android.app.shealth,2025-04-24 09:04:00.000,7840dba2-51fb-454c-bb31-b7ffa74f0b28,
,,29.0,,0,0,75,0,76,140,137,0,74,,,,,0,1200000,,1320000,18,,-1,4560000,9,,,,10.0,2025-04-24 15:09:00.000,100.0,,2025-04-24 12:38:00.000,82800000,,,,,25200000,1,46,45.0,23,140,2,,62950051,2025-04-24 12:38:00.000,,62950170,2025-04-24 17:10:19.264,2025-04-24 15:31:12.983,,,UTC+0200,NA9l677+ml,,com.sec.android.app.shealth,2025-04-24 14:58:30.000,b17abbfe-979b-4230-b332-8dd69d634053,
,,64.0,,3,3,41,0,55,315,143,0,45,,,,,0,780000,,1380000,49,,-1,1800000,9,,,,18.0,2025-05-03 03:58:00.000,60.0,,2025-05-02 22:04:00.000,82800000,,,,,25200000,3,208,82.0,48,315,2,,62950051,2025-05-02 22:04:00.000,,62950170,2025-05-04 06:55:14.699,2025-05-03 04:21:16.981,,,UTC+0200,NA9l677+ml,,com.sec.android.app.shealth,2025-05-03 03:19:00.000,a1206f77-c4b2-40a1-a4dc-ca22366c6cd0,
