com.samsung.shealth.food_frequent,6295017,1
eveningsnack_count,update_time,create_time,morningsnack_count,dinner_count,breakfast_count,deviceuuid,pkg_name,afternoonsnack_count,datauuid,food_info_id,lunch_count
0.75,2024-07-03 09:12:26.886,2024-07-03 09:12:26.886,0.75,0.75,0.75,64Z1605Zgy,com.sec.android.app.shealth,0.75,7dbc087e-7ed4-4c00-aa5f-f2985fbb72ba,1899c507-c391-4f42-a4de-145aecb623c0,0.75,
0.71,2024-07-03 09:12:26.886,2024-07-03 09:12:26.886,0.71,0.71,0.71,64Z1605Zgy,com.sec.android.app.shealth,0.71,7c897fda-3fe9-4ceb-afc2-f1a182a78875,cd910a59-ad45-46df-b3cd-3fac17e24223,0.71,
0.67,2024-07-03 09:12:26.886,2024-07-03 09:12:26.886,0.67,0.67,0.67,64Z1605Zgy,com.sec.android.app.shealth,0.67,26176ca5-733b-4540-bdfb-12add34ea056,fefa54ed-bef5-4c7d-b29a-0dcdd0e9c015,0.67,
0.99,2024-07-03 09:12:26.885,2024-07-03 09:12:26.885,0.99,0.99,0.99,64Z1605Zgy,com.sec.android.app.shealth,0.99,afaa86f2-43f4-4f36-9352-bf01b496925c,3f6c8877-9067-4549-b2db-eafc3c9785b2,0.99,
0.95,2024-07-03 09:12:26.885,2024-07-03 09:12:26.885,0.95,0.95,0.95,64Z1605Zgy,com.sec.android.app.shealth,0.95,0bb63b96-610b-4d1d-aa59-ad401fe3f250,815e7f2d-1068-4bd6-8fd0-259ff7889e8f,0.95,
0.91,2024-07-03 09:12:26.885,2024-07-03 09:12:26.885,0.91,0.91,0.91,64Z1605Zgy,com.sec.android.app.shealth,0.91,02288447-4600-41cf-afbb-5c2c6f9dc31a,2b43ff95-0029-4a02-a0b6-e4af77940268,0.91,
0.87,2024-07-03 09:12:26.885,2024-07-03 09:12:26.885,0.87,0.87,0.87,64Z1605Zgy,com.sec.android.app.shealth,0.87,d0158c2d-da19-44e3-8138-fed13900779f,0d1410d4-305c-41a7-ac76-73f4d5a9c97a,0.87,
0.83,2024-07-03 09:12:26.885,2024-07-03 09:12:26.885,0.83,0.83,0.83,64Z1605Zgy,com.sec.android.app.shealth,0.83,74da9198-85ac-4d7b-b1b1-c1dc8627fd9b,c4b39858-0ec0-43b7-bded-69346ca36adf,0.83,
0.79,2024-07-03 09:12:26.885,2024-07-03 09:12:26.885,0.79,0.79,0.79,64Z1605Zgy,com.sec.android.app.shealth,0.79,e330d688-301a-434d-a97f-64963091c948,7471ff09-eacc-4846-8060-811bab4e1b98,0.79,
0.63,2024-07-03 09:12:26.886,2024-07-03 09:12:26.886,0.63,0.63,0.63,64Z1605Zgy,com.sec.android.app.shealth,0.63,3f4f772c-1508-4a9e-af62-64eff281e0b8,84dbe719-7c3c-48e2-a659-78424fdfd112,0.63,
