com.samsung.health.movement,6295017,1
create_sh_ver,start_time,custom,binning_data,modify_sh_ver,update_time,create_time,time_offset,deviceuuid,comment,pkg_name,end_time,datauuid
62910031,2025-03-04 10:03:00.000,,db9c4db1-6ea1-4f88-9299-52fe62ace329.binning_data.json,62910031,2025-03-04 11:03:28.412,2025-03-04 10:23:05.138,UTC+0100,r7FYwmiDQH,,com.sec.android.app.shealth,2025-03-04 10:59:59.999,db9c4db1-6ea1-4f88-9299-52fe62ace329,
62910031,2025-03-04 11:00:00.000,,3543f82e-0a5e-40ee-becf-80e133bd5af4.binning_data.json,62910031,2025-03-04 12:04:05.053,2025-03-04 11:03:28.428,UTC+0100,r7FYwmiDQH,,com.sec.android.app.shealth,2025-03-04 11:59:59.999,3543f82e-0a5e-40ee-becf-80e133bd5af4,
62910031,2025-03-04 12:00:00.000,,3e96683c-adbb-499c-8ccd-9bee5e5447b1.binning_data.json,62910031,2025-03-04 13:04:42.037,2025-03-04 12:04:05.064,UTC+0100,r7FYwmiDQH,,com.sec.android.app.shealth,2025-03-04 12:59:59.999,3e96683c-adbb-499c-8ccd-9bee5e5447b1,
62910031,2025-03-04 13:00:00.000,,29c4cdd1-53f3-417d-b389-2e44a9784a6d.binning_data.json,62910031,2025-03-04 14:05:18.047,2025-03-04 13:04:42.050,UTC+0100,r7FYwmiDQH,,com.sec.android.app.shealth,2025-03-04 13:59:59.999,29c4cdd1-53f3-417d-b389-2e44a9784a6d,
62910031,2025-03-04 14:00:00.000,,6b1307c8-a2bc-4f11-b44f-2e8f0eda4a80.binning_data.json,62910031,2025-03-04 15:05:55.039,2025-03-04 14:05:18.056,UTC+0100,r7FYwmiDQH,,com.sec.android.app.shealth,2025-03-04 14:59:59.999,6b1307c8-a2bc-4f11-b44f-2e8f0eda4a80,
62910031,2025-03-04 15:00:00.000,,3b0141ce-a7dd-4c9b-b93f-6bb4bb69ef71.binning_data.json,62910031,2025-03-04 16:06:31.045,2025-03-04 15:05:55.049,UTC+0100,r7FYwmiDQH,,com.sec.android.app.shealth,2025-03-04 15:59:59.999,3b0141ce-a7dd-4c9b-b93f-6bb4bb69ef71,
62910031,2025-03-04 16:00:00.000,,c418e827-e0ec-48e7-8ddf-92175a1c6092.binning_data.json,62910031,2025-03-04 17:07:07.063,2025-03-04 16:06:31.128,UTC+0100,r7FYwmiDQH,,com.sec.android.app.shealth,2025-03-04 16:59:59.999,c418e827-e0ec-48e7-8ddf-92175a1c6092,
62910031,2025-03-04 17:00:00.000,,0e255bf8-226b-43a2-af3f-16b73b88158d.binning_data.json,62910031,2025-03-04 18:07:43.042,2025-03-04 17:07:07.126,UTC+0100,r7FYwmiDQH,,com.sec.android.app.shealth,2025-03-04 17:59:59.999,0e255bf8-226b-43a2-af3f-16b73b88158d,
62910031,2025-03-04 18:00:00.000,,68cf62b3-6cd8-4c11-b2e8-0d5b4f85805e.binning_data.json,62910031,2025-03-04 19:08:20.045,2025-03-04 18:07:43.055,UTC+0100,r7FYwmiDQH,,com.sec.android.app.shealth,2025-03-04 18:59:59.999,68cf62b3-6cd8-4c11-b2e8-0d5b4f85805e,
62910031,2025-03-04 19:00:00.000,,4868bab8-f102-42b8-b29b-534de08391e4.binning_data.json,62910031,2025-03-04 20:08:56.052,2025-03-04 19:08:20.056,UTC+0100,r7FYwmiDQH,,com.sec.android.app.shealth,2025-03-04 19:59:59.999,4868bab8-f102-42b8-b29b-534de08391e4,
62910031,2025-03-04 20:00:00.000,,c1c84e53-0f37-4eff-8651-1172f9db74f5.binning_data.json,62910031,2025-03-04 20:48:00.283,2025-03-04 20:08:56.062,UTC+0100,r7FYwmiDQH,,com.sec.android.app.shealth,2025-03-04 20:49:59.999,c1c84e53-0f37-4eff-8651-1172f9db74f5,
62910031,2025-03-04 22:51:00.000,,36b9da52-4b85-4c44-b7e3-b51d20e46781.binning_data.json,62910031,2025-03-04 23:11:58.142,2025-03-04 23:11:58.142,UTC+0100,r7FYwmiDQH,,com.sec.android.app.shealth,2025-03-04 22:59:59.999,36b9da52-4b85-4c44-b7e3-b51d20e46781,
62910031,2025-03-04 23:00:00.000,,c0d4aa40-e0ad-4cfc-b5c2-02d2929e93ec.binning_data.json,62910031,2025-03-05 00:12:34.223,2025-03-04 23:11:58.147,UTC+0100,r7FYwmiDQH,,com.sec.android.app.shealth,2025-03-04 23:59:59.999,c0d4aa40-e0ad-4cfc-b5c2-02d2929e93ec,
62910031,2025-03-05 00:00:00.000,,701cc8c0-4d6e-49f7-ab26-51be4b109798.binning_data.json,62910031,2025-03-05 01:13:11.055,2025-03-05 00:12:34.274,UTC+0100,r7FYwmiDQH,,com.sec.android.app.shealth,2025-03-05 00:59:59.999,701cc8c0-4d6e-49f7-ab26-51be4b109798,
62910031,2025-03-05 01:00:00.000,,19254deb-3084-4440-9b41-e91b4a2ecce8.binning_data.json,62910031,2025-03-05 02:13:48.047,2025-03-05 01:13:11.154,UTC+0100,r7FYwmiDQH,,com.sec.android.app.shealth,2025-03-05 01:59:59.999,19254deb-3084-4440-9b41-e91b4a2ecce8,
62910031,2025-03-05 02:00:00.000,,f582b4d8-cc1e-497e-893f-5b5f944bb1c9.binning_data.json,62910031,2025-03-05 03:14:25.103,2025-03-05 02:13:48.057,UTC+0100,r7FYwmiDQH,,com.sec.android.app.shealth,2025-03-05 02:59:59.999,f582b4d8-cc1e-497e-893f-5b5f944bb1c9,
62910031,2025-03-05 03:00:00.000,,119ec6b1-7961-4858-953e-68753b728bf0.binning_data.json,62910031,2025-03-05 04:15:02.139,2025-03-05 03:14:25.138,UTC+0100,r7FYwmiDQH,,com.sec.android.app.shealth,2025-03-05 03:59:59.999,119ec6b1-7961-4858-953e-68753b728bf0,
62910031,2025-03-05 04:00:00.000,,8e45c909-6d5c-42e7-8fad-5d2de3737aa4.binning_data.json,62910031,2025-03-05 05:15:39.211,2025-03-05 04:15:02.175,UTC+0100,r7FYwmiDQH,,com.sec.android.app.shealth,2025-03-05 04:59:59.999,8e45c909-6d5c-42e7-8fad-5d2de3737aa4,
62910031,2025-03-05 05:00:00.000,,cae93fc0-4887-46b6-88f6-100aaa907227.binning_data.json,62910031,2025-03-05 06:16:16.042,2025-03-05 05:15:39.243,UTC+0100,r7FYwmiDQH,,com.sec.android.app.shealth,2025-03-05 05:59:59.999,cae93fc0-4887-46b6-88f6-100aaa907227,
62910031,2025-03-05 06:00:00.000,,c93cfc0d-103a-4308-9a16-f205e4fa4021.binning_data.json,62910031,2025-03-05 07:05:07.270,2025-03-05 06:16:16.052,UTC+0100,r7FYwmiDQH,,com.sec.android.app.shealth,2025-03-05 06:59:59.999,c93cfc0d-103a-4308-9a16-f205e4fa4021,
62910031,2025-03-05 07:00:00.000,,e637ffdd-5d3d-4ff9-a3d7-5dc2dbbde9ce.binning_data.json,62910031,2025-03-05 07:05:07.339,2025-03-05 07:05:07.339,UTC+0100,r7FYwmiDQH,,com.sec.android.app.shealth,2025-03-05 07:16:59.999,e637ffdd-5d3d-4ff9-a3d7-5dc2dbbde9ce,
62701231,2025-03-06 17:52:00.000,,a72672b4-d827-4baf-a6cb-8169b65d0efb.binning_data.json,62701231,2025-03-06 18:12:02.413,2025-03-06 18:12:02.413,UTC+0100,NA9l677+ml,,com.sec.android.app.shealth,2025-03-06 17:59:59.999,a72672b4-d827-4baf-a6cb-8169b65d0efb,
62701231,2025-03-06 18:00:00.000,,df8a9119-dc64-4e93-9b10-6531c6a2b691.binning_data.json,62701231,2025-03-06 19:12:17.503,2025-03-06 18:12:02.429,UTC+0100,NA9l677+ml,,com.sec.android.app.shealth,2025-03-06 18:59:59.999,df8a9119-dc64-4e93-9b10-6531c6a2b691,
62701231,2025-03-06 19:00:00.000,,7b78dd35-5dcf-4fe6-8394-9e75b33e0906.binning_data.json,62701231,2025-03-06 20:12:28.676,2025-03-06 19:12:17.598,UTC+0100,NA9l677+ml,,com.sec.android.app.shealth,2025-03-06 19:59:59.999,7b78dd35-5dcf-4fe6-8394-9e75b33e0906,
62701231,2025-03-06 20:00:00.000,,15bccf41-44de-4719-a418-318be7715979.binning_data.json,62701231,2025-03-06 21:12:45.932,2025-03-06 20:12:28.783,UTC+0100,NA9l677+ml,,com.sec.android.app.shealth,2025-03-06 20:59:59.999,15bccf41-44de-4719-a418-318be7715979,
62701231,2025-03-06 21:00:00.000,,a7418a52-5953-4543-a810-7700dc0be6aa.binning_data.json,62701231,2025-03-06 22:13:03.661,2025-03-06 21:12:45.942,UTC+0100,NA9l677+ml,,com.sec.android.app.shealth,2025-03-06 21:59:59.999,a7418a52-5953-4543-a810-7700dc0be6aa,
62701231,2025-03-06 22:00:00.000,,0ea286d0-958f-4651-bc04-29843c708a9c.binning_data.json,62701231,2025-03-06 23:13:17.678,2025-03-06 22:13:03.794,UTC+0100,NA9l677+ml,,com.sec.android.app.shealth,2025-03-06 22:59:59.999,0ea286d0-958f-4651-bc04-29843c708a9c,
62701231,2025-03-06 23:00:00.000,,9638df98-f978-4799-b3c5-ec06cfda8d3b.binning_data.json,62701231,2025-03-07 00:13:35.086,2025-03-06 23:13:17.695,UTC+0100,NA9l677+ml,,com.sec.android.app.shealth,2025-03-06 23:59:59.999,9638df98-f978-4799-b3c5-ec06cfda8d3b,
62701231,2025-03-07 00:00:00.000,,c89cdd93-ffab-45f3-a193-244b20ca98a9.binning_data.json,62701231,2025-03-07 01:13:51.978,2025-03-07 00:13:35.116,UTC+0100,NA9l677+ml,,com.sec.android.app.shealth,2025-03-07 00:59:59.999,c89cdd93-ffab-45f3-a193-244b20ca98a9,
62701231,2025-03-07 01:00:00.000,,45b9a7e8-700a-4628-8eff-b3ee652fb732.binning_data.json,62701231,2025-03-07 02:14:10.861,2025-03-07 01:13:51.984,UTC+0100,NA9l677+ml,,com.sec.android.app.shealth,2025-03-07 01:59:59.999,45b9a7e8-700a-4628-8eff-b3ee652fb732,
62701231,2025-03-07 02:00:00.000,,20dfe8cc-2f19-432f-9894-a65df5747079.binning_data.json,62701231,2025-03-07 03:14:28.458,2025-03-07 02:14:10.968,UTC+0100,NA9l677+ml,,com.sec.android.app.shealth,2025-03-07 02:59:59.999,20dfe8cc-2f19-432f-9894-a65df5747079,
62701231,2025-03-07 03:00:00.000,,3d62bc0f-4db5-4487-a064-64c17e75aea0.binning_data.json,62701231,2025-03-07 04:14:47.492,2025-03-07 03:14:28.559,UTC+0100,NA9l677+ml,,com.sec.android.app.shealth,2025-03-07 03:59:59.999,3d62bc0f-4db5-4487-a064-64c17e75aea0,
62701231,2025-03-07 04:00:00.000,,edc5aa1c-856b-4d3f-aeb8-2f282e58c674.binning_data.json,62701231,2025-03-07 05:15:05.025,2025-03-07 04:14:47.600,UTC+0100,NA9l677+ml,,com.sec.android.app.shealth,2025-03-07 04:59:59.999,edc5aa1c-856b-4d3f-aeb8-2f282e58c674,
62701231,2025-03-07 05:00:00.000,,a326863a-5698-4a7c-9646-26654a361797.binning_data.json,62701231,2025-03-07 06:15:21.954,2025-03-07 05:15:05.033,UTC+0100,NA9l677+ml,,com.sec.android.app.shealth,2025-03-07 05:59:59.999,a326863a-5698-4a7c-9646-26654a361797,
62701231,2025-03-07 06:00:00.000,,656637c1-12ec-4f1b-bfeb-61d47b239061.binning_data.json,62910031,2025-03-07 07:17:34.086,2025-03-07 06:15:21.987,UTC+0100,NA9l677+ml,,com.sec.android.app.shealth,2025-03-07 06:59:59.999,656637c1-12ec-4f1b-bfeb-61d47b239061,
62910031,2025-03-07 07:00:00.000,,61b6f860-3b9d-4e26-937f-4a2d12d741ab.binning_data.json,62910031,2025-03-07 08:17:48.176,2025-03-07 07:17:34.096,UTC+0100,NA9l677+ml,,com.sec.android.app.shealth,2025-03-07 07:59:59.999,61b6f860-3b9d-4e26-937f-4a2d12d741ab,
62910031,2025-03-07 08:00:00.000,,9708199f-71f3-4753-9168-dbaa53e7a256.binning_data.json,62910031,2025-03-07 09:18:01.157,2025-03-07 08:17:48.183,UTC+0100,NA9l677+ml,,com.sec.android.app.shealth,2025-03-07 08:59:59.999,9708199f-71f3-4753-9168-dbaa53e7a256,
62910031,2025-03-07 09:00:00.000,,315c8882-6263-41dc-9a17-c1f2afa6ba20.binning_data.json,62910031,2025-03-07 10:18:17.040,2025-03-07 09:18:01.164,UTC+0100,NA9l677+ml,,com.sec.android.app.shealth,2025-03-07 09:59:59.999,315c8882-6263-41dc-9a17-c1f2afa6ba20,
62910031,2025-03-07 10:00:00.000,,3d621228-fce1-4373-bcaa-cae1aefca344.binning_data.json,62910031,2025-03-07 11:18:32.911,2025-03-07 10:18:17.047,UTC+0100,NA9l677+ml,,com.sec.android.app.shealth,2025-03-07 10:59:59.999,3d621228-fce1-4373-bcaa-cae1aefca344,
62910031,2025-03-07 11:00:00.000,,41b9b584-c50c-4241-aba6-c7f82d083bd3.binning_data.json,62910031,2025-03-07 12:18:47.883,2025-03-07 11:18:32.917,UTC+0100,NA9l677+ml,,com.sec.android.app.shealth,2025-03-07 11:59:59.999,41b9b584-c50c-4241-aba6-c7f82d083bd3,
62910031,2025-03-07 12:00:00.000,,f5e17893-1595-4c88-93d9-d1f9e1979132.binning_data.json,62910031,2025-03-07 13:19:02.073,2025-03-07 12:18:47.891,UTC+0100,NA9l677+ml,,com.sec.android.app.shealth,2025-03-07 12:59:59.999,f5e17893-1595-4c88-93d9-d1f9e1979132,
62910031,2025-03-07 13:00:00.000,,a045055c-57ce-4a0b-943f-2142cd9f2381.binning_data.json,62910031,2025-03-07 14:19:13.430,2025-03-07 13:19:02.081,UTC+0100,NA9l677+ml,,com.sec.android.app.shealth,2025-03-07 13:59:59.999,a045055c-57ce-4a0b-943f-2142cd9f2381,
62910031,2025-03-07 14:00:00.000,,75089a21-1c8a-450b-871c-b6290493f59d.binning_data.json,62910031,2025-03-07 15:19:29.015,2025-03-07 14:19:13.437,UTC+0100,NA9l677+ml,,com.sec.android.app.shealth,2025-03-07 14:59:59.999,75089a21-1c8a-450b-871c-b6290493f59d,
62910031,2025-03-07 15:00:00.000,,7ddc5053-9def-4813-9011-d467930fd015.binning_data.json,62910031,2025-03-07 16:19:46.097,2025-03-07 15:19:29.022,UTC+0100,NA9l677+ml,,com.sec.android.app.shealth,2025-03-07 15:59:59.999,7ddc5053-9def-4813-9011-d467930fd015,
62910031,2025-03-07 16:00:00.000,,e7dcabdf-5900-4ce5-89c8-73317e9c41bb.binning_data.json,62910031,2025-03-07 16:59:56.933,2025-03-07 16:19:46.112,UTC+0100,NA9l677+ml,,com.sec.android.app.shealth,2025-03-07 16:58:59.999,e7dcabdf-5900-4ce5-89c8-73317e9c41bb,
62910031,2025-03-07 17:00:00.000,,b249865c-bbc0-42d2-be91-c1c7aa004b90.binning_data.json,62910031,2025-03-07 17:40:08.118,2025-03-07 17:20:02.785,UTC+0100,NA9l677+ml,,com.sec.android.app.shealth,2025-03-07 17:39:59.999,b249865c-bbc0-42d2-be91-c1c7aa004b90,
62910031,2025-03-13 13:15:00.000,,93bd3df0-e486-4f15-986b-7579329c0428.binning_data.json,62910031,2025-03-13 14:15:36.195,2025-03-13 13:35:31.245,UTC+0100,NA9l677+ml,,com.sec.android.app.shealth,2025-03-13 13:59:59.999,93bd3df0-e486-4f15-986b-7579329c0428,
62910031,2025-03-13 14:00:00.000,,34ec8281-b9c5-4452-af42-aef2298bba3f.binning_data.json,62910031,2025-03-13 15:15:45.188,2025-03-13 14:15:36.207,UTC+0100,NA9l677+ml,,com.sec.android.app.shealth,2025-03-13 14:59:59.999,34ec8281-b9c5-4452-af42-aef2298bba3f,
62910031,2025-03-13 15:00:00.000,,a8ccd73b-1724-473c-8619-a088cf038a30.binning_data.json,62910031,2025-03-13 16:15:54.090,2025-03-13 15:15:45.198,UTC+0100,NA9l677+ml,,com.sec.android.app.shealth,2025-03-13 15:59:59.999,a8ccd73b-1724-473c-8619-a088cf038a30,
62910031,2025-03-13 16:00:00.000,,4665bf59-e016-4f2d-90ad-16a2ad23822e.binning_data.json,62910031,2025-03-13 17:16:03.383,2025-03-13 16:15:54.100,UTC+0100,NA9l677+ml,,com.sec.android.app.shealth,2025-03-13 16:59:59.999,4665bf59-e016-4f2d-90ad-16a2ad23822e,
62910031,2025-03-13 17:00:00.000,,807aa0d5-8317-42a1-9b8c-5c0743ec63e2.binning_data.json,62910031,2025-03-13 18:16:11.812,2025-03-13 17:16:03.393,UTC+0100,NA9l677+ml,,com.sec.android.app.shealth,2025-03-13 17:59:59.999,807aa0d5-8317-42a1-9b8c-5c0743ec63e2,
62910031,2025-03-13 18:00:00.000,,8bd41ff8-08c7-489e-ab3f-f42bf20f674a.binning_data.json,62910031,2025-03-13 19:16:21.138,2025-03-13 18:16:11.825,UTC+0100,NA9l677+ml,,com.sec.android.app.shealth,2025-03-13 18:59:59.999,8bd41ff8-08c7-489e-ab3f-f42bf20f674a,
62910031,2025-03-13 19:00:00.000,,f6b02dd4-e90e-4594-9260-7c9783d47a7f.binning_data.json,62910031,2025-03-13 20:16:29.732,2025-03-13 19:16:21.148,UTC+0100,NA9l677+ml,,com.sec.android.app.shealth,2025-03-13 19:59:59.999,f6b02dd4-e90e-4594-9260-7c9783d47a7f,
62910031,2025-03-13 20:00:00.000,,9336753d-6f4b-40d0-9f11-9989a2a85c14.binning_data.json,62910031,2025-03-13 21:16:38.917,2025-03-13 20:16:29.743,UTC+0100,NA9l677+ml,,com.sec.android.app.shealth,2025-03-13 20:59:59.999,9336753d-6f4b-40d0-9f11-9989a2a85c14,
62910031,2025-03-13 21:00:00.000,,22c73b4b-d0de-4f0e-bbb6-43e0ce080b5d.binning_data.json,62910031,2025-03-13 22:14:18.130,2025-03-13 21:16:38.925,UTC+0100,NA9l677+ml,,com.sec.android.app.shealth,2025-03-13 21:59:59.999,22c73b4b-d0de-4f0e-bbb6-43e0ce080b5d,
62910031,2025-03-13 22:00:00.000,,30d2c6aa-f694-47de-a5c8-a057d30b622a.binning_data.json,62910031,2025-03-13 23:14:29.855,2025-03-13 22:14:18.222,UTC+0100,NA9l677+ml,,com.sec.android.app.shealth,2025-03-13 22:59:59.999,30d2c6aa-f694-47de-a5c8-a057d30b622a,
62910031,2025-03-13 23:00:00.000,,9378ee75-44ea-488f-a47f-82cf163f4690.binning_data.json,62910031,2025-03-14 00:14:39.647,2025-03-13 23:14:29.868,UTC+0100,NA9l677+ml,,com.sec.android.app.shealth,2025-03-13 23:59:59.999,9378ee75-44ea-488f-a47f-82cf163f4690,
62910031,2025-03-14 00:00:00.000,,b58eb20e-1881-4c65-b216-ef9055187d48.binning_data.json,62910031,2025-03-14 01:14:46.478,2025-03-14 00:14:39.657,UTC+0100,NA9l677+ml,,com.sec.android.app.shealth,2025-03-14 00:59:59.999,b58eb20e-1881-4c65-b216-ef9055187d48,
62910031,2025-03-14 01:00:00.000,,346c1ede-5031-44de-b439-4d65c1899229.binning_data.json,62910031,2025-03-14 02:14:55.409,2025-03-14 01:14:46.487,UTC+0100,NA9l677+ml,,com.sec.android.app.shealth,2025-03-14 01:59:59.999,346c1ede-5031-44de-b439-4d65c1899229,
62910031,2025-03-14 02:00:00.000,,ce1f7df2-5d08-4ffa-b163-73e7a92f081d.binning_data.json,62910031,2025-03-14 03:15:02.999,2025-03-14 02:14:55.419,UTC+0100,NA9l677+ml,,com.sec.android.app.shealth,2025-03-14 02:59:59.999,ce1f7df2-5d08-4ffa-b163-73e7a92f081d,
62910031,2025-03-14 03:00:00.000,,16e44d2b-f946-4a62-8cd6-7944a9585906.binning_data.json,62910031,2025-03-14 04:15:10.433,2025-03-14 03:15:03.007,UTC+0100,NA9l677+ml,,com.sec.android.app.shealth,2025-03-14 03:59:59.999,16e44d2b-f946-4a62-8cd6-7944a9585906,
62910031,2025-03-14 04:00:00.000,,b42db5be-ee0f-4d61-979c-d5bda23a702b.binning_data.json,62910031,2025-03-14 05:15:18.421,2025-03-14 04:15:10.443,UTC+0100,NA9l677+ml,,com.sec.android.app.shealth,2025-03-14 04:59:59.999,b42db5be-ee0f-4d61-979c-d5bda23a702b,
62910031,2025-03-14 05:00:00.000,,0d57cefd-230e-4f26-9f2f-288f39666375.binning_data.json,62910031,2025-03-14 06:15:27.002,2025-03-14 05:15:18.432,UTC+0100,NA9l677+ml,,com.sec.android.app.shealth,2025-03-14 05:59:59.999,0d57cefd-230e-4f26-9f2f-288f39666375,
62910031,2025-03-14 06:00:00.000,,ceabf53d-c694-46ac-aac3-f7959b749a7f.binning_data.json,62910031,2025-03-14 07:15:33.807,2025-03-14 06:15:27.013,UTC+0100,NA9l677+ml,,com.sec.android.app.shealth,2025-03-14 06:59:59.999,ceabf53d-c694-46ac-aac3-f7959b749a7f,
62910031,2025-03-14 07:00:00.000,,86056c4a-85a7-4860-8656-2d1aac5b9e59.binning_data.json,62910031,2025-03-14 08:15:41.497,2025-03-14 07:15:33.823,UTC+0100,NA9l677+ml,,com.sec.android.app.shealth,2025-03-14 07:59:59.999,86056c4a-85a7-4860-8656-2d1aac5b9e59,
62910031,2025-03-14 08:00:00.000,,fb4e933c-f45c-433e-9439-c146031023de.binning_data.json,62910031,2025-03-14 09:15:49.506,2025-03-14 08:15:41.505,UTC+0100,NA9l677+ml,,com.sec.android.app.shealth,2025-03-14 08:59:59.999,fb4e933c-f45c-433e-9439-c146031023de,
62910031,2025-03-14 09:00:00.000,,a9dfa01e-fc5d-4f59-9076-c48cee8840b4.binning_data.json,62910031,2025-03-14 10:15:57.272,2025-03-14 09:15:49.631,UTC+0100,NA9l677+ml,,com.sec.android.app.shealth,2025-03-14 09:59:59.999,a9dfa01e-fc5d-4f59-9076-c48cee8840b4,
62910031,2025-03-14 10:00:00.000,,45373e66-6be0-4439-88b0-5cc530867b86.binning_data.json,62910031,2025-03-14 11:16:05.166,2025-03-14 10:15:57.283,UTC+0100,NA9l677+ml,,com.sec.android.app.shealth,2025-03-14 10:59:59.999,45373e66-6be0-4439-88b0-5cc530867b86,
62910031,2025-03-14 11:00:00.000,,79b1bafe-c445-4ea6-b0ce-86761cc9cda7.binning_data.json,62910031,2025-03-14 12:16:13.947,2025-03-14 11:16:05.174,UTC+0100,NA9l677+ml,,com.sec.android.app.shealth,2025-03-14 11:59:59.999,79b1bafe-c445-4ea6-b0ce-86761cc9cda7,
62910031,2025-03-14 12:00:00.000,,022865fd-820c-42a3-8839-523df25869bd.binning_data.json,62910031,2025-03-14 13:16:22.816,2025-03-14 12:16:14.071,UTC+0100,NA9l677+ml,,com.sec.android.app.shealth,2025-03-14 12:59:59.999,022865fd-820c-42a3-8839-523df25869bd,
62910031,2025-03-14 13:00:00.000,,a443c929-b823-42f9-b4b8-03b679081921.binning_data.json,62910031,2025-03-14 14:16:18.371,2025-03-14 13:16:22.836,UTC+0100,NA9l677+ml,,com.sec.android.app.shealth,2025-03-14 13:59:59.999,a443c929-b823-42f9-b4b8-03b679081921,
62910031,2025-03-14 14:00:00.000,,03772f18-558d-456c-8837-382dc87f81b6.binning_data.json,62910031,2025-03-14 15:16:26.738,2025-03-14 14:16:18.380,UTC+0100,NA9l677+ml,,com.sec.android.app.shealth,2025-03-14 14:59:59.999,03772f18-558d-456c-8837-382dc87f81b6,
62910031,2025-03-14 15:00:00.000,,119b00a8-7d14-4fbb-b5b0-8c66d921f88e.binning_data.json,62910031,2025-03-14 16:16:36.410,2025-03-14 15:16:26.748,UTC+0100,NA9l677+ml,,com.sec.android.app.shealth,2025-03-14 15:59:59.999,119b00a8-7d14-4fbb-b5b0-8c66d921f88e,
62910031,2025-03-14 16:00:00.000,,0728c198-67c9-46d5-92b7-a297cf87ddf2.binning_data.json,62910031,2025-03-14 17:16:44.703,2025-03-14 16:16:36.420,UTC+0100,NA9l677+ml,,com.sec.android.app.shealth,2025-03-14 16:59:59.999,0728c198-67c9-46d5-92b7-a297cf87ddf2,
62910031,2025-03-14 17:00:00.000,,0c089251-b89d-4d1a-81f4-46d14bf15d96.binning_data.json,62910031,2025-03-14 18:16:51.129,2025-03-14 17:16:44.716,UTC+0100,NA9l677+ml,,com.sec.android.app.shealth,2025-03-14 17:59:59.999,0c089251-b89d-4d1a-81f4-46d14bf15d96,
62910031,2025-03-14 18:00:00.000,,4aae9b5f-f4b1-4536-8bf3-6db948b75294.binning_data.json,62910031,2025-03-14 19:16:59.954,2025-03-14 18:16:51.138,UTC+0100,NA9l677+ml,,com.sec.android.app.shealth,2025-03-14 18:59:59.999,4aae9b5f-f4b1-4536-8bf3-6db948b75294,
62910031,2025-03-14 19:00:00.000,,23e8f3e0-be0e-46ce-b6c3-400e8589c700.binning_data.json,62910031,2025-03-14 20:17:10.190,2025-03-14 19:17:00.059,UTC+0100,NA9l677+ml,,com.sec.android.app.shealth,2025-03-14 19:59:59.999,23e8f3e0-be0e-46ce-b6c3-400e8589c700,
62910031,2025-03-14 20:00:00.000,,040cf6db-9757-44ff-a470-0af5f0739579.binning_data.json,62910031,2025-03-14 21:11:20.268,2025-03-14 20:17:10.288,UTC+0100,NA9l677+ml,,com.sec.android.app.shealth,2025-03-14 20:59:59.999,040cf6db-9757-44ff-a470-0af5f0739579,
62910031,2025-03-14 21:00:00.000,,1bcec2a5-6f4f-4e59-a0d4-40d1921ed3b9.binning_data.json,62910031,2025-03-14 22:11:29.924,2025-03-14 21:11:20.382,UTC+0100,NA9l677+ml,,com.sec.android.app.shealth,2025-03-14 21:59:59.999,1bcec2a5-6f4f-4e59-a0d4-40d1921ed3b9,
62910031,2025-03-14 22:00:00.000,,26970e1d-742d-4ff4-832d-bdee254dfaf6.binning_data.json,62910031,2025-03-14 23:11:39.205,2025-03-14 22:11:29.942,UTC+0100,NA9l677+ml,,com.sec.android.app.shealth,2025-03-14 22:59:59.999,26970e1d-742d-4ff4-832d-bdee254dfaf6,
62910031,2025-03-14 23:00:00.000,,6f79d408-018f-474f-9705-257ca4a0a6c6.binning_data.json,62910031,2025-03-15 00:11:48.448,2025-03-14 23:11:39.214,UTC+0100,NA9l677+ml,,com.sec.android.app.shealth,2025-03-14 23:59:59.999,6f79d408-018f-474f-9705-257ca4a0a6c6,
62910031,2025-03-15 00:00:00.000,,b0e13a1f-5015-4367-ad52-762e6bfd25c3.binning_data.json,62910031,2025-03-15 01:11:56.454,2025-03-15 00:11:48.461,UTC+0100,NA9l677+ml,,com.sec.android.app.shealth,2025-03-15 00:59:59.999,b0e13a1f-5015-4367-ad52-762e6bfd25c3,
62910031,2025-03-15 01:00:00.000,,f20b6b09-f406-4846-8ddc-5f891de64941.binning_data.json,62910031,2025-03-15 02:12:04.261,2025-03-15 01:11:56.465,UTC+0100,NA9l677+ml,,com.sec.android.app.shealth,2025-03-15 01:59:59.999,f20b6b09-f406-4846-8ddc-5f891de64941,
62910031,2025-03-15 02:00:00.000,,188aed99-107a-46bf-8033-7f8c428a2924.binning_data.json,62910031,2025-03-15 02:12:04.271,2025-03-15 02:12:04.271,UTC+0100,NA9l677+ml,,com.sec.android.app.shealth,2025-03-15 02:11:59.999,188aed99-107a-46bf-8033-7f8c428a2924,
62910031,2025-03-19 13:05:00.000,,ba82b654-43fb-4b69-81c6-9487aebeb22a.binning_data.json,62910031,2025-03-19 13:06:54.687,2025-03-19 13:06:54.687,UTC+0100,r7FYwmiDQH,,com.sec.android.app.shealth,2025-03-19 13:24:59.999,ba82b654-43fb-4b69-81c6-9487aebeb22a,
62910031,2025-03-19 12:58:00.000,,b178a889-d88a-4df3-9097-c0a47459dcdb.binning_data.json,62910031,2025-03-19 12:59:16.232,2025-03-19 12:59:16.232,UTC+0100,NA9l677+ml,,com.sec.android.app.shealth,2025-03-19 12:59:59.999,b178a889-d88a-4df3-9097-c0a47459dcdb,
62910031,2025-03-19 13:00:00.000,,a99f4bea-7f02-4c9a-a5b1-be9daebc8473.binning_data.json,62910031,2025-03-19 12:59:16.240,2025-03-19 12:59:16.240,UTC+0100,NA9l677+ml,,com.sec.android.app.shealth,2025-03-19 13:17:59.999,a99f4bea-7f02-4c9a-a5b1-be9daebc8473,
62910031,2025-03-19 16:13:00.000,,ceae5189-8f06-4f3e-a86f-58611415d367.binning_data.json,62910031,2025-03-19 16:15:59.213,2025-03-19 16:15:59.213,UTC+0100,NA9l677+ml,,com.sec.android.app.shealth,2025-03-19 16:32:59.999,ceae5189-8f06-4f3e-a86f-58611415d367,
62910031,2025-03-21 11:56:00.000,,1b9cc626-1e6c-4240-bf21-61e070b59f7b.binning_data.json,62910031,2025-03-21 12:16:38.020,2025-03-21 12:16:38.020,UTC+0100,NA9l677+ml,,com.sec.android.app.shealth,2025-03-21 11:59:59.999,1b9cc626-1e6c-4240-bf21-61e070b59f7b,
62910031,2025-03-21 12:00:00.000,,f605f12b-a8f7-4cab-b69f-c18eefa8752c.binning_data.json,62910031,2025-03-21 13:16:48.649,2025-03-21 12:16:38.030,UTC+0100,NA9l677+ml,,com.sec.android.app.shealth,2025-03-21 12:59:59.999,f605f12b-a8f7-4cab-b69f-c18eefa8752c,
62910031,2025-03-21 13:00:00.000,,d5895df0-f1ed-4f3c-87de-dec043527a59.binning_data.json,62910031,2025-03-21 14:16:59.665,2025-03-21 13:16:48.663,UTC+0100,NA9l677+ml,,com.sec.android.app.shealth,2025-03-21 13:59:59.999,d5895df0-f1ed-4f3c-87de-dec043527a59,
62910031,2025-03-21 14:00:00.000,,6dea7c99-bb8b-4ba1-88ce-cd9df5b9053e.binning_data.json,62910031,2025-03-21 15:17:10.629,2025-03-21 14:16:59.679,UTC+0100,NA9l677+ml,,com.sec.android.app.shealth,2025-03-21 14:59:59.999,6dea7c99-bb8b-4ba1-88ce-cd9df5b9053e,
62910031,2025-03-21 15:00:00.000,,9dbaeb6a-d4eb-4f2a-90db-4bd33b0dd3f0.binning_data.json,62910031,2025-03-21 16:17:21.709,2025-03-21 15:17:10.641,UTC+0100,NA9l677+ml,,com.sec.android.app.shealth,2025-03-21 15:59:59.999,9dbaeb6a-d4eb-4f2a-90db-4bd33b0dd3f0,
62910031,2025-03-21 16:00:00.000,,1952f4a5-96de-4da3-847a-5616e6961b4b.binning_data.json,62910031,2025-03-21 17:17:32.005,2025-03-21 16:17:21.719,UTC+0100,NA9l677+ml,,com.sec.android.app.shealth,2025-03-21 16:59:59.999,1952f4a5-96de-4da3-847a-5616e6961b4b,
62910031,2025-03-21 17:00:00.000,,bb72928e-bc33-4fe3-ad83-f00271de234f.binning_data.json,62910031,2025-03-21 18:17:40.677,2025-03-21 17:17:32.117,UTC+0100,NA9l677+ml,,com.sec.android.app.shealth,2025-03-21 17:59:59.999,bb72928e-bc33-4fe3-ad83-f00271de234f,
62910031,2025-03-21 18:00:00.000,,513506ff-d550-4eae-a9cd-6a13fff47234.binning_data.json,62910031,2025-03-21 19:17:50.378,2025-03-21 18:17:40.771,UTC+0100,NA9l677+ml,,com.sec.android.app.shealth,2025-03-21 18:59:59.999,513506ff-d550-4eae-a9cd-6a13fff47234,
62910031,2025-03-21 19:00:00.000,,ea5463bc-ed75-4c8c-84ea-3456caed4a35.binning_data.json,62910031,2025-03-21 20:17:59.408,2025-03-21 19:17:50.389,UTC+0100,NA9l677+ml,,com.sec.android.app.shealth,2025-03-21 19:59:59.999,ea5463bc-ed75-4c8c-84ea-3456caed4a35,
62910031,2025-03-21 20:00:00.000,,ce2641e7-2ea2-49d8-b7da-7450ac32d8c4.binning_data.json,62910031,2025-03-21 20:38:02.644,2025-03-21 20:17:59.516,UTC+0100,NA9l677+ml,,com.sec.android.app.shealth,2025-03-21 20:37:59.999,ce2641e7-2ea2-49d8-b7da-7450ac32d8c4,
62910031,2025-03-22 18:06:00.000,,047aeef9-7e2c-489d-9510-f4bfb25a8077.binning_data.json,62910031,2025-03-22 18:32:33.471,2025-03-22 18:26:48.985,UTC+0100,NA9l677+ml,,com.sec.android.app.shealth,2025-03-22 18:46:59.999,047aeef9-7e2c-489d-9510-f4bfb25a8077,
62910031,2025-03-22 22:21:00.000,,6851fa4b-a861-493e-9a88-50b04eff1c2b.binning_data.json,62910031,2025-03-22 23:01:17.808,2025-03-22 22:41:13.894,UTC+0100,NA9l677+ml,,com.sec.android.app.shealth,2025-03-22 22:59:59.999,6851fa4b-a861-493e-9a88-50b04eff1c2b,
62910031,2025-03-22 23:00:00.000,,b087bbd5-b9b2-44c2-a22c-b2ace66174ea.binning_data.json,62910031,2025-03-23 00:01:25.577,2025-03-22 23:01:17.821,UTC+0100,NA9l677+ml,,com.sec.android.app.shealth,2025-03-22 23:59:59.999,b087bbd5-b9b2-44c2-a22c-b2ace66174ea,
62910031,2025-03-23 00:00:00.000,,c2a6b1c4-d7df-4501-a119-dd1a0927b6ae.binning_data.json,62910031,2025-03-23 01:01:34.867,2025-03-23 00:01:25.588,UTC+0100,NA9l677+ml,,com.sec.android.app.shealth,2025-03-23 00:59:59.999,c2a6b1c4-d7df-4501-a119-dd1a0927b6ae,
62910031,2025-03-23 01:00:00.000,,b8d23a0a-3bb5-428a-93ad-583d225ee72b.binning_data.json,62910031,2025-03-23 02:01:44.733,2025-03-23 01:01:34.875,UTC+0100,NA9l677+ml,,com.sec.android.app.shealth,2025-03-23 01:59:59.999,b8d23a0a-3bb5-428a-93ad-583d225ee72b,
62910031,2025-03-23 02:00:00.000,,7fb6276a-c993-4ebb-9010-fd0bc0b461c6.binning_data.json,62910031,2025-03-23 03:01:53.740,2025-03-23 02:01:44.742,UTC+0100,NA9l677+ml,,com.sec.android.app.shealth,2025-03-23 02:59:59.999,7fb6276a-c993-4ebb-9010-fd0bc0b461c6,
62910031,2025-03-23 03:00:00.000,,b4b54be2-e098-4146-8a19-9c99aafa8ef4.binning_data.json,62910031,2025-03-23 04:02:03.732,2025-03-23 03:01:53.751,UTC+0100,NA9l677+ml,,com.sec.android.app.shealth,2025-03-23 03:59:59.999,b4b54be2-e098-4146-8a19-9c99aafa8ef4,
62910031,2025-03-23 04:00:00.000,,31d0b00b-b5d7-4c24-9f65-214821e30d4f.binning_data.json,62910031,2025-03-23 05:02:14.587,2025-03-23 04:02:03.743,UTC+0100,NA9l677+ml,,com.sec.android.app.shealth,2025-03-23 04:59:59.999,31d0b00b-b5d7-4c24-9f65-214821e30d4f,
62910031,2025-03-23 05:00:00.000,,40351a5f-6878-4d9c-a2e4-6555abf3ee2c.binning_data.json,62910031,2025-03-23 06:02:24.803,2025-03-23 05:02:14.671,UTC+0100,NA9l677+ml,,com.sec.android.app.shealth,2025-03-23 05:59:59.999,40351a5f-6878-4d9c-a2e4-6555abf3ee2c,
62910031,2025-03-23 06:00:00.000,,749d54d9-fcd5-45c6-9a30-488a0c8d2fb2.binning_data.json,62910031,2025-03-23 07:02:34.836,2025-03-23 06:02:24.811,UTC+0100,NA9l677+ml,,com.sec.android.app.shealth,2025-03-23 06:59:59.999,749d54d9-fcd5-45c6-9a30-488a0c8d2fb2,
62910031,2025-03-23 07:00:00.000,,ed4b2a95-666d-49b9-81fa-257eedf7ccc8.binning_data.json,62910031,2025-03-23 07:54:27.917,2025-03-23 07:02:34.844,UTC+0100,NA9l677+ml,,com.sec.android.app.shealth,2025-03-23 07:59:59.999,ed4b2a95-666d-49b9-81fa-257eedf7ccc8,
62910031,2025-03-23 08:00:00.000,,1aedaf38-0f6b-4351-a8d9-66e68aa13e53.binning_data.json,62910031,2025-03-23 09:11:47.497,2025-03-23 07:54:27.935,UTC+0100,NA9l677+ml,,com.sec.android.app.shealth,2025-03-23 08:59:59.999,1aedaf38-0f6b-4351-a8d9-66e68aa13e53,
62910031,2025-03-23 09:00:00.000,,57de07de-b254-41af-a901-dfe7851ba864.binning_data.json,62910031,2025-03-23 10:11:58.763,2025-03-23 09:11:47.506,UTC+0100,NA9l677+ml,,com.sec.android.app.shealth,2025-03-23 09:59:59.999,57de07de-b254-41af-a901-dfe7851ba864,
62910031,2025-03-23 10:00:00.000,,7e87303f-1b2b-4363-9258-304af7fa0c62.binning_data.json,62910031,2025-03-23 11:12:09.995,2025-03-23 10:11:58.840,UTC+0100,NA9l677+ml,,com.sec.android.app.shealth,2025-03-23 10:59:59.999,7e87303f-1b2b-4363-9258-304af7fa0c62,
62910031,2025-03-23 11:00:00.000,,f3bc67c4-785c-44e2-a993-28ac27931ace.binning_data.json,62910031,2025-03-23 12:12:19.408,2025-03-23 11:12:10.008,UTC+0100,NA9l677+ml,,com.sec.android.app.shealth,2025-03-23 11:59:59.999,f3bc67c4-785c-44e2-a993-28ac27931ace,
62910031,2025-03-23 12:00:00.000,,672ea94e-feeb-40ea-9b3b-c04e34bfd5b2.binning_data.json,62910031,2025-03-23 13:12:30.361,2025-03-23 12:12:19.426,UTC+0100,NA9l677+ml,,com.sec.android.app.shealth,2025-03-23 12:59:59.999,672ea94e-feeb-40ea-9b3b-c04e34bfd5b2,
62910031,2025-03-23 13:00:00.000,,49829016-8d65-453f-b3a1-27f8906d277c.binning_data.json,62910031,2025-03-23 13:37:30.682,2025-03-23 13:12:30.370,UTC+0100,NA9l677+ml,,com.sec.android.app.shealth,2025-03-23 13:52:59.999,49829016-8d65-453f-b3a1-27f8906d277c,
62950051,2025-04-17 15:05:00.000,,73fea66f-1ff1-4416-b969-4b9bd62af342.binning_data.json,62950051,2025-04-17 15:07:10.022,2025-04-17 15:07:10.022,UTC+0200,NA9l677+ml,,com.sec.android.app.shealth,2025-04-17 15:24:59.999,73fea66f-1ff1-4416-b969-4b9bd62af342,
62950051,2025-04-24 02:10:00.000,,3d027659-9b19-439e-bc92-e928bbbdb218.binning_data.json,62950051,2025-04-24 03:10:20.730,2025-04-24 02:30:08.312,UTC+0200,NA9l677+ml,,com.sec.android.app.shealth,2025-04-24 02:59:59.999,3d027659-9b19-439e-bc92-e928bbbdb218,
62950051,2025-04-24 03:00:00.000,,b0f4dd35-82ab-40ef-94e2-f9152f93c261.binning_data.json,62950051,2025-04-24 04:10:38.756,2025-04-24 03:10:20.744,UTC+0200,NA9l677+ml,,com.sec.android.app.shealth,2025-04-24 03:59:59.999,b0f4dd35-82ab-40ef-94e2-f9152f93c261,
62950051,2025-04-24 04:00:00.000,,24bb70eb-6da4-4456-bed7-7ddc4a65e7eb.binning_data.json,62950051,2025-04-24 05:10:56.815,2025-04-24 04:10:38.772,UTC+0200,NA9l677+ml,,com.sec.android.app.shealth,2025-04-24 04:59:59.999,24bb70eb-6da4-4456-bed7-7ddc4a65e7eb,
62950051,2025-04-24 05:00:00.000,,6578c4f4-4cb2-40ef-a9f3-1421e5a9d1f3.binning_data.json,62950051,2025-04-24 06:11:14.634,2025-04-24 05:10:56.831,UTC+0200,NA9l677+ml,,com.sec.android.app.shealth,2025-04-24 05:59:59.999,6578c4f4-4cb2-40ef-a9f3-1421e5a9d1f3,
62950051,2025-04-24 06:00:00.000,,9377a76c-f393-49af-a71c-fa7a740a205a.binning_data.json,62950051,2025-04-24 07:11:32.244,2025-04-24 06:11:14.646,UTC+0200,NA9l677+ml,,com.sec.android.app.shealth,2025-04-24 06:59:59.999,9377a76c-f393-49af-a71c-fa7a740a205a,
62950051,2025-04-24 07:00:00.000,,5de2fad1-b710-4109-b7b2-f7e1dc7628ce.binning_data.json,62950051,2025-04-24 08:11:50.614,2025-04-24 07:11:32.262,UTC+0200,NA9l677+ml,,com.sec.android.app.shealth,2025-04-24 07:59:59.999,5de2fad1-b710-4109-b7b2-f7e1dc7628ce,
62950051,2025-04-24 08:00:00.000,,14b8ceeb-7720-43d7-8d39-1599b78cb729.binning_data.json,62950051,2025-04-24 09:12:08.568,2025-04-24 08:11:50.632,UTC+0200,NA9l677+ml,,com.sec.android.app.shealth,2025-04-24 08:59:59.999,14b8ceeb-7720-43d7-8d39-1599b78cb729,
62950051,2025-04-24 09:00:00.000,,58ab7587-0a1f-42e6-a995-e52e439ec616.binning_data.json,62950051,2025-04-24 10:12:26.106,2025-04-24 09:12:08.587,UTC+0200,NA9l677+ml,,com.sec.android.app.shealth,2025-04-24 09:59:59.999,58ab7587-0a1f-42e6-a995-e52e439ec616,
62950051,2025-04-24 10:00:00.000,,7808fdd6-5b3a-40a2-b419-fe5ea4972728.binning_data.json,62950051,2025-04-24 11:12:43.719,2025-04-24 10:12:26.119,UTC+0200,NA9l677+ml,,com.sec.android.app.shealth,2025-04-24 10:59:59.999,7808fdd6-5b3a-40a2-b419-fe5ea4972728,
62950051,2025-04-24 11:00:00.000,,253b58e5-04d2-4998-ba00-68f4f478f8d8.binning_data.json,62950051,2025-04-24 12:13:01.027,2025-04-24 11:12:43.740,UTC+0200,NA9l677+ml,,com.sec.android.app.shealth,2025-04-24 11:59:59.999,253b58e5-04d2-4998-ba00-68f4f478f8d8,
62950051,2025-04-24 12:00:00.000,,33771f37-0b90-4af3-99b0-02d416883807.binning_data.json,62950051,2025-04-24 13:13:18.097,2025-04-24 12:13:01.041,UTC+0200,NA9l677+ml,,com.sec.android.app.shealth,2025-04-24 12:59:59.999,33771f37-0b90-4af3-99b0-02d416883807,
62950051,2025-04-24 13:00:00.000,,79b929d7-df73-4bb4-9234-ca37e5141c82.binning_data.json,62950051,2025-04-24 14:13:35.508,2025-04-24 13:13:18.111,UTC+0200,NA9l677+ml,,com.sec.android.app.shealth,2025-04-24 13:59:59.999,79b929d7-df73-4bb4-9234-ca37e5141c82,
62950051,2025-04-24 14:00:00.000,,7625a99f-44a9-4ebe-8590-87a6ce61eb3e.binning_data.json,62950051,2025-04-24 15:13:53.782,2025-04-24 14:13:35.520,UTC+0200,NA9l677+ml,,com.sec.android.app.shealth,2025-04-24 14:59:59.999,7625a99f-44a9-4ebe-8590-87a6ce61eb3e,
62950051,2025-04-24 15:00:00.000,,3d556ec7-30a7-4697-8f47-3413d8aadddd.binning_data.json,62950051,2025-04-24 16:14:10.968,2025-04-24 15:13:53.902,UTC+0200,NA9l677+ml,,com.sec.android.app.shealth,2025-04-24 15:59:59.999,3d556ec7-30a7-4697-8f47-3413d8aadddd,
62950051,2025-04-24 16:00:00.000,,643bd624-8c48-4151-9f1d-3c6da2484a28.binning_data.json,62950051,2025-04-24 17:14:24.897,2025-04-24 16:14:10.982,UTC+0200,NA9l677+ml,,com.sec.android.app.shealth,2025-04-24 16:59:59.999,643bd624-8c48-4151-9f1d-3c6da2484a28,
62950051,2025-04-24 17:00:00.000,,0ab1fefa-914c-469e-9740-da1a8b709cc1.binning_data.json,62950051,2025-04-24 18:14:42.260,2025-04-24 17:14:24.913,UTC+0200,NA9l677+ml,,com.sec.android.app.shealth,2025-04-24 17:59:59.999,0ab1fefa-914c-469e-9740-da1a8b709cc1,
62950051,2025-04-24 18:00:00.000,,8cb8f56b-f20c-4a73-9650-84fc118d2c21.binning_data.json,62950051,2025-04-24 18:48:31.946,2025-04-24 18:14:42.274,UTC+0200,NA9l677+ml,,com.sec.android.app.shealth,2025-04-24 18:54:59.999,8cb8f56b-f20c-4a73-9650-84fc118d2c21,
62950051,2025-04-25 06:11:00.000,,3b52ce8c-0f9c-4c55-8718-f04a5c148751.binning_data.json,62950051,2025-04-25 07:11:57.484,2025-04-25 06:31:45.728,UTC+0200,NA9l677+ml,,com.sec.android.app.shealth,2025-04-25 06:59:59.999,3b52ce8c-0f9c-4c55-8718-f04a5c148751,
62950051,2025-04-25 07:00:00.000,,1052bd28-8e67-4f9b-9280-0b30da1a0406.binning_data.json,62950051,2025-04-25 08:12:14.446,2025-04-25 07:11:57.502,UTC+0200,NA9l677+ml,,com.sec.android.app.shealth,2025-04-25 07:59:59.999,1052bd28-8e67-4f9b-9280-0b30da1a0406,
62950051,2025-04-25 08:00:00.000,,60044492-70a8-4824-846b-df139cee8f4f.binning_data.json,62950051,2025-04-25 09:12:32.282,2025-04-25 08:12:14.460,UTC+0200,NA9l677+ml,,com.sec.android.app.shealth,2025-04-25 08:59:59.999,60044492-70a8-4824-846b-df139cee8f4f,
62950051,2025-04-25 09:00:00.000,,74e4c219-1618-40bb-8cdb-1daacb1ae8ac.binning_data.json,62950051,2025-04-25 10:12:50.332,2025-04-25 09:12:32.295,UTC+0200,NA9l677+ml,,com.sec.android.app.shealth,2025-04-25 09:59:59.999,74e4c219-1618-40bb-8cdb-1daacb1ae8ac,
62950051,2025-04-25 10:00:00.000,,adea2629-2b0c-4477-b60d-97da7caf2f69.binning_data.json,62950051,2025-04-25 11:13:07.318,2025-04-25 10:12:50.345,UTC+0200,NA9l677+ml,,com.sec.android.app.shealth,2025-04-25 10:59:59.999,adea2629-2b0c-4477-b60d-97da7caf2f69,
62950051,2025-04-25 11:00:00.000,,c0c98247-6c13-4baa-a8ec-8936a4923cc1.binning_data.json,62950051,2025-04-25 12:04:40.037,2025-04-25 11:13:07.338,UTC+0200,NA9l677+ml,,com.sec.android.app.shealth,2025-04-25 11:59:59.999,c0c98247-6c13-4baa-a8ec-8936a4923cc1,
62950051,2025-04-25 12:00:00.000,,04f43b21-6b00-4868-97b9-490b0d1a5f2e.binning_data.json,62950051,2025-04-25 12:04:40.068,2025-04-25 12:04:40.068,UTC+0200,NA9l677+ml,,com.sec.android.app.shealth,2025-04-25 12:12:59.999,04f43b21-6b00-4868-97b9-490b0d1a5f2e,
62950051,2025-04-25 17:29:00.000,,89656f76-34f5-4bcc-a37f-a017d515a568.binning_data.json,62950051,2025-04-25 18:09:11.522,2025-04-25 17:49:08.836,UTC+0200,NA9l677+ml,,com.sec.android.app.shealth,2025-04-25 17:59:59.999,89656f76-34f5-4bcc-a37f-a017d515a568,
62950051,2025-04-25 18:00:00.000,,a97852ac-1ba3-44df-9a76-04d16779f412.binning_data.json,62950051,2025-04-25 19:09:19.467,2025-04-25 18:09:11.535,UTC+0200,NA9l677+ml,,com.sec.android.app.shealth,2025-04-25 18:59:59.999,a97852ac-1ba3-44df-9a76-04d16779f412,
62950051,2025-04-25 19:00:00.000,,5948369f-70d5-4861-a9d9-20e274d88deb.binning_data.json,62950051,2025-04-25 19:42:29.070,2025-04-25 19:09:19.489,UTC+0200,NA9l677+ml,,com.sec.android.app.shealth,2025-04-25 19:48:59.999,5948369f-70d5-4861-a9d9-20e274d88deb,
62950051,2025-04-26 06:27:00.000,,1bf2be3f-4b5a-44fb-b58c-5f0d29470519.binning_data.json,62950051,2025-04-26 07:07:49.759,2025-04-26 06:47:46.618,UTC+0200,NA9l677+ml,,com.sec.android.app.shealth,2025-04-26 06:59:59.999,1bf2be3f-4b5a-44fb-b58c-5f0d29470519,
62950051,2025-04-26 07:00:00.000,,104b8094-c54e-4373-b939-fe76204e2116.binning_data.json,62950051,2025-04-26 07:23:12.166,2025-04-26 07:07:49.773,UTC+0200,NA9l677+ml,,com.sec.android.app.shealth,2025-04-26 07:27:59.999,104b8094-c54e-4373-b939-fe76204e2116,
62950051,2025-04-26 10:12:00.000,,90876abc-30c1-4889-90b7-f1be1b797e57.binning_data.json,62950051,2025-04-26 11:12:53.476,2025-04-26 10:32:48.319,UTC+0200,NA9l677+ml,,com.sec.android.app.shealth,2025-04-26 10:59:59.999,90876abc-30c1-4889-90b7-f1be1b797e57,
62950051,2025-04-26 11:00:00.000,,df8aae63-70e3-4df1-8bbc-60d2eacc442e.binning_data.json,62950051,2025-04-26 12:13:02.591,2025-04-26 11:12:53.493,UTC+0200,NA9l677+ml,,com.sec.android.app.shealth,2025-04-26 11:59:59.999,df8aae63-70e3-4df1-8bbc-60d2eacc442e,
62950051,2025-04-26 12:00:00.000,,47814a80-0997-42ae-9346-40b6dbb219e4.binning_data.json,62950051,2025-04-26 13:15:03.675,2025-04-26 12:13:02.607,UTC+0200,NA9l677+ml,,com.sec.android.app.shealth,2025-04-26 12:59:59.999,47814a80-0997-42ae-9346-40b6dbb219e4,
62950051,2025-04-26 13:00:00.000,,5659140f-75a6-44f8-b37b-23af840f8fc6.binning_data.json,62950051,2025-04-26 14:15:11.386,2025-04-26 13:15:03.692,UTC+0200,NA9l677+ml,,com.sec.android.app.shealth,2025-04-26 13:59:59.999,5659140f-75a6-44f8-b37b-23af840f8fc6,
62950051,2025-04-26 14:00:00.000,,a5aa8bd2-4455-43fb-a026-a2a4fc7f1650.binning_data.json,62950051,2025-04-26 15:03:22.903,2025-04-26 14:15:11.404,UTC+0200,NA9l677+ml,,com.sec.android.app.shealth,2025-04-26 14:59:59.999,a5aa8bd2-4455-43fb-a026-a2a4fc7f1650,
62950051,2025-04-26 15:00:00.000,,bdda9032-acc6-4074-9135-df01b597dc9a.binning_data.json,62950051,2025-04-26 16:19:42.016,2025-04-26 15:03:22.913,UTC+0200,NA9l677+ml,,com.sec.android.app.shealth,2025-04-26 15:59:59.999,bdda9032-acc6-4074-9135-df01b597dc9a,
62950051,2025-04-26 16:00:00.000,,ad53099f-65db-4b1e-bd96-9b9e6a9f7a75.binning_data.json,62950051,2025-04-26 17:19:51.236,2025-04-26 16:19:42.027,UTC+0200,NA9l677+ml,,com.sec.android.app.shealth,2025-04-26 16:59:59.999,ad53099f-65db-4b1e-bd96-9b9e6a9f7a75,
62950051,2025-04-26 17:00:00.000,,6df4bebd-4bfa-4177-82a7-61bbd3d0f4e5.binning_data.json,62950051,2025-04-26 17:59:57.774,2025-04-26 17:19:51.250,UTC+0200,NA9l677+ml,,com.sec.android.app.shealth,2025-04-26 17:58:59.999,6df4bebd-4bfa-4177-82a7-61bbd3d0f4e5,
62950051,2025-04-26 18:00:00.000,,98d00f00-2d07-46fd-aa82-4a3efacfd10d.binning_data.json,62950051,2025-04-26 19:00:06.883,2025-04-26 18:20:00.689,UTC+0200,NA9l677+ml,,com.sec.android.app.shealth,2025-04-26 18:59:59.999,98d00f00-2d07-46fd-aa82-4a3efacfd10d,
62950051,2025-04-26 19:01:00.000,,8dbfb1c7-4774-4e61-8922-f459f90e92ab.binning_data.json,62950051,2025-04-26 19:10:02.717,2025-04-26 19:10:02.717,UTC+0200,NA9l677+ml,,com.sec.android.app.shealth,2025-04-26 19:20:59.999,8dbfb1c7-4774-4e61-8922-f459f90e92ab,
62950051,2025-04-27 06:26:00.000,,3d42bac2-e179-415e-939c-cba523271413.binning_data.json,62950051,2025-04-27 07:06:47.462,2025-04-27 06:46:44.767,UTC+0200,NA9l677+ml,,com.sec.android.app.shealth,2025-04-27 06:59:59.999,3d42bac2-e179-415e-939c-cba523271413,
62950051,2025-04-27 07:00:00.000,,6d316bb4-3e03-4fad-b1f6-40404e28b76a.binning_data.json,62950051,2025-04-27 08:06:56.384,2025-04-27 07:06:47.473,UTC+0200,NA9l677+ml,,com.sec.android.app.shealth,2025-04-27 07:59:59.999,6d316bb4-3e03-4fad-b1f6-40404e28b76a,
62950051,2025-04-27 08:00:00.000,,f8401c4b-e4f7-4480-a466-2a6c06b4048a.binning_data.json,62950051,2025-04-27 09:07:05.649,2025-04-27 08:06:56.398,UTC+0200,NA9l677+ml,,com.sec.android.app.shealth,2025-04-27 08:59:59.999,f8401c4b-e4f7-4480-a466-2a6c06b4048a,
62950051,2025-04-27 09:00:00.000,,f1b870d0-6308-4d1a-9798-306ef29f9edc.binning_data.json,62950051,2025-04-27 10:07:14.565,2025-04-27 09:07:05.666,UTC+0200,NA9l677+ml,,com.sec.android.app.shealth,2025-04-27 09:59:59.999,f1b870d0-6308-4d1a-9798-306ef29f9edc,
62950051,2025-04-27 10:00:00.000,,85552292-593c-48e6-918b-aa340d5f0254.binning_data.json,62950051,2025-04-27 11:07:23.748,2025-04-27 10:07:14.579,UTC+0200,NA9l677+ml,,com.sec.android.app.shealth,2025-04-27 10:59:59.999,85552292-593c-48e6-918b-aa340d5f0254,
62950051,2025-04-27 11:00:00.000,,014598da-b5ea-4cce-a847-ed9ec787bd46.binning_data.json,62950051,2025-04-27 11:30:09.612,2025-04-27 11:07:23.840,UTC+0200,NA9l677+ml,,com.sec.android.app.shealth,2025-04-27 11:47:59.999,014598da-b5ea-4cce-a847-ed9ec787bd46,
62950051,2025-04-27 12:03:00.000,,88eca1df-b7ba-4dc0-9841-f8d95700a78c.binning_data.json,62950051,2025-04-27 13:03:27.998,2025-04-27 12:23:21.900,UTC+0200,NA9l677+ml,,com.sec.android.app.shealth,2025-04-27 12:59:59.999,88eca1df-b7ba-4dc0-9841-f8d95700a78c,
62950051,2025-04-27 13:00:00.000,,7edf6057-a4fd-4c74-aa09-2fc1ef426ef2.binning_data.json,62950051,2025-04-27 14:03:37.456,2025-04-27 13:03:28.007,UTC+0200,NA9l677+ml,,com.sec.android.app.shealth,2025-04-27 13:59:59.999,7edf6057-a4fd-4c74-aa09-2fc1ef426ef2,
62950051,2025-04-27 14:00:00.000,,e58ac316-1ef7-4f05-a6bc-a6b2f8a5ea9e.binning_data.json,62950051,2025-04-27 15:03:46.834,2025-04-27 14:03:37.469,UTC+0200,NA9l677+ml,,com.sec.android.app.shealth,2025-04-27 14:59:59.999,e58ac316-1ef7-4f05-a6bc-a6b2f8a5ea9e,
62950051,2025-04-27 15:00:00.000,,eaadb6a7-c3d9-4c52-b70d-d5274e3a0261.binning_data.json,62950051,2025-04-27 16:03:56.051,2025-04-27 15:03:46.843,UTC+0200,NA9l677+ml,,com.sec.android.app.shealth,2025-04-27 15:59:59.999,eaadb6a7-c3d9-4c52-b70d-d5274e3a0261,
62950051,2025-04-27 16:00:00.000,,736ae48b-29e6-476e-964b-618011bcb760.binning_data.json,62950051,2025-04-27 16:56:50.956,2025-04-27 16:03:56.058,UTC+0200,NA9l677+ml,,com.sec.android.app.shealth,2025-04-27 16:59:59.999,736ae48b-29e6-476e-964b-618011bcb760,
62950051,2025-04-27 17:00:00.000,,37abfbc2-a558-41e7-8096-cb18b4522e50.binning_data.json,62950051,2025-04-27 16:56:51.047,2025-04-27 16:56:51.047,UTC+0200,NA9l677+ml,,com.sec.android.app.shealth,2025-04-27 17:03:59.999,37abfbc2-a558-41e7-8096-cb18b4522e50,
62950051,2025-04-28 10:02:00.000,,45e38e99-9c2e-45a6-bead-37458f77f208.binning_data.json,62950051,2025-04-28 11:03:01.697,2025-04-28 10:22:55.410,UTC+0200,NA9l677+ml,,com.sec.android.app.shealth,2025-04-28 10:59:59.999,45e38e99-9c2e-45a6-bead-37458f77f208,
62950051,2025-04-28 11:00:00.000,,5d5f112e-fcae-400d-8f53-4f2c87452227.binning_data.json,62950051,2025-04-28 11:39:52.080,2025-04-28 11:03:01.704,UTC+0200,NA9l677+ml,,com.sec.android.app.shealth,2025-04-28 11:42:59.999,5d5f112e-fcae-400d-8f53-4f2c87452227,
62950051,2025-04-28 13:21:00.000,,f10ca750-65ed-4f51-be69-59ef1f80ee52.binning_data.json,62950051,2025-04-28 14:01:46.145,2025-04-28 13:41:43.514,UTC+0200,NA9l677+ml,,com.sec.android.app.shealth,2025-04-28 13:59:59.999,f10ca750-65ed-4f51-be69-59ef1f80ee52,
62950051,2025-04-28 14:00:00.000,,ad8d0dd3-db6a-440e-879a-8f6e14d5c7b1.binning_data.json,62950051,2025-04-28 15:01:55.620,2025-04-28 14:01:46.154,UTC+0200,NA9l677+ml,,com.sec.android.app.shealth,2025-04-28 14:59:59.999,ad8d0dd3-db6a-440e-879a-8f6e14d5c7b1,
62950051,2025-04-28 15:00:00.000,,1d5bfe43-aaf4-4125-82c9-f14671d3e19d.binning_data.json,62950051,2025-04-28 16:02:04.136,2025-04-28 15:01:55.733,UTC+0200,NA9l677+ml,,com.sec.android.app.shealth,2025-04-28 15:59:59.999,1d5bfe43-aaf4-4125-82c9-f14671d3e19d,
62950051,2025-04-28 16:00:00.000,,f86626cb-f978-4e37-a3b8-4949178b6b4c.binning_data.json,62950051,2025-04-28 17:02:13.564,2025-04-28 16:02:04.268,UTC+0200,NA9l677+ml,,com.sec.android.app.shealth,2025-04-28 16:59:59.999,f86626cb-f978-4e37-a3b8-4949178b6b4c,
62950051,2025-04-28 17:00:00.000,,cc2d8f95-f3ec-4216-afa0-a67349907773.binning_data.json,62950051,2025-04-28 18:02:22.712,2025-04-28 17:02:13.572,UTC+0200,NA9l677+ml,,com.sec.android.app.shealth,2025-04-28 17:59:59.999,cc2d8f95-f3ec-4216-afa0-a67349907773,
62950051,2025-04-28 18:00:00.000,,28037f9d-2659-4d17-81eb-82f7b9fba149.binning_data.json,62950051,2025-04-28 18:39:43.487,2025-04-28 18:02:22.722,UTC+0200,NA9l677+ml,,com.sec.android.app.shealth,2025-04-28 18:41:59.999,28037f9d-2659-4d17-81eb-82f7b9fba149,
62950051,2025-04-29 12:03:00.000,,80dbc874-81c5-4d88-8e31-a5d8f5950b99.binning_data.json,62950051,2025-04-29 13:04:01.764,2025-04-29 12:23:56.812,UTC+0200,NA9l677+ml,,com.sec.android.app.shealth,2025-04-29 12:59:59.999,80dbc874-81c5-4d88-8e31-a5d8f5950b99,
62950051,2025-04-29 13:00:00.000,,d37741a6-264d-4d81-b558-f8ef0438299e.binning_data.json,62950051,2025-04-29 14:04:09.996,2025-04-29 13:04:01.780,UTC+0200,NA9l677+ml,,com.sec.android.app.shealth,2025-04-29 13:59:59.999,d37741a6-264d-4d81-b558-f8ef0438299e,
62950051,2025-04-29 14:00:00.000,,a8d46fdd-590b-45c9-9a7d-5b78d3b367a8.binning_data.json,62950051,2025-04-29 15:04:19.271,2025-04-29 14:04:10.010,UTC+0200,NA9l677+ml,,com.sec.android.app.shealth,2025-04-29 14:59:59.999,a8d46fdd-590b-45c9-9a7d-5b78d3b367a8,
62950051,2025-04-29 15:00:00.000,,5c41005e-c656-4f14-ad59-21bbfa917052.binning_data.json,62950051,2025-04-29 16:04:28.171,2025-04-29 15:04:19.281,UTC+0200,NA9l677+ml,,com.sec.android.app.shealth,2025-04-29 15:59:59.999,5c41005e-c656-4f14-ad59-21bbfa917052,
62950051,2025-04-29 16:00:00.000,,c4030576-19fd-41f8-89a3-a3225b9dadfd.binning_data.json,62950051,2025-04-29 16:05:47.730,2025-04-29 16:04:28.183,UTC+0200,NA9l677+ml,,com.sec.android.app.shealth,2025-04-29 16:23:59.999,c4030576-19fd-41f8-89a3-a3225b9dadfd,
62950051,2025-04-30 06:37:00.000,,1a95febc-1c28-4fbe-9f70-f93c78c3d528.binning_data.json,62950051,2025-04-30 07:17:21.516,2025-04-30 06:57:18.537,UTC+0200,NA9l677+ml,,com.sec.android.app.shealth,2025-04-30 06:59:59.999,1a95febc-1c28-4fbe-9f70-f93c78c3d528,
62950051,2025-04-30 07:00:00.000,,313a837c-4836-45d3-995b-df7d2235b2f9.binning_data.json,62950051,2025-04-30 08:17:30.095,2025-04-30 07:17:21.528,UTC+0200,NA9l677+ml,,com.sec.android.app.shealth,2025-04-30 07:59:59.999,313a837c-4836-45d3-995b-df7d2235b2f9,
62950051,2025-04-30 08:00:00.000,,c39f1919-9c89-4585-a204-be31f2c9771f.binning_data.json,62950051,2025-04-30 09:07:15.243,2025-04-30 08:17:30.102,UTC+0200,NA9l677+ml,,com.sec.android.app.shealth,2025-04-30 08:59:59.999,c39f1919-9c89-4585-a204-be31f2c9771f,
62950051,2025-04-30 09:00:00.000,,69c1e4e6-2768-4044-9202-f30dd9336a0d.binning_data.json,62950051,2025-04-30 10:07:23.273,2025-04-30 09:07:15.269,UTC+0200,NA9l677+ml,,com.sec.android.app.shealth,2025-04-30 09:59:59.999,69c1e4e6-2768-4044-9202-f30dd9336a0d,
62950051,2025-04-30 10:00:00.000,,7284b463-2eb4-4889-93fc-52a6908540cc.binning_data.json,62950051,2025-04-30 11:07:32.555,2025-04-30 10:07:23.281,UTC+0200,NA9l677+ml,,com.sec.android.app.shealth,2025-04-30 10:59:59.999,7284b463-2eb4-4889-93fc-52a6908540cc,
62950051,2025-04-30 11:00:00.000,,c0de365c-1521-4800-a1d3-853caeef9ba1.binning_data.json,62950051,2025-04-30 12:07:41.408,2025-04-30 11:07:32.564,UTC+0200,NA9l677+ml,,com.sec.android.app.shealth,2025-04-30 11:59:59.999,c0de365c-1521-4800-a1d3-853caeef9ba1,
62950051,2025-04-30 12:00:00.000,,397d27f2-4235-41fb-a9b1-0cac2a62627f.binning_data.json,62950051,2025-04-30 13:07:49.691,2025-04-30 12:07:41.416,UTC+0200,NA9l677+ml,,com.sec.android.app.shealth,2025-04-30 12:59:59.999,397d27f2-4235-41fb-a9b1-0cac2a62627f,
62950051,2025-04-30 13:00:00.000,,0836ca10-24a6-4fd5-81f8-457f04a04e75.binning_data.json,62950051,2025-04-30 13:28:52.561,2025-04-30 13:07:49.702,UTC+0200,NA9l677+ml,,com.sec.android.app.shealth,2025-04-30 13:46:59.999,0836ca10-24a6-4fd5-81f8-457f04a04e75,
62950051,2025-04-30 15:17:00.000,,b81a3c29-c5fe-4233-9a60-7430a553d6b3.binning_data.json,62950051,2025-04-30 16:17:19.647,2025-04-30 15:37:14.142,UTC+0200,NA9l677+ml,,com.sec.android.app.shealth,2025-04-30 15:59:59.999,b81a3c29-c5fe-4233-9a60-7430a553d6b3,
62950051,2025-04-30 16:00:00.000,,e855da73-ad10-46e6-b84a-0383f63808d1.binning_data.json,62950051,2025-04-30 17:17:28.484,2025-04-30 16:17:19.657,UTC+0200,NA9l677+ml,,com.sec.android.app.shealth,2025-04-30 16:59:59.999,e855da73-ad10-46e6-b84a-0383f63808d1,
62950051,2025-04-30 17:00:00.000,,2cd9f34e-d164-4e41-a69e-5149706c621c.binning_data.json,62950051,2025-04-30 17:40:23.429,2025-04-30 17:17:28.496,UTC+0200,NA9l677+ml,,com.sec.android.app.shealth,2025-04-30 17:58:59.999,2cd9f34e-d164-4e41-a69e-5149706c621c,
62950051,2025-05-01 08:59:00.000,,e9d57553-1384-4b41-82d8-089a10305205.binning_data.json,62950051,2025-05-01 09:19:00.688,2025-05-01 09:19:00.688,UTC+0200,NA9l677+ml,,com.sec.android.app.shealth,2025-05-01 08:59:59.999,e9d57553-1384-4b41-82d8-089a10305205,
62950051,2025-05-01 09:00:00.000,,f400c5d1-c31c-4158-aba1-9ef0a3737e26.binning_data.json,62950051,2025-05-01 10:19:08.974,2025-05-01 09:19:00.696,UTC+0200,NA9l677+ml,,com.sec.android.app.shealth,2025-05-01 09:59:59.999,f400c5d1-c31c-4158-aba1-9ef0a3737e26,
62950051,2025-05-01 10:00:00.000,,87203691-c12d-4daf-9252-c905ff34ae90.binning_data.json,62950051,2025-05-01 11:19:17.530,2025-05-01 10:19:09.073,UTC+0200,NA9l677+ml,,com.sec.android.app.shealth,2025-05-01 10:59:59.999,87203691-c12d-4daf-9252-c905ff34ae90,
62950051,2025-05-01 11:00:00.000,,424f2b55-cd0a-4108-aedc-eb1173e50250.binning_data.json,62950051,2025-05-01 12:19:26.715,2025-05-01 11:19:17.541,UTC+0200,NA9l677+ml,,com.sec.android.app.shealth,2025-05-01 11:59:59.999,424f2b55-cd0a-4108-aedc-eb1173e50250,
62950051,2025-05-01 12:00:00.000,,f057c9d0-0a6f-4124-b628-fdf9db845397.binning_data.json,62950051,2025-05-01 13:19:34.977,2025-05-01 12:19:26.726,UTC+0200,NA9l677+ml,,com.sec.android.app.shealth,2025-05-01 12:59:59.999,f057c9d0-0a6f-4124-b628-fdf9db845397,
62950051,2025-05-01 13:00:00.000,,14ce0670-8d2b-43a9-b0b5-83df488b5759.binning_data.json,62950051,2025-05-01 13:59:40.334,2025-05-01 13:19:35.073,UTC+0200,NA9l677+ml,,com.sec.android.app.shealth,2025-05-01 13:58:59.999,14ce0670-8d2b-43a9-b0b5-83df488b5759,
62950051,2025-05-01 14:00:00.000,,dfbba252-7673-4ec7-b1c1-6d55c4e9b982.binning_data.json,62950051,2025-05-01 14:17:01.322,2025-05-01 14:17:01.322,UTC+0200,NA9l677+ml,,com.sec.android.app.shealth,2025-05-01 14:19:59.999,dfbba252-7673-4ec7-b1c1-6d55c4e9b982,
62950051,2025-05-02 06:30:00.000,,c1866333-1294-4e3b-aab0-cd4fcf01e05f.binning_data.json,62950051,2025-05-02 07:11:02.720,2025-05-02 06:50:59.450,UTC+0200,NA9l677+ml,,com.sec.android.app.shealth,2025-05-02 06:59:59.999,c1866333-1294-4e3b-aab0-cd4fcf01e05f,
62950051,2025-05-02 07:00:00.000,,8aaba2f5-a428-42a8-a7d0-5a22aa1b1264.binning_data.json,62950051,2025-05-02 08:11:12.779,2025-05-02 07:11:02.731,UTC+0200,NA9l677+ml,,com.sec.android.app.shealth,2025-05-02 07:59:59.999,8aaba2f5-a428-42a8-a7d0-5a22aa1b1264,
62950051,2025-05-02 08:00:00.000,,d2743250-bace-46fc-8f79-91577c20a615.binning_data.json,62950051,2025-05-02 09:11:22.135,2025-05-02 08:11:12.793,UTC+0200,NA9l677+ml,,com.sec.android.app.shealth,2025-05-02 08:59:59.999,d2743250-bace-46fc-8f79-91577c20a615,
62950051,2025-05-02 09:00:00.000,,f9527c67-1691-4bd0-9184-a15a14475d12.binning_data.json,62950051,2025-05-02 10:11:30.828,2025-05-02 09:11:22.156,UTC+0200,NA9l677+ml,,com.sec.android.app.shealth,2025-05-02 09:59:59.999,f9527c67-1691-4bd0-9184-a15a14475d12,
62950051,2025-05-02 10:00:00.000,,f6b77ace-573a-45d1-bd3b-05158f3bcab1.binning_data.json,62950051,2025-05-02 11:11:39.522,2025-05-02 10:11:30.836,UTC+0200,NA9l677+ml,,com.sec.android.app.shealth,2025-05-02 10:59:59.999,f6b77ace-573a-45d1-bd3b-05158f3bcab1,
62950051,2025-05-02 11:00:00.000,,f1312678-9415-444c-90ff-eb8ffe70cff6.binning_data.json,62950051,2025-05-02 12:11:48.357,2025-05-02 11:11:39.546,UTC+0200,NA9l677+ml,,com.sec.android.app.shealth,2025-05-02 11:59:59.999,f1312678-9415-444c-90ff-eb8ffe70cff6,
62950051,2025-05-02 12:00:00.000,,e94ee253-e7ef-42a0-ae64-a630acb75a31.binning_data.json,62950051,2025-05-02 13:11:57.153,2025-05-02 12:11:48.369,UTC+0200,NA9l677+ml,,com.sec.android.app.shealth,2025-05-02 12:59:59.999,e94ee253-e7ef-42a0-ae64-a630acb75a31,
62950051,2025-05-02 13:00:00.000,,a1d954e0-e6af-4bfc-9f33-da4a617b7dac.binning_data.json,62950051,2025-05-02 14:12:06.507,2025-05-02 13:11:57.161,UTC+0200,NA9l677+ml,,com.sec.android.app.shealth,2025-05-02 13:59:59.999,a1d954e0-e6af-4bfc-9f33-da4a617b7dac,
62950051,2025-05-02 14:00:00.000,,79b7bec9-cd6c-4a44-a925-870bf257943f.binning_data.json,62950051,2025-05-02 15:12:15.673,2025-05-02 14:12:06.615,UTC+0200,NA9l677+ml,,com.sec.android.app.shealth,2025-05-02 14:59:59.999,79b7bec9-cd6c-4a44-a925-870bf257943f,
62950051,2025-05-02 15:00:00.000,,32322054-d546-4a79-96eb-5bf9c8d7933f.binning_data.json,62950051,2025-05-02 16:12:26.001,2025-05-02 15:12:15.684,UTC+0200,NA9l677+ml,,com.sec.android.app.shealth,2025-05-02 15:59:59.999,32322054-d546-4a79-96eb-5bf9c8d7933f,
62950051,2025-05-02 16:00:00.000,,43eae08e-cafe-451e-97c6-05ebf9fe9872.binning_data.json,62950051,2025-05-02 17:12:36.410,2025-05-02 16:12:26.012,UTC+0200,NA9l677+ml,,com.sec.android.app.shealth,2025-05-02 16:59:59.999,43eae08e-cafe-451e-97c6-05ebf9fe9872,
62950051,2025-05-02 17:00:00.000,,38785dda-f509-4576-ba7d-c7dca0849cd4.binning_data.json,62950051,2025-05-02 18:12:45.763,2025-05-02 17:12:36.533,UTC+0200,NA9l677+ml,,com.sec.android.app.shealth,2025-05-02 17:59:59.999,38785dda-f509-4576-ba7d-c7dca0849cd4,
62950051,2025-05-02 18:00:00.000,,db73c972-59f4-4f53-af13-36a5e922a332.binning_data.json,62950051,2025-05-02 19:12:55.517,2025-05-02 18:12:45.774,UTC+0200,NA9l677+ml,,com.sec.android.app.shealth,2025-05-02 18:59:59.999,db73c972-59f4-4f53-af13-36a5e922a332,
62950051,2025-05-02 19:00:00.000,,41300fb3-0c53-4255-aa50-0d40dc3f8f4b.binning_data.json,62950051,2025-05-02 20:13:04.699,2025-05-02 19:12:55.570,UTC+0200,NA9l677+ml,,com.sec.android.app.shealth,2025-05-02 19:59:59.999,41300fb3-0c53-4255-aa50-0d40dc3f8f4b,
62950051,2025-05-02 20:00:00.000,,50c07a98-40d4-4e37-93e4-e8e3ba7b8960.binning_data.json,62950051,2025-05-02 21:13:13.576,2025-05-02 20:13:04.714,UTC+0200,NA9l677+ml,,com.sec.android.app.shealth,2025-05-02 20:59:59.999,50c07a98-40d4-4e37-93e4-e8e3ba7b8960,
62950051,2025-05-02 21:00:00.000,,11251c14-c3a1-476a-9cfc-fb6cc39180b1.binning_data.json,62950051,2025-05-02 22:13:22.112,2025-05-02 21:13:13.585,UTC+0200,NA9l677+ml,,com.sec.android.app.shealth,2025-05-02 21:59:59.999,11251c14-c3a1-476a-9cfc-fb6cc39180b1,
62950051,2025-05-02 22:00:00.000,,fed773de-96b9-4bf1-80b6-742d0841db91.binning_data.json,62950051,2025-05-02 23:13:30.979,2025-05-02 22:13:22.240,UTC+0200,NA9l677+ml,,com.sec.android.app.shealth,2025-05-02 22:59:59.999,fed773de-96b9-4bf1-80b6-742d0841db91,
62950051,2025-05-02 23:00:00.000,,83894288-e1aa-43e1-b3aa-e85a1279aae1.binning_data.json,62950051,2025-05-03 00:13:40.634,2025-05-02 23:13:31.035,UTC+0200,NA9l677+ml,,com.sec.android.app.shealth,2025-05-02 23:59:59.999,83894288-e1aa-43e1-b3aa-e85a1279aae1,
62950051,2025-05-03 00:00:00.000,,c296b942-7952-4f10-9b3b-37a5bee35551.binning_data.json,62950051,2025-05-03 01:13:50.247,2025-05-03 00:13:40.675,UTC+0200,NA9l677+ml,,com.sec.android.app.shealth,2025-05-03 00:59:59.999,c296b942-7952-4f10-9b3b-37a5bee35551,
62950051,2025-05-03 01:00:00.000,,ea30d1b6-42f8-4fb5-9b67-598a0a6ded8f.binning_data.json,62950051,2025-05-03 02:13:59.565,2025-05-03 01:13:50.263,UTC+0200,NA9l677+ml,,com.sec.android.app.shealth,2025-05-03 01:59:59.999,ea30d1b6-42f8-4fb5-9b67-598a0a6ded8f,
62950051,2025-05-03 02:00:00.000,,850a2da1-3a23-4878-8bc1-9f1990293557.binning_data.json,62950051,2025-05-03 03:14:09.356,2025-05-03 02:13:59.588,UTC+0200,NA9l677+ml,,com.sec.android.app.shealth,2025-05-03 02:59:59.999,850a2da1-3a23-4878-8bc1-9f1990293557,
62950051,2025-05-03 03:00:00.000,,46ba1401-6b6f-4ca3-9604-bb5dc3291ee0.binning_data.json,62950051,2025-05-03 04:14:18.621,2025-05-03 03:14:09.418,UTC+0200,NA9l677+ml,,com.sec.android.app.shealth,2025-05-03 03:59:59.999,46ba1401-6b6f-4ca3-9604-bb5dc3291ee0,
62950051,2025-05-03 04:00:00.000,,1e3a50b0-bcc1-4c22-8f12-a43a46ab5c12.binning_data.json,62950051,2025-05-03 05:14:27.653,2025-05-03 04:14:18.726,UTC+0200,NA9l677+ml,,com.sec.android.app.shealth,2025-05-03 04:59:59.999,1e3a50b0-bcc1-4c22-8f12-a43a46ab5c12,
62950051,2025-05-03 05:00:00.000,,f3c9eb99-deae-4e97-b855-2cb44ca01f78.binning_data.json,62950051,2025-05-03 06:14:36.944,2025-05-03 05:14:27.665,UTC+0200,NA9l677+ml,,com.sec.android.app.shealth,2025-05-03 05:59:59.999,f3c9eb99-deae-4e97-b855-2cb44ca01f78,
62950051,2025-05-03 06:00:00.000,,fff86827-c4b6-4a89-8cfa-dd129aa691ee.binning_data.json,62950051,2025-05-03 07:14:46.274,2025-05-03 06:14:36.955,UTC+0200,NA9l677+ml,,com.sec.android.app.shealth,2025-05-03 06:59:59.999,fff86827-c4b6-4a89-8cfa-dd129aa691ee,
62950051,2025-05-03 07:00:00.000,,388abdc3-0d64-4075-898f-dafda4c2ee36.binning_data.json,62950051,2025-05-03 08:14:56.184,2025-05-03 07:14:46.286,UTC+0200,NA9l677+ml,,com.sec.android.app.shealth,2025-05-03 07:59:59.999,388abdc3-0d64-4075-898f-dafda4c2ee36,
62950051,2025-05-03 08:00:00.000,,ca4fadd2-3dfa-4c79-a13f-0bdb84b63222.binning_data.json,62950051,2025-05-03 09:15:05.554,2025-05-03 08:14:56.194,UTC+0200,NA9l677+ml,,com.sec.android.app.shealth,2025-05-03 08:59:59.999,ca4fadd2-3dfa-4c79-a13f-0bdb84b63222,
62950051,2025-05-03 09:00:00.000,,8099a3ca-ef99-4b52-adda-73d50e1734d1.binning_data.json,62950051,2025-05-03 10:15:15.202,2025-05-03 09:15:05.564,UTC+0200,NA9l677+ml,,com.sec.android.app.shealth,2025-05-03 09:59:59.999,8099a3ca-ef99-4b52-adda-73d50e1734d1,
62950051,2025-05-03 10:00:00.000,,601e45ff-9758-46f4-b12b-fe1dbad9c786.binning_data.json,62950051,2025-05-03 11:15:24.243,2025-05-03 10:15:15.214,UTC+0200,NA9l677+ml,,com.sec.android.app.shealth,2025-05-03 10:59:59.999,601e45ff-9758-46f4-b12b-fe1dbad9c786,
62950051,2025-05-03 11:00:00.000,,f06938c6-748d-4741-a73f-6e911bc016fb.binning_data.json,62950051,2025-05-03 12:15:33.376,2025-05-03 11:15:24.253,UTC+0200,NA9l677+ml,,com.sec.android.app.shealth,2025-05-03 11:59:59.999,f06938c6-748d-4741-a73f-6e911bc016fb,
62950051,2025-05-03 12:00:00.000,,07bfe835-fd28-4a57-90c3-177a88190a76.binning_data.json,62950051,2025-05-03 13:15:33.251,2025-05-03 12:15:33.472,UTC+0200,NA9l677+ml,,com.sec.android.app.shealth,2025-05-03 12:59:59.999,07bfe835-fd28-4a57-90c3-177a88190a76,
62950051,2025-05-03 13:00:00.000,,6eae29f6-9bdd-499d-9f6a-2540bc024fb4.binning_data.json,62950051,2025-05-03 13:57:05.837,2025-05-03 13:15:33.259,UTC+0200,NA9l677+ml,,com.sec.android.app.shealth,2025-05-03 13:59:59.999,6eae29f6-9bdd-499d-9f6a-2540bc024fb4,
62950051,2025-05-03 14:00:00.000,,504447ab-de6b-4261-a999-2f44baa92d34.binning_data.json,62950051,2025-05-03 13:57:05.854,2025-05-03 13:57:05.854,UTC+0200,NA9l677+ml,,com.sec.android.app.shealth,2025-05-03 14:15:59.999,504447ab-de6b-4261-a999-2f44baa92d34,
62950051,2025-05-04 07:11:00.000,,3701b194-8dc9-4f17-9e6e-c05e1a82bbba.binning_data.json,62950051,2025-05-04 07:13:13.959,2025-05-04 07:13:13.959,UTC+0200,NA9l677+ml,,com.sec.android.app.shealth,2025-05-04 07:30:59.999,3701b194-8dc9-4f17-9e6e-c05e1a82bbba,
62950051,2025-05-05 06:26:00.000,,79978761-b325-4c95-a92f-5797c7a0e1e3.binning_data.json,62950051,2025-05-05 07:06:24.284,2025-05-05 06:46:22.213,UTC+0200,NA9l677+ml,,com.sec.android.app.shealth,2025-05-05 06:59:59.999,79978761-b325-4c95-a92f-5797c7a0e1e3,
62950051,2025-05-05 07:00:00.000,,dcce1744-cf96-43bc-8d38-f24d24089db5.binning_data.json,62950051,2025-05-05 08:06:33.750,2025-05-05 07:06:24.339,UTC+0200,NA9l677+ml,,com.sec.android.app.shealth,2025-05-05 07:59:59.999,dcce1744-cf96-43bc-8d38-f24d24089db5,
62950051,2025-05-05 08:00:00.000,,ba19c561-611c-4334-a17a-5d7f24ce9cc5.binning_data.json,62950051,2025-05-05 09:06:42.823,2025-05-05 08:06:33.759,UTC+0200,NA9l677+ml,,com.sec.android.app.shealth,2025-05-05 08:59:59.999,ba19c561-611c-4334-a17a-5d7f24ce9cc5,
62950051,2025-05-05 09:00:00.000,,a9bd7150-ba24-428e-9869-888f42184a24.binning_data.json,62950051,2025-05-05 10:06:50.521,2025-05-05 09:06:42.833,UTC+0200,NA9l677+ml,,com.sec.android.app.shealth,2025-05-05 09:59:59.999,a9bd7150-ba24-428e-9869-888f42184a24,
62950051,2025-05-05 10:00:00.000,,498b31d4-3af7-4390-b84f-3c9aed7a8b40.binning_data.json,62950051,2025-05-05 11:06:59.933,2025-05-05 10:06:50.606,UTC+0200,NA9l677+ml,,com.sec.android.app.shealth,2025-05-05 10:59:59.999,498b31d4-3af7-4390-b84f-3c9aed7a8b40,
62950051,2025-05-05 11:00:00.000,,c10e90d1-24b7-462a-9063-b24be0d06bd6.binning_data.json,62950051,2025-05-05 12:07:07.479,2025-05-05 11:06:59.943,UTC+0200,NA9l677+ml,,com.sec.android.app.shealth,2025-05-05 11:59:59.999,c10e90d1-24b7-462a-9063-b24be0d06bd6,
62950051,2025-05-05 12:00:00.000,,f44a9226-b371-4afa-bc93-464175275542.binning_data.json,62950051,2025-05-05 13:07:13.892,2025-05-05 12:07:07.489,UTC+0200,NA9l677+ml,,com.sec.android.app.shealth,2025-05-05 12:59:59.999,f44a9226-b371-4afa-bc93-464175275542,
62950051,2025-05-05 13:00:00.000,,5c80fc40-1659-4860-a78d-5e68c22974ef.binning_data.json,62950051,2025-05-05 14:07:20.654,2025-05-05 13:07:13.900,UTC+0200,NA9l677+ml,,com.sec.android.app.shealth,2025-05-05 13:59:59.999,5c80fc40-1659-4860-a78d-5e68c22974ef,
62950051,2025-05-05 14:00:00.000,,9e91c29b-72ba-48f9-937f-c2e2bbe8e55c.binning_data.json,62950051,2025-05-05 15:07:29.881,2025-05-05 14:07:20.661,UTC+0200,NA9l677+ml,,com.sec.android.app.shealth,2025-05-05 14:59:59.999,9e91c29b-72ba-48f9-937f-c2e2bbe8e55c,
62950051,2025-05-05 15:00:00.000,,ed0f6483-5ad9-45bf-857f-b7a691f9f554.binning_data.json,62950051,2025-05-05 16:07:39.658,2025-05-05 15:07:29.892,UTC+0200,NA9l677+ml,,com.sec.android.app.shealth,2025-05-05 15:59:59.999,ed0f6483-5ad9-45bf-857f-b7a691f9f554,
62950051,2025-05-05 16:00:00.000,,3c897eb0-cacb-4c6a-b1ba-bea7a95def06.binning_data.json,62950051,2025-05-05 17:07:47.459,2025-05-05 16:07:39.667,UTC+0200,NA9l677+ml,,com.sec.android.app.shealth,2025-05-05 16:59:59.999,3c897eb0-cacb-4c6a-b1ba-bea7a95def06,
62950051,2025-05-05 17:00:00.000,,15181fd5-2c44-4224-82b1-156ed77afce6.binning_data.json,62950051,2025-05-05 18:07:56.906,2025-05-05 17:07:47.468,UTC+0200,NA9l677+ml,,com.sec.android.app.shealth,2025-05-05 17:59:59.999,15181fd5-2c44-4224-82b1-156ed77afce6,
62950051,2025-05-05 18:00:00.000,,9bf91e9a-b30b-4853-ba75-b6f784ceb9c0.binning_data.json,62950051,2025-05-05 19:08:06.328,2025-05-05 18:07:56.917,UTC+0200,NA9l677+ml,,com.sec.android.app.shealth,2025-05-05 18:59:59.999,9bf91e9a-b30b-4853-ba75-b6f784ceb9c0,
62950051,2025-05-05 19:00:00.000,,7b461e36-b639-4625-a54c-3cb7a3cb7a1f.binning_data.json,62950051,2025-05-05 20:08:15.256,2025-05-05 19:08:06.341,UTC+0200,NA9l677+ml,,com.sec.android.app.shealth,2025-05-05 19:59:59.999,7b461e36-b639-4625-a54c-3cb7a3cb7a1f,
62950051,2025-05-05 20:00:00.000,,6bcc1130-3fb4-404b-87c6-68f53ae08d2c.binning_data.json,62950051,2025-05-05 21:08:24.091,2025-05-05 20:08:15.264,UTC+0200,NA9l677+ml,,com.sec.android.app.shealth,2025-05-05 20:59:59.999,6bcc1130-3fb4-404b-87c6-68f53ae08d2c,
62950051,2025-05-05 21:00:00.000,,e5d71f52-7d23-4469-8a6b-3b2f464c421c.binning_data.json,62950051,2025-05-05 21:28:26.296,2025-05-05 21:08:24.100,UTC+0200,NA9l677+ml,,com.sec.android.app.shealth,2025-05-05 21:27:59.999,e5d71f52-7d23-4469-8a6b-3b2f464c421c,
62950051,2025-05-06 08:12:00.000,,e4825d66-48fd-4d1c-9423-0ee8ef345698.binning_data.json,62950051,2025-05-06 08:13:52.631,2025-05-06 08:13:52.631,UTC+0200,NA9l677+ml,,com.sec.android.app.shealth,2025-05-06 08:31:59.999,e4825d66-48fd-4d1c-9423-0ee8ef345698,
