com.samsung.health.advanced_glycation_endproduct.raw,6295017,2
create_sh_ver,start_time,binning_data,modify_sh_ver,update_time,create_time,version,time_offset,deviceuuid,pkg_name,end_time,datauuid
62910031,2025-03-14 01:00:00.033,42524cb0-588f-408a-97aa-3687c05f50ab.binning_data.json,62910031,2025-03-14 07:49:56.492,2025-03-14 07:49:56.492,,UTC+0100,NA9l677+ml,com.sec.android.app.shealth,2025-03-14 07:00:00.008,42524cb0-588f-408a-97aa-3687c05f50ab,
62910031,2025-03-15 01:00:00.027,56e8049a-632a-404b-85cc-a910981859fa.binning_data.json,62910031,2025-03-15 21:05:31.199,2025-03-15 21:05:31.199,,UTC+0100,NA9l677+ml,com.sec.android.app.shealth,2025-03-15 02:00:00.004,56e8049a-632a-404b-85cc-a910981859fa,
62910031,2025-03-21 20:00:00.004,e306ebe2-16b2-4f49-a5f3-616593a1690c.binning_data.json,62910031,2025-03-21 20:38:12.307,2025-03-21 20:38:12.307,,UTC+0100,NA9l677+ml,com.sec.android.app.shealth,2025-03-21 20:00:00.004,e306ebe2-16b2-4f49-a5f3-616593a1690c,
62910031,2025-03-22 23:00:00.038,6403cb10-57e9-471c-98dc-c2f705804a3c.binning_data.json,62910031,2025-03-23 07:17:18.576,2025-03-23 07:17:18.576,,UTC+0100,NA9l677+ml,com.sec.android.app.shealth,2025-03-23 07:00:00.020,6403cb10-57e9-471c-98dc-c2f705804a3c,
62950051,2025-04-24 06:00:00.026,e957c286-6f50-4498-9e55-6decae12b39d.binning_data.json,62950051,2025-04-24 06:57:05.315,2025-04-24 06:57:05.315,,UTC+0200,NA9l677+ml,com.sec.android.app.shealth,2025-04-24 06:00:00.026,e957c286-6f50-4498-9e55-6decae12b39d,
62950051,2025-04-24 10:00:00.005,bcfa2bab-6558-4920-8729-6279bda2cd45.binning_data.json,62950051,2025-04-24 10:40:50.428,2025-04-24 10:40:50.428,,UTC+0200,NA9l677+ml,com.sec.android.app.shealth,2025-04-24 10:00:00.005,bcfa2bab-6558-4920-8729-6279bda2cd45,
62950051,2025-04-24 11:00:48.819,0185f5e7-d5e1-47f3-93dc-70945b2f0683.binning_data.json,62950051,2025-04-24 11:47:14.531,2025-04-24 11:47:14.531,,UTC+0200,NA9l677+ml,com.sec.android.app.shealth,2025-04-24 11:00:48.819,0185f5e7-d5e1-47f3-93dc-70945b2f0683,
62950051,2025-04-24 13:00:00.001,2ea7fd4e-a73c-4861-90fc-0375e865bcd5.binning_data.json,62950051,2025-04-24 15:31:14.781,2025-04-24 15:31:14.781,,UTC+0200,NA9l677+ml,com.sec.android.app.shealth,2025-04-24 15:00:00.035,2ea7fd4e-a73c-4861-90fc-0375e865bcd5,
62950051,2025-05-02 23:00:00.017,6e67eac7-8c17-4fc8-8b7f-0544640b94bd.binning_data.json,62950051,2025-05-03 04:22:00.789,2025-05-03 04:22:00.789,,UTC+0200,NA9l677+ml,com.sec.android.app.shealth,2025-05-03 04:03:06.553,6e67eac7-8c17-4fc8-8b7f-0544640b94bd,
