com.samsung.shealth.step_daily_trend,6295017,6
binning_data,update_time,create_time,source_pkg_name,source_type,count,speed,distance,calorie,deviceuuid,pkg_name,datauuid,day_time
77a0cb8d-d40b-4ecf-83c9-16d05272fad4.binning_data.json,2024-07-04 08:15:18.713,2024-07-03 09:12:30.845,com.sec.android.app.shealth,-2,6022,1.099335,4336.275,227.21791,VfS0qUERdZ,com.sec.android.app.shealth,77a0cb8d-d40b-4ecf-83c9-16d05272fad4,1719964800000,
bd9a6942-12b3-4581-a566-00f38ff3675b.binning_data.json,2024-07-04 22:47:43.577,2024-07-03 09:12:37.785,com.sec.android.app.shealth,106,6012,1.0986882,4327.4595,226.93996,ooOmDJ1LSk,com.sec.android.app.shealth,bd9a6942-12b3-4581-a566-00f38ff3675b,1719964800000,
64d7ef34-5422-45a5-b405-0b824c8f47ff.binning_data.json,2024-07-03 22:00:01.830,2024-07-03 22:00:01.830,com.sec.android.app.shealth,0,648,1.0160221,466.56702,23.641216,64Z1605Zgy,com.sec.android.app.shealth,64d7ef34-5422-45a5-b405-0b824c8f47ff,1719964800000,
e8794c78-cd72-4420-be41-cc427810e80e.binning_data.json,2024-07-05 05:16:39.832,2024-07-04 08:07:00.542,com.sec.android.app.shealth,-2,7028,1.1116873,5077.066,281.4624,VfS0qUERdZ,com.sec.android.app.shealth,e8794c78-cd72-4420-be41-cc427810e80e,1720051200000,
5f04df93-838e-4550-aba3-8d8403f31382.binning_data.json,2024-07-04 22:47:41.982,2024-07-04 22:47:41.982,com.sec.android.app.shealth,0,414,1.2566828,309.4421,14.792418,64Z1605Zgy,com.sec.android.app.shealth,5f04df93-838e-4550-aba3-8d8403f31382,1720051200000,
0c0a301b-22c8-4f6b-855c-7d9c48a41907.binning_data.json,2024-07-05 22:00:03.725,2024-07-04 22:47:43.570,com.sec.android.app.shealth,106,7022,1.1112142,5071.6494,281.39996,ooOmDJ1LSk,com.sec.android.app.shealth,0c0a301b-22c8-4f6b-855c-7d9c48a41907,1720051200000,
ff359bc5-9a73-4e8f-91bc-7a510a12d50e.binning_data.json,2024-07-05 20:45:52.312,2024-07-05 05:16:38.821,com.sec.android.app.shealth,-2,8419,1.1819972,6158.1943,346.9199,VfS0qUERdZ,com.sec.android.app.shealth,ff359bc5-9a73-4e8f-91bc-7a510a12d50e,1720137600000,
13b3e041-d433-4211-82e2-7827a2167d8a.binning_data.json,2024-07-05 22:00:02.174,2024-07-05 22:00:02.174,com.sec.android.app.shealth,0,104,1.3033153,78.09859,4.072292,64Z1605Zgy,com.sec.android.app.shealth,13b3e041-d433-4211-82e2-7827a2167d8a,1720137600000,
70f64cf4-2fdf-40b7-b1f3-acccf42642f7.binning_data.json,2024-07-05 22:00:03.719,2024-07-05 22:00:03.719,com.sec.android.app.shealth,106,8400,1.1807538,6142.712,346.47052,ooOmDJ1LSk,com.sec.android.app.shealth,70f64cf4-2fdf-40b7-b1f3-acccf42642f7,1720137600000,
e53a337d-de42-44f3-bc1f-7416a2ba4a39.binning_data.json,2024-07-06 21:07:25.903,2024-07-05 22:17:40.103,com.sec.android.app.shealth,-2,1832,1.1271658,1329.2799,75.90999,VfS0qUERdZ,com.sec.android.app.shealth,e53a337d-de42-44f3-bc1f-7416a2ba4a39,1720224000000,
eac5418d-19ad-426c-b358-e2151cacfe22.binning_data.json,2024-07-06 22:00:15.891,2024-07-06 22:00:15.891,com.sec.android.app.shealth,106,1832,1.1271658,1329.2799,75.90999,ooOmDJ1LSk,com.sec.android.app.shealth,eac5418d-19ad-426c-b358-e2151cacfe22,1720224000000,
ab1e1fec-187e-45cb-8e15-4b6eabd26d3e.binning_data.json,2024-07-07 20:48:43.361,2024-07-07 12:32:01.501,com.sec.android.app.shealth,-2,6704,1.1375452,4859.477,277.49997,VfS0qUERdZ,com.sec.android.app.shealth,ab1e1fec-187e-45cb-8e15-4b6eabd26d3e,1720310400000,
7a32e4d7-5812-4fb7-baba-5bd4f3222b3a.binning_data.json,2024-07-07 22:00:03.761,2024-07-07 22:00:03.761,com.sec.android.app.shealth,106,6704,1.1375452,4859.477,277.49997,ooOmDJ1LSk,com.sec.android.app.shealth,7a32e4d7-5812-4fb7-baba-5bd4f3222b3a,1720310400000,
2e72da75-162e-459c-a1c6-67fce4f399ce.binning_data.json,2024-07-08 22:20:47.649,2024-07-08 08:15:51.768,com.sec.android.app.shealth,-2,6663,1.1528865,4845.8716,274.72644,VfS0qUERdZ,com.sec.android.app.shealth,2e72da75-162e-459c-a1c6-67fce4f399ce,1720396800000,
d2c3f969-c575-48fb-9e23-b5946ed9e009.binning_data.json,2024-07-08 22:00:03.426,2024-07-08 22:00:03.426,com.sec.android.app.shealth,0,91,1.1797177,67.90671,3.5792913,64Z1605Zgy,com.sec.android.app.shealth,d2c3f969-c575-48fb-9e23-b5946ed9e009,1720396800000,
7362030d-f76d-44f4-bc40-f8a519aa1847.binning_data.json,2024-07-09 22:00:04.731,2024-07-08 22:00:13.746,com.sec.android.app.shealth,106,6641,1.1524028,4828.768,273.85995,ooOmDJ1LSk,com.sec.android.app.shealth,7362030d-f76d-44f4-bc40-f8a519aa1847,1720396800000,
9eb62d98-78de-4c8f-b7f6-f5258e0817ce.binning_data.json,2024-07-09 17:50:31.991,2024-07-09 03:02:18.803,com.sec.android.app.shealth,-2,9526,1.355771,7197.6953,383.11618,VfS0qUERdZ,com.sec.android.app.shealth,9eb62d98-78de-4c8f-b7f6-f5258e0817ce,1720483200000,
20c16bba-7c77-450a-8644-57d896b41418.binning_data.json,2024-07-09 22:00:02.992,2024-07-09 22:00:02.992,com.sec.android.app.shealth,0,1795,1.4109186,1377.9238,69.63923,64Z1605Zgy,com.sec.android.app.shealth,20c16bba-7c77-450a-8644-57d896b41418,1720483200000,
59892ae7-08e3-48c0-b2f1-375f00e0551d.binning_data.json,2024-07-09 22:00:04.689,2024-07-09 22:00:04.689,com.sec.android.app.shealth,106,8653,1.343676,6521.9517,349.8998,ooOmDJ1LSk,com.sec.android.app.shealth,59892ae7-08e3-48c0-b2f1-375f00e0551d,1720483200000,
b06c9364-b9fb-4239-a33c-384d5c9d8a44.binning_data.json,2024-07-10 22:29:38.307,2024-07-10 11:38:11.730,com.sec.android.app.shealth,-2,4977,1.172178,3629.9893,203.92703,VfS0qUERdZ,com.sec.android.app.shealth,b06c9364-b9fb-4239-a33c-384d5c9d8a44,1720569600000,
5d946f3b-d697-4668-808d-8478fd1e9b9a.binning_data.json,2024-07-10 22:29:35.141,2024-07-10 22:29:35.141,com.sec.android.app.shealth,0,505,1.4367383,388.28317,19.608181,64Z1605Zgy,com.sec.android.app.shealth,5d946f3b-d697-4668-808d-8478fd1e9b9a,1720569600000,
b4823e60-1f09-43b9-b86f-378d174dc1f3.binning_data.json,2024-07-12 06:13:40.657,2024-07-10 22:29:37.024,com.sec.android.app.shealth,106,4928,1.167581,3590.919,202.29985,ooOmDJ1LSk,com.sec.android.app.shealth,b4823e60-1f09-43b9-b86f-378d174dc1f3,1720569600000,
3b96dd19-a07a-4887-86a1-d84630f365af.binning_data.json,2024-07-12 06:13:17.080,2024-07-10 22:29:37.667,com.sec.android.app.shealth,-2,5084,1.1510144,3699.5728,210.58987,VfS0qUERdZ,com.sec.android.app.shealth,3b96dd19-a07a-4887-86a1-d84630f365af,1720656000000,
3e3e876b-082e-4daa-bfb2-eb7b35d6ef65.binning_data.json,2024-07-12 21:02:10.418,2024-07-12 06:13:13.852,com.sec.android.app.shealth,-2,6137,1.1249824,4439.994,253.82587,VfS0qUERdZ,com.sec.android.app.shealth,3e3e876b-082e-4daa-bfb2-eb7b35d6ef65,1720742400000,
f8e17016-38e6-4be8-b06d-bc2645f8f813.binning_data.json,2024-07-12 22:00:06.068,2024-07-12 06:13:40.277,com.sec.android.app.shealth,106,6095,1.124418,4408.509,252.17993,ooOmDJ1LSk,com.sec.android.app.shealth,f8e17016-38e6-4be8-b06d-bc2645f8f813,1720742400000,
7f3a1f6f-db08-4f88-9b22-11ea79428c6d.binning_data.json,2024-07-12 06:13:40.582,2024-07-12 06:13:40.582,com.sec.android.app.shealth,106,5084,1.1510144,3699.5728,210.58987,ooOmDJ1LSk,com.sec.android.app.shealth,7f3a1f6f-db08-4f88-9b22-11ea79428c6d,1720656000000,
6427c6af-1ef7-4d7e-93a1-03f242a1f7f3.binning_data.json,2024-07-12 22:00:04.363,2024-07-12 22:00:04.363,com.sec.android.app.shealth,0,417,1.2087332,309.5852,16.442112,64Z1605Zgy,com.sec.android.app.shealth,6427c6af-1ef7-4d7e-93a1-03f242a1f7f3,1720742400000,
82fb3141-4d56-47c0-9834-5486edd4efb8.binning_data.json,2024-07-13 22:03:46.064,2024-07-13 10:06:24.111,com.sec.android.app.shealth,-2,9628,1.1324494,6969.615,394.65015,VfS0qUERdZ,com.sec.android.app.shealth,82fb3141-4d56-47c0-9834-5486edd4efb8,1720828800000,
4928e002-0198-4e90-89dc-a2d72c5a9d5c.binning_data.json,2024-07-13 22:00:02.600,2024-07-13 22:00:02.600,com.sec.android.app.shealth,0,1180,1.1487496,867.3569,46.813065,64Z1605Zgy,com.sec.android.app.shealth,4928e002-0198-4e90-89dc-a2d72c5a9d5c,1720828800000,
93adf33c-14e4-4099-8e0d-8a538cacba33.binning_data.json,2024-07-14 22:00:04.620,2024-07-13 22:00:04.164,com.sec.android.app.shealth,106,9559,1.1327621,6918.181,391.9101,ooOmDJ1LSk,com.sec.android.app.shealth,93adf33c-14e4-4099-8e0d-8a538cacba33,1720828800000,
201468fb-c5b9-4184-ab8f-d118ed60186b.binning_data.json,2024-07-14 18:44:01.309,2024-07-14 18:02:19.277,com.sec.android.app.shealth,-2,7078,1.1712985,5167.112,292.66992,VfS0qUERdZ,com.sec.android.app.shealth,201468fb-c5b9-4184-ab8f-d118ed60186b,1720915200000,
f8674d07-809b-4056-baf9-50a7706cade6.binning_data.json,2024-07-14 22:00:02.691,2024-07-14 22:00:02.691,com.sec.android.app.shealth,0,40,1.0553597,28.771488,1.6140116,64Z1605Zgy,com.sec.android.app.shealth,f8674d07-809b-4056-baf9-50a7706cade6,1720915200000,
26fa5172-2959-49b4-8a66-d90c6de1a8e4.binning_data.json,2024-07-14 22:00:04.606,2024-07-14 22:00:04.606,com.sec.android.app.shealth,106,7078,1.1712985,5167.112,292.66992,ooOmDJ1LSk,com.sec.android.app.shealth,26fa5172-2959-49b4-8a66-d90c6de1a8e4,1720915200000,
01e4edcd-0803-4a5b-97ac-c7620b1cbcf9.binning_data.json,2024-07-16 07:38:53.983,2024-07-15 08:03:34.953,com.sec.android.app.shealth,-2,8624,1.2346505,6377.5815,353.93005,VfS0qUERdZ,com.sec.android.app.shealth,01e4edcd-0803-4a5b-97ac-c7620b1cbcf9,1721001600000,
85b7b879-7fee-4c33-90d6-dd2cea31966a.binning_data.json,2024-07-16 07:38:52.360,2024-07-16 07:38:52.360,com.sec.android.app.shealth,0,101,1.3521963,76.84884,3.9286425,64Z1605Zgy,com.sec.android.app.shealth,85b7b879-7fee-4c33-90d6-dd2cea31966a,1721001600000,
f3746e48-8625-47c3-bb91-e0e2ec67547e.binning_data.json,2024-07-16 07:38:54.532,2024-07-16 07:38:54.532,com.sec.android.app.shealth,106,8624,1.2346505,6377.5815,353.93005,ooOmDJ1LSk,com.sec.android.app.shealth,f3746e48-8625-47c3-bb91-e0e2ec67547e,1721001600000,
da74b499-194b-422e-8eeb-2124c28b23d7.binning_data.json,2024-07-16 08:28:09.205,2024-07-16 08:28:09.205,com.sec.android.app.shealth,-2,611,1.1688422,445.32004,24.289999,VfS0qUERdZ,com.sec.android.app.shealth,da74b499-194b-422e-8eeb-2124c28b23d7,1721088000000,
e975c927-196c-44aa-ad6f-1d65a471a207.binning_data.json,2024-07-16 22:00:09.332,2024-07-16 22:00:09.332,com.sec.android.app.shealth,106,611,1.1688422,445.32004,24.289999,ooOmDJ1LSk,com.sec.android.app.shealth,e975c927-196c-44aa-ad6f-1d65a471a207,1721088000000,
46352073-e941-4c91-8659-dfa2db340b83.binning_data.json,2024-07-17 20:37:41.324,2024-07-17 07:29:39.191,com.sec.android.app.shealth,-2,8076,1.1642706,5892.375,341.25375,VfS0qUERdZ,com.sec.android.app.shealth,46352073-e941-4c91-8659-dfa2db340b83,1721174400000,
4c04ee30-05ee-4ed1-bcc5-25a3b723181c.binning_data.json,2024-07-17 22:19:37.972,2024-07-17 22:19:37.972,com.sec.android.app.shealth,0,154,1.2142287,114.01332,6.082393,64Z1605Zgy,com.sec.android.app.shealth,4c04ee30-05ee-4ed1-bcc5-25a3b723181c,1721174400000,
252c4e75-8c0a-40f1-84d1-f0a61d14ca72.binning_data.json,2024-07-17 22:19:45.319,2024-07-17 22:19:45.319,com.sec.android.app.shealth,106,8029,1.1638471,5857.0073,339.38995,ooOmDJ1LSk,com.sec.android.app.shealth,252c4e75-8c0a-40f1-84d1-f0a61d14ca72,1721174400000,
d7699e66-ab69-47ce-afd6-d399e8f6d9b0.binning_data.json,2024-07-18 21:56:13.869,2024-07-18 05:11:08.098,com.sec.android.app.shealth,-2,4787,1.1995527,3521.6895,195.96388,VfS0qUERdZ,com.sec.android.app.shealth,d7699e66-ab69-47ce-afd6-d399e8f6d9b0,1721260800000,
ecbfe922-e890-40ca-9174-5b8b6b581cbb.binning_data.json,2024-07-18 22:00:02.592,2024-07-18 22:00:02.592,com.sec.android.app.shealth,0,368,1.3502539,278.2456,14.3691845,64Z1605Zgy,com.sec.android.app.shealth,ecbfe922-e890-40ca-9174-5b8b6b581cbb,1721260800000,
708db301-8430-4b51-ac95-6a6f132daa79.binning_data.json,2024-07-18 22:00:04.720,2024-07-18 22:00:04.720,com.sec.android.app.shealth,106,4744,1.1975169,3488.2405,194.31995,ooOmDJ1LSk,com.sec.android.app.shealth,708db301-8430-4b51-ac95-6a6f132daa79,1721260800000,
b608989f-859b-4e5c-950b-eddec39109d3.binning_data.json,2024-07-19 07:36:10.945,2024-07-19 07:36:10.945,com.sec.android.app.shealth,-2,403,1.2033149,297.22998,17.14,VfS0qUERdZ,com.sec.android.app.shealth,b608989f-859b-4e5c-950b-eddec39109d3,1721347200000,
497aec23-260a-418a-9943-1a74c4e7f166.binning_data.json,2024-07-20 07:12:19.396,2024-07-20 07:12:19.396,com.sec.android.app.shealth,106,403,1.2033149,297.22998,17.14,ooOmDJ1LSk,com.sec.android.app.shealth,497aec23-260a-418a-9943-1a74c4e7f166,1721347200000,
759f17e8-f58e-4d35-a0c8-351cf9d0d7ea.binning_data.json,2024-07-20 18:25:34.047,2024-07-20 09:40:30.251,com.sec.android.app.shealth,-2,351,1.3333993,265.8703,13.737026,VfS0qUERdZ,com.sec.android.app.shealth,759f17e8-f58e-4d35-a0c8-351cf9d0d7ea,1721433600000,
52791056-f3ef-4afa-a302-0e279927bc9b.binning_data.json,2024-07-20 22:45:49.669,2024-07-20 22:45:49.669,com.sec.android.app.shealth,0,351,1.3333993,265.8703,13.737026,64Z1605Zgy,com.sec.android.app.shealth,52791056-f3ef-4afa-a302-0e279927bc9b,1721433600000,
ee21b2f2-fb6f-4c6f-86b4-4721bbaefb96.binning_data.json,2024-07-21 14:37:49.598,2024-07-21 09:30:53.158,com.sec.android.app.shealth,-2,1107,1.3665756,841.56934,43.099556,VfS0qUERdZ,com.sec.android.app.shealth,ee21b2f2-fb6f-4c6f-86b4-4721bbaefb96,1721520000000,
67ba31ea-69e3-4887-9640-b07d47f1599d.binning_data.json,2024-07-21 22:52:09.333,2024-07-21 22:52:09.333,com.sec.android.app.shealth,0,1107,1.3665756,841.56934,43.099556,64Z1605Zgy,com.sec.android.app.shealth,67ba31ea-69e3-4887-9640-b07d47f1599d,1721520000000,
61c31a35-8cba-402d-954a-a78f6b659635.binning_data.json,2024-07-23 15:21:21.834,2024-07-23 13:41:31.675,com.sec.android.app.shealth,-2,95,1.381051,72.48763,3.6958404,VfS0qUERdZ,com.sec.android.app.shealth,61c31a35-8cba-402d-954a-a78f6b659635,1721692800000,
760ccc1b-1db6-40a8-a7f8-0c771e29840c.binning_data.json,2024-07-23 23:27:10.672,2024-07-23 23:27:10.672,com.sec.android.app.shealth,0,95,1.381051,72.48763,3.6958404,64Z1605Zgy,com.sec.android.app.shealth,760ccc1b-1db6-40a8-a7f8-0c771e29840c,1721692800000,
3ea0f4fe-f829-42fd-a2dc-ca43c0e26e72.binning_data.json,2024-07-25 14:52:34.701,2024-07-24 12:09:14.069,com.sec.android.app.shealth,-2,4738,1.1446179,3441.1438,194.1749,VfS0qUERdZ,com.sec.android.app.shealth,3ea0f4fe-f829-42fd-a2dc-ca43c0e26e72,1721779200000,
ef1514cc-66a6-4e1d-9d37-8c1c8a7ffe63.binning_data.json,2024-07-25 14:52:09.092,2024-07-25 14:52:09.092,com.sec.android.app.shealth,0,106,1.3009387,79.629166,4.1465464,64Z1605Zgy,com.sec.android.app.shealth,ef1514cc-66a6-4e1d-9d37-8c1c8a7ffe63,1721779200000,
b41b90e3-bc0f-4868-aaa0-a7c37a8d3a1f.binning_data.json,2024-07-25 14:52:37.871,2024-07-25 14:52:37.871,com.sec.android.app.shealth,106,4722,1.1440545,3429.0193,193.55,ooOmDJ1LSk,com.sec.android.app.shealth,b41b90e3-bc0f-4868-aaa0-a7c37a8d3a1f,1721779200000,
34b3f6d6-37fe-4942-b223-9caee92b7d6d.binning_data.json,2024-07-25 16:32:29.533,2024-07-25 15:06:40.703,com.sec.android.app.shealth,-2,6550,1.1342547,4743.208,248.40993,VfS0qUERdZ,com.sec.android.app.shealth,34b3f6d6-37fe-4942-b223-9caee92b7d6d,1721865600000,
dbb91e2f-924c-41b2-b824-90d6a3066718.binning_data.json,2024-07-25 22:00:10.287,2024-07-25 22:00:10.287,com.sec.android.app.shealth,106,6550,1.1342547,4743.208,248.40993,ooOmDJ1LSk,com.sec.android.app.shealth,dbb91e2f-924c-41b2-b824-90d6a3066718,1721865600000,
4e709ca6-e6e7-400b-b8bc-31b5905e1155.binning_data.json,2024-07-28 09:13:30.036,2024-07-28 08:51:10.054,com.sec.android.app.shealth,-2,212,1.3236628,160.76138,8.259524,VfS0qUERdZ,com.sec.android.app.shealth,4e709ca6-e6e7-400b-b8bc-31b5905e1155,1722124800000,
f5505ba1-7c55-420a-915c-3aa21d01f1a8.binning_data.json,2024-07-29 08:12:26.373,2024-07-29 08:12:26.373,com.sec.android.app.shealth,0,212,1.3236628,160.76138,8.259524,64Z1605Zgy,com.sec.android.app.shealth,f5505ba1-7c55-420a-915c-3aa21d01f1a8,1722124800000,
1dc0f91b-b0bf-43e4-ad34-3f0af1e334f9.binning_data.json,2024-08-03 16:49:02.189,2024-08-03 08:12:23.654,com.sec.android.app.shealth,-2,37,0.57347065,26.714777,1.4943268,VfS0qUERdZ,com.sec.android.app.shealth,1dc0f91b-b0bf-43e4-ad34-3f0af1e334f9,1722643200000,
1e247c40-16d2-4b38-9102-659f74700aa4.binning_data.json,2024-08-04 01:13:41.741,2024-08-04 01:13:41.741,com.sec.android.app.shealth,0,37,0.57347065,26.714777,1.4943268,64Z1605Zgy,com.sec.android.app.shealth,1e247c40-16d2-4b38-9102-659f74700aa4,1722643200000,
73f47deb-a063-4f04-a6a8-8aec7f9364f1.binning_data.json,2024-08-04 15:43:43.437,2024-08-04 07:33:17.430,com.sec.android.app.shealth,-2,46,1.2953312,34.937294,1.79427,VfS0qUERdZ,com.sec.android.app.shealth,73f47deb-a063-4f04-a6a8-8aec7f9364f1,1722729600000,
675ea325-d3cc-47fb-9aef-028dcf6cf516.binning_data.json,2024-08-04 23:25:01.586,2024-08-04 23:25:01.586,com.sec.android.app.shealth,0,46,1.2953312,34.937294,1.79427,64Z1605Zgy,com.sec.android.app.shealth,675ea325-d3cc-47fb-9aef-028dcf6cf516,1722729600000,
f7bb499e-135a-4872-9be4-3188a4ca7537.binning_data.json,2024-08-05 13:59:38.905,2024-08-05 12:25:35.855,com.sec.android.app.shealth,-2,59,1.1761531,43.29756,2.3434417,VfS0qUERdZ,com.sec.android.app.shealth,f7bb499e-135a-4872-9be4-3188a4ca7537,1722816000000,
728740da-1dac-4b1c-8a17-bf21a8fe3826.binning_data.json,2024-08-06 06:49:35.239,2024-08-06 06:49:35.239,com.sec.android.app.shealth,0,59,1.1761531,43.29756,2.3434417,64Z1605Zgy,com.sec.android.app.shealth,728740da-1dac-4b1c-8a17-bf21a8fe3826,1722816000000,
abb56fa4-a826-474b-863f-6ff1405a4a4a.binning_data.json,2024-08-06 09:52:45.111,2024-08-06 06:49:40.735,com.sec.android.app.shealth,-2,825,1.405426,630.6933,32.033875,VfS0qUERdZ,com.sec.android.app.shealth,abb56fa4-a826-474b-863f-6ff1405a4a4a,1722902400000,
0acae3a7-a958-4551-a616-9044a9031ad5.binning_data.json,2024-08-07 08:01:23.539,2024-08-07 08:01:23.539,com.sec.android.app.shealth,0,825,1.405426,630.6933,32.033875,64Z1605Zgy,com.sec.android.app.shealth,0acae3a7-a958-4551-a616-9044a9031ad5,1722902400000,
0d71ec8a-240b-4458-a6ab-d8ff3c0f527c.binning_data.json,2024-08-07 14:29:28.917,2024-08-07 12:35:02.795,com.sec.android.app.shealth,-2,354,1.3379899,267.2775,13.828747,VfS0qUERdZ,com.sec.android.app.shealth,0d71ec8a-240b-4458-a6ab-d8ff3c0f527c,1722988800000,
3f6d423a-3bd6-41db-aced-fa39bd879bc9.binning_data.json,2024-08-09 12:43:48.317,2024-08-09 12:43:48.317,com.sec.android.app.shealth,0,354,1.3379899,267.2775,13.828747,64Z1605Zgy,com.sec.android.app.shealth,3f6d423a-3bd6-41db-aced-fa39bd879bc9,1722988800000,
c6f1ab3c-9a7e-4a06-bed5-c2c83ed6d109.binning_data.json,2024-08-09 13:51:30.728,2024-08-09 12:44:14.511,com.sec.android.app.shealth,-2,130,1.1742358,97.31524,5.0983367,VfS0qUERdZ,com.sec.android.app.shealth,c6f1ab3c-9a7e-4a06-bed5-c2c83ed6d109,1723161600000,
aa11b989-9422-4b38-909f-c132aef9e553.binning_data.json,2024-08-10 00:32:11.783,2024-08-10 00:32:11.783,com.sec.android.app.shealth,0,130,1.1742358,97.31524,5.0983367,64Z1605Zgy,com.sec.android.app.shealth,aa11b989-9422-4b38-909f-c132aef9e553,1723161600000,
68bb1aa0-2cbf-44f2-8205-c29e7e965b08.binning_data.json,2024-08-10 14:30:36.851,2024-08-10 14:30:36.851,com.sec.android.app.shealth,-2,29,1.2588627,21.736984,1.1357899,VfS0qUERdZ,com.sec.android.app.shealth,68bb1aa0-2cbf-44f2-8205-c29e7e965b08,1723248000000,
f49d3347-3efa-43e5-b4b4-9b8c175f2138.binning_data.json,2024-08-12 10:40:20.676,2024-08-12 10:40:20.676,com.sec.android.app.shealth,0,29,1.2588627,21.736984,1.1357899,64Z1605Zgy,com.sec.android.app.shealth,f49d3347-3efa-43e5-b4b4-9b8c175f2138,1723248000000,
1fb3eb7c-2c46-48e6-afb5-28ab2e5a35a1.binning_data.json,2024-08-12 14:13:58.273,2024-08-12 14:13:58.273,com.sec.android.app.shealth,-2,7,0.884735,5.2971716,0.2733387,VfS0qUERdZ,com.sec.android.app.shealth,1fb3eb7c-2c46-48e6-afb5-28ab2e5a35a1,1723420800000,
5000f46f-e925-4063-b4b2-697132665129.binning_data.json,2024-08-13 08:36:15.020,2024-08-13 08:36:15.020,com.sec.android.app.shealth,0,7,0.884735,5.2971716,0.2733387,64Z1605Zgy,com.sec.android.app.shealth,5000f46f-e925-4063-b4b2-697132665129,1723420800000,
1160e07c-68bf-44de-b1d3-c17e43bd6249.binning_data.json,2024-08-14 10:33:44.671,2024-08-14 10:33:44.671,com.sec.android.app.shealth,-2,42,1.2690332,31.206886,1.652013,VfS0qUERdZ,com.sec.android.app.shealth,1160e07c-68bf-44de-b1d3-c17e43bd6249,1723593600000,
a5a4b04a-f4b9-4f2b-983e-a6a0d07a4313.binning_data.json,2024-08-14 22:00:02.391,2024-08-14 22:00:02.391,com.sec.android.app.shealth,0,42,1.2690332,31.206886,1.652013,64Z1605Zgy,com.sec.android.app.shealth,a5a4b04a-f4b9-4f2b-983e-a6a0d07a4313,1723593600000,
13f1557e-7b86-4b8f-b30d-646e0da8b29a.binning_data.json,2024-08-16 15:30:09.471,2024-08-16 13:51:30.117,com.sec.android.app.shealth,-2,77,1.0512234,57.10202,3.0354033,VfS0qUERdZ,com.sec.android.app.shealth,13f1557e-7b86-4b8f-b30d-646e0da8b29a,1723766400000,
759c90b6-91aa-43c9-9333-93c6351d20aa.binning_data.json,2024-08-16 23:11:23.427,2024-08-16 23:11:23.427,com.sec.android.app.shealth,0,77,1.0512234,57.10202,3.0354033,64Z1605Zgy,com.sec.android.app.shealth,759c90b6-91aa-43c9-9333-93c6351d20aa,1723766400000,
bf8c2466-cd7d-4981-9002-98f8399a248c.binning_data.json,2024-08-18 09:47:37.329,2024-08-18 09:41:39.292,com.sec.android.app.shealth,-2,69,1.1742141,51.012154,2.732305,VfS0qUERdZ,com.sec.android.app.shealth,bf8c2466-cd7d-4981-9002-98f8399a248c,1723939200000,
a1a8e26f-33be-46fb-b270-cff204351913.binning_data.json,2024-08-18 23:55:36.979,2024-08-18 23:55:36.979,com.sec.android.app.shealth,0,69,1.1742141,51.012154,2.732305,64Z1605Zgy,com.sec.android.app.shealth,a1a8e26f-33be-46fb-b270-cff204351913,1723939200000,
82eddd83-db02-4c11-92aa-49f3c398f4b7.binning_data.json,2024-08-19 17:09:39.765,2024-08-19 10:43:56.901,com.sec.android.app.shealth,-2,51,1.3674979,39.11998,1.9772992,VfS0qUERdZ,com.sec.android.app.shealth,82eddd83-db02-4c11-92aa-49f3c398f4b7,1724025600000,
957be390-f21f-4c43-8482-bcfbb818bd7b.binning_data.json,2024-08-20 01:23:31.646,2024-08-20 01:23:31.646,com.sec.android.app.shealth,0,51,1.3674979,39.11998,1.9772992,64Z1605Zgy,com.sec.android.app.shealth,957be390-f21f-4c43-8482-bcfbb818bd7b,1724025600000,
ecd56015-f086-44a3-8a30-3e1086ce2ff5.binning_data.json,2024-08-20 10:22:35.702,2024-08-20 09:15:24.465,com.sec.android.app.shealth,-2,66,0.90102524,49.51802,2.5869455,VfS0qUERdZ,com.sec.android.app.shealth,ecd56015-f086-44a3-8a30-3e1086ce2ff5,1724112000000,
f05a3fee-7cf1-4a8b-a3f0-e51957d5f02b.binning_data.json,2024-08-20 22:00:02.343,2024-08-20 22:00:02.343,com.sec.android.app.shealth,0,66,0.90102524,49.51802,2.5869455,64Z1605Zgy,com.sec.android.app.shealth,f05a3fee-7cf1-4a8b-a3f0-e51957d5f02b,1724112000000,
7e964661-fff5-492b-9cd2-28dd5b78859a.binning_data.json,2024-08-21 14:18:53.748,2024-08-21 06:40:47.194,com.sec.android.app.shealth,-2,624,1.17549,462.01163,24.629799,VfS0qUERdZ,com.sec.android.app.shealth,7e964661-fff5-492b-9cd2-28dd5b78859a,1724198400000,
51f4ebde-ae7b-4623-9a0c-b029e0d6e76f.binning_data.json,2024-08-22 06:24:32.583,2024-08-22 06:24:32.583,com.sec.android.app.shealth,0,624,1.17549,462.01163,24.629799,64Z1605Zgy,com.sec.android.app.shealth,51f4ebde-ae7b-4623-9a0c-b029e0d6e76f,1724198400000,
414dbc83-1c21-4670-8080-d1ddcd3284b2.binning_data.json,2024-08-23 18:07:30.687,2024-08-23 07:59:42.925,com.sec.android.app.shealth,-2,50,1.2882798,37.464703,1.9610775,VfS0qUERdZ,com.sec.android.app.shealth,414dbc83-1c21-4670-8080-d1ddcd3284b2,1724371200000,
59200fa9-89a3-482a-afdd-1d661df96760.binning_data.json,2024-08-23 22:00:03.305,2024-08-23 22:00:03.305,com.sec.android.app.shealth,0,50,1.2882798,37.464703,1.9610775,64Z1605Zgy,com.sec.android.app.shealth,59200fa9-89a3-482a-afdd-1d661df96760,1724371200000,
5ba03622-65dd-4f8a-be32-52e861e52f4b.binning_data.json,2024-08-26 10:06:13.752,2024-08-26 06:44:53.093,com.sec.android.app.shealth,-2,244,1.3332553,185.87035,9.498154,VfS0qUERdZ,com.sec.android.app.shealth,5ba03622-65dd-4f8a-be32-52e861e52f4b,1724630400000,
f1ba5f5c-1639-42b5-97eb-da7013525471.binning_data.json,2024-08-27 08:40:48.252,2024-08-27 08:40:48.252,com.sec.android.app.shealth,0,244,1.3332553,185.87035,9.498154,64Z1605Zgy,com.sec.android.app.shealth,f1ba5f5c-1639-42b5-97eb-da7013525471,1724630400000,
894b33d7-1435-4bde-bd28-f21a6c74a450.binning_data.json,2024-08-27 18:46:16.566,2024-08-27 10:55:48.258,com.sec.android.app.shealth,-2,1053,1.1609987,776.28314,41.731762,VfS0qUERdZ,com.sec.android.app.shealth,894b33d7-1435-4bde-bd28-f21a6c74a450,1724716800000,
269ccb73-40a2-4b66-85a4-0cef1095e234.binning_data.json,2024-08-27 22:46:36.310,2024-08-27 22:46:36.310,com.sec.android.app.shealth,0,1053,1.1609987,776.28314,41.731762,64Z1605Zgy,com.sec.android.app.shealth,269ccb73-40a2-4b66-85a4-0cef1095e234,1724716800000,
03f64282-079d-4315-b52e-d3f75ebc6c82.binning_data.json,2024-08-28 10:53:32.728,2024-08-28 07:39:11.740,com.sec.android.app.shealth,-2,535,1.2616073,401.7255,20.971725,VfS0qUERdZ,com.sec.android.app.shealth,03f64282-079d-4315-b52e-d3f75ebc6c82,1724803200000,
a8edccbf-7e0f-44f4-99af-21ef51e9438f.binning_data.json,2024-08-29 13:26:51.659,2024-08-29 13:26:51.659,com.sec.android.app.shealth,0,535,1.2616073,401.7255,20.971725,64Z1605Zgy,com.sec.android.app.shealth,a8edccbf-7e0f-44f4-99af-21ef51e9438f,1724803200000,
87ef9f62-264a-405d-bc70-aee962ca51d0.binning_data.json,2024-08-30 13:49:16.966,2024-08-30 09:09:39.481,com.sec.android.app.shealth,-2,51,1.1259995,37.88325,2.006579,VfS0qUERdZ,com.sec.android.app.shealth,87ef9f62-264a-405d-bc70-aee962ca51d0,1724976000000,
af85d6f3-66e1-4cce-bba0-75dc80265ed1.binning_data.json,2024-09-01 12:41:07.022,2024-09-01 12:41:07.022,com.sec.android.app.shealth,0,51,1.1259995,37.88325,2.006579,64Z1605Zgy,com.sec.android.app.shealth,af85d6f3-66e1-4cce-bba0-75dc80265ed1,1724976000000,
c46a57da-d65e-4bfc-8b8b-5cc647043d66.binning_data.json,2024-09-02 15:51:25.738,2024-09-02 05:59:39.168,com.sec.android.app.shealth,-2,390,1.42231,298.8683,15.127144,VfS0qUERdZ,com.sec.android.app.shealth,c46a57da-d65e-4bfc-8b8b-5cc647043d66,1725235200000,
38647af9-9aff-4135-ba23-8b7c2f25bcbf.binning_data.json,2024-09-02 22:00:02.703,2024-09-02 22:00:02.703,com.sec.android.app.shealth,0,390,1.42231,298.8683,15.127144,64Z1605Zgy,com.sec.android.app.shealth,38647af9-9aff-4135-ba23-8b7c2f25bcbf,1725235200000,
d61bc55e-c079-4d37-a1fa-e2ac65ce329c.binning_data.json,2024-09-03 17:14:29.003,2024-09-03 06:44:58.385,com.sec.android.app.shealth,-2,4670,1.2310749,3447.3296,193.65991,VfS0qUERdZ,com.sec.android.app.shealth,d61bc55e-c079-4d37-a1fa-e2ac65ce329c,1725321600000,
a27a6ae5-640d-4e41-8646-e0a90cfeb13d.binning_data.json,2024-09-03 22:00:03.847,2024-09-03 22:00:03.847,com.sec.android.app.shealth,0,224,1.3018938,169.31894,8.751674,64Z1605Zgy,com.sec.android.app.shealth,a27a6ae5-640d-4e41-8646-e0a90cfeb13d,1725321600000,
755bc10b-993a-4d8f-a5ec-4fbf9f72ec78.binning_data.json,2024-09-03 22:00:06.091,2024-09-03 22:00:06.091,com.sec.android.app.shealth,106,4670,1.2310749,3447.3296,193.65991,ooOmDJ1LSk,com.sec.android.app.shealth,755bc10b-993a-4d8f-a5ec-4fbf9f72ec78,1725321600000,
bc2700a1-a3a3-49a7-a9f6-2743e7b2df53.binning_data.json,2024-09-06 11:12:34.082,2024-09-05 05:41:20.004,com.sec.android.app.shealth,-2,4883,1.2910967,3645.6868,198.23515,VfS0qUERdZ,com.sec.android.app.shealth,bc2700a1-a3a3-49a7-a9f6-2743e7b2df53,1725494400000,
9c468d8b-d9bb-4de2-9d06-2425c4c07188.binning_data.json,2024-09-06 11:12:32.114,2024-09-06 11:12:32.114,com.sec.android.app.shealth,0,380,1.3212956,288.18103,14.807565,64Z1605Zgy,com.sec.android.app.shealth,9c468d8b-d9bb-4de2-9d06-2425c4c07188,1725494400000,
26659be8-a60a-42d3-b073-5ce8325ec5b1.binning_data.json,2024-09-07 09:19:55.000,2024-09-06 11:12:32.218,com.sec.android.app.shealth,-2,2921,1.3209035,2187.8232,120.49253,VfS0qUERdZ,com.sec.android.app.shealth,26659be8-a60a-42d3-b073-5ce8325ec5b1,1725580800000,
6db84a67-df73-43f1-9580-b281e113ba1b.binning_data.json,2024-09-06 11:12:34.382,2024-09-06 11:12:34.382,com.sec.android.app.shealth,106,4693,1.2900379,3500.6096,190.86005,ooOmDJ1LSk,com.sec.android.app.shealth,6db84a67-df73-43f1-9580-b281e113ba1b,1725494400000,
ea212373-cc84-4cee-84f0-23f7ccd601d5.binning_data.json,2024-09-07 09:19:56.401,2024-09-06 11:12:34.394,com.sec.android.app.shealth,106,2772,1.3140513,2073.089,114.74002,ooOmDJ1LSk,com.sec.android.app.shealth,ea212373-cc84-4cee-84f0-23f7ccd601d5,1725580800000,
3d2646f9-7395-462e-bf3c-af1eebd81aa0.binning_data.json,2024-09-07 09:19:54.345,2024-09-07 09:19:54.345,com.sec.android.app.shealth,0,213,1.4006542,161.90416,8.282508,64Z1605Zgy,com.sec.android.app.shealth,3d2646f9-7395-462e-bf3c-af1eebd81aa0,1725580800000,
c2eb405a-e79b-4444-8238-63ee91c040c9.binning_data.json,2024-09-07 09:19:57.537,2024-09-07 09:19:54.713,com.sec.android.app.shealth,-2,4426,1.0663365,3151.0295,185.94998,VfS0qUERdZ,com.sec.android.app.shealth,c2eb405a-e79b-4444-8238-63ee91c040c9,1725667200000,
9ff13a00-e29a-45c9-99c4-53c39d78a9bb.binning_data.json,2024-09-07 09:19:56.382,2024-09-07 09:19:56.382,com.sec.android.app.shealth,106,4426,1.0663365,3151.0295,185.94998,ooOmDJ1LSk,com.sec.android.app.shealth,9ff13a00-e29a-45c9-99c4-53c39d78a9bb,1725667200000,
0f2d89e0-588d-4b8d-86c1-e5fae4d1e502.binning_data.json,2024-09-10 05:41:44.769,2024-09-09 11:09:19.835,com.sec.android.app.shealth,-2,1797,1.2263764,1324.7997,73.600006,VfS0qUERdZ,com.sec.android.app.shealth,0f2d89e0-588d-4b8d-86c1-e5fae4d1e502,1725840000000,
38a28eb4-d7ac-42ce-9611-f2378c5f9f7b.binning_data.json,2024-09-10 22:00:04.266,2024-09-09 22:00:04.504,com.sec.android.app.shealth,106,1797,1.2263764,1324.7997,73.600006,ooOmDJ1LSk,com.sec.android.app.shealth,38a28eb4-d7ac-42ce-9611-f2378c5f9f7b,1725840000000,
ca63b50e-0437-430e-9a78-88d0bc7a50f0.binning_data.json,2024-09-10 15:10:38.175,2024-09-10 05:40:13.254,com.sec.android.app.shealth,-2,3515,1.180502,2568.624,149.37474,VfS0qUERdZ,com.sec.android.app.shealth,ca63b50e-0437-430e-9a78-88d0bc7a50f0,1725926400000,
2dec787c-f287-4bfd-8ffb-1a3fc1d0f2cd.binning_data.json,2024-09-10 22:00:03.034,2024-09-10 22:00:03.034,com.sec.android.app.shealth,0,71,1.2574611,52.941372,2.786545,64Z1605Zgy,com.sec.android.app.shealth,2dec787c-f287-4bfd-8ffb-1a3fc1d0f2cd,1725926400000,
c00e60bb-646b-47d2-9bcc-bf768b3da428.binning_data.json,2024-09-10 22:00:04.289,2024-09-10 22:00:04.289,com.sec.android.app.shealth,106,3480,1.1797673,2542.5693,148.0,ooOmDJ1LSk,com.sec.android.app.shealth,c00e60bb-646b-47d2-9bcc-bf768b3da428,1725926400000,
42124b11-aa2a-44c3-b86e-34f85323f492.binning_data.json,2024-09-12 07:30:22.260,2024-09-12 06:53:51.412,com.sec.android.app.shealth,-2,370,1.5002251,287.5936,14.287524,VfS0qUERdZ,com.sec.android.app.shealth,42124b11-aa2a-44c3-b86e-34f85323f492,1726099200000,
546c15ec-6925-40e4-b05c-5ed34ae05f5e.binning_data.json,2024-09-13 00:24:56.506,2024-09-13 00:24:56.506,com.sec.android.app.shealth,0,370,1.5002251,287.5936,14.287524,64Z1605Zgy,com.sec.android.app.shealth,546c15ec-6925-40e4-b05c-5ed34ae05f5e,1726099200000,
9018c2fc-cea5-4b15-a27f-b9aace525e08.binning_data.json,2024-09-13 11:13:42.245,2024-09-13 09:06:25.373,com.sec.android.app.shealth,-2,23,1.2352645,17.079018,0.9065814,VfS0qUERdZ,com.sec.android.app.shealth,9018c2fc-cea5-4b15-a27f-b9aace525e08,1726185600000,
1b96227a-8687-4714-ab87-e68428551e64.binning_data.json,2024-09-14 19:15:57.428,2024-09-14 19:15:57.428,com.sec.android.app.shealth,0,23,1.2352645,17.079018,0.9065814,64Z1605Zgy,com.sec.android.app.shealth,1b96227a-8687-4714-ab87-e68428551e64,1726185600000,
e6fea6dd-7140-4840-a7a3-972429596e8f.binning_data.json,2024-09-15 14:17:34.172,2024-09-15 14:08:00.468,com.sec.android.app.shealth,-2,128,1.2697186,95.67311,5.0175695,VfS0qUERdZ,com.sec.android.app.shealth,e6fea6dd-7140-4840-a7a3-972429596e8f,1726358400000,
620ebf8f-44fe-4b89-a522-6f087bffe322.binning_data.json,2024-09-15 22:30:59.348,2024-09-15 22:30:59.348,com.sec.android.app.shealth,0,128,1.2697186,95.67311,5.0175695,64Z1605Zgy,com.sec.android.app.shealth,620ebf8f-44fe-4b89-a522-6f087bffe322,1726358400000,
fb5b0ede-dfc5-41a2-9582-ff7626df0619.binning_data.json,2024-09-16 14:11:43.517,2024-09-16 08:02:39.562,com.sec.android.app.shealth,-2,92,1.2549254,68.64914,3.609267,VfS0qUERdZ,com.sec.android.app.shealth,fb5b0ede-dfc5-41a2-9582-ff7626df0619,1726444800000,
42d7f7ce-7874-4d37-86b1-18ad0f10996b.binning_data.json,2024-09-16 22:17:44.427,2024-09-16 22:17:44.427,com.sec.android.app.shealth,0,92,1.2549254,68.64914,3.609267,64Z1605Zgy,com.sec.android.app.shealth,42d7f7ce-7874-4d37-86b1-18ad0f10996b,1726444800000,
1b4d8427-36d2-4cd7-bca7-76bddb670501.binning_data.json,2024-09-17 19:37:25.355,2024-09-17 11:57:55.213,com.sec.android.app.shealth,-2,102,1.2777059,76.24452,3.9996622,VfS0qUERdZ,com.sec.android.app.shealth,1b4d8427-36d2-4cd7-bca7-76bddb670501,1726531200000,
edebd54f-a08e-4f52-bfa8-05338a9df6bd.binning_data.json,2024-09-17 22:00:02.468,2024-09-17 22:00:02.468,com.sec.android.app.shealth,0,102,1.2777059,76.24452,3.9996622,64Z1605Zgy,com.sec.android.app.shealth,edebd54f-a08e-4f52-bfa8-05338a9df6bd,1726531200000,
f54deb1b-eb44-49ec-bc0e-8569a1bafbb5.binning_data.json,2024-09-18 18:24:11.706,2024-09-18 07:15:14.451,com.sec.android.app.shealth,-2,536,1.4031595,410.8314,20.781801,VfS0qUERdZ,com.sec.android.app.shealth,f54deb1b-eb44-49ec-bc0e-8569a1bafbb5,1726617600000,
55a5abe9-11e3-4aeb-82cf-c9019bd6fd0c.binning_data.json,2024-09-19 13:24:30.335,2024-09-19 13:24:30.335,com.sec.android.app.shealth,0,536,1.4031595,410.8314,20.781801,64Z1605Zgy,com.sec.android.app.shealth,55a5abe9-11e3-4aeb-82cf-c9019bd6fd0c,1726617600000,
91c09721-10c7-4265-9fda-95d4909a12d6.binning_data.json,2024-09-21 08:27:35.782,2024-09-21 06:58:24.205,com.sec.android.app.shealth,-2,186,1.1175635,139.57077,7.289084,VfS0qUERdZ,com.sec.android.app.shealth,91c09721-10c7-4265-9fda-95d4909a12d6,1726876800000,
99663228-e113-4704-be97-ac46f56d01c7.binning_data.json,2024-09-21 22:13:59.010,2024-09-21 22:13:59.010,com.sec.android.app.shealth,0,186,1.1175635,139.57077,7.289084,64Z1605Zgy,com.sec.android.app.shealth,99663228-e113-4704-be97-ac46f56d01c7,1726876800000,
7b314a89-486c-457a-ac85-e9051f3b1e92.binning_data.json,2024-09-22 13:50:14.255,2024-09-22 06:47:35.518,com.sec.android.app.shealth,-2,50,1.3838247,38.026764,1.9439662,VfS0qUERdZ,com.sec.android.app.shealth,7b314a89-486c-457a-ac85-e9051f3b1e92,1726963200000,
26514f6f-5fe6-4985-8cc5-a2cc073f7720.binning_data.json,2024-09-23 10:12:36.459,2024-09-23 10:12:36.459,com.sec.android.app.shealth,0,50,1.3838247,38.026764,1.9439662,64Z1605Zgy,com.sec.android.app.shealth,26514f6f-5fe6-4985-8cc5-a2cc073f7720,1726963200000,
bfbb70e2-1d68-4d64-ba4d-a2fbbe290fb9.binning_data.json,2024-09-24 15:19:41.877,2024-09-24 05:53:14.592,com.sec.android.app.shealth,-2,905,1.3412167,692.2932,35.12279,VfS0qUERdZ,com.sec.android.app.shealth,bfbb70e2-1d68-4d64-ba4d-a2fbbe290fb9,1727136000000,
10605735-7a9f-4c96-9646-c42020399962.binning_data.json,2024-09-25 06:51:23.557,2024-09-25 06:51:23.557,com.sec.android.app.shealth,0,905,1.3412167,692.2932,35.12279,64Z1605Zgy,com.sec.android.app.shealth,10605735-7a9f-4c96-9646-c42020399962,1727136000000,
29d092fb-cc8e-4e06-957f-06783892569c.binning_data.json,2024-09-25 17:20:35.334,2024-09-25 06:52:48.309,com.sec.android.app.shealth,-2,178,1.3337605,133.65805,6.9818897,VfS0qUERdZ,com.sec.android.app.shealth,29d092fb-cc8e-4e06-957f-06783892569c,1727222400000,
c2e0f74f-1f42-4258-9c47-db1b1094c225.binning_data.json,2024-09-25 22:00:03.033,2024-09-25 22:00:03.033,com.sec.android.app.shealth,0,178,1.3337605,133.65805,6.9818897,64Z1605Zgy,com.sec.android.app.shealth,c2e0f74f-1f42-4258-9c47-db1b1094c225,1727222400000,
5759c23f-3ad5-48ef-aad0-5b90dfaeae05.binning_data.json,2024-09-26 14:17:11.160,2024-09-26 05:18:13.841,com.sec.android.app.shealth,-2,409,1.3125541,315.01797,15.839476,VfS0qUERdZ,com.sec.android.app.shealth,5759c23f-3ad5-48ef-aad0-5b90dfaeae05,1727308800000,
801b41e5-9960-4ab3-a150-bb87a67476cb.binning_data.json,2024-09-26 22:26:50.928,2024-09-26 22:26:50.928,com.sec.android.app.shealth,0,409,1.3125541,315.01797,15.839476,64Z1605Zgy,com.sec.android.app.shealth,801b41e5-9960-4ab3-a150-bb87a67476cb,1727308800000,
96558b1f-8b49-4363-8e34-bef02c70dd13.binning_data.json,2024-09-27 16:10:24.256,2024-09-27 16:10:24.256,com.sec.android.app.shealth,-2,49,1.4582175,37.41808,1.9022133,VfS0qUERdZ,com.sec.android.app.shealth,96558b1f-8b49-4363-8e34-bef02c70dd13,1727395200000,
5ca96eb5-f522-4b0f-87b6-06909d9b2e58.binning_data.json,2024-09-27 22:00:02.904,2024-09-27 22:00:02.904,com.sec.android.app.shealth,0,49,1.4582175,37.41808,1.9022133,64Z1605Zgy,com.sec.android.app.shealth,5ca96eb5-f522-4b0f-87b6-06909d9b2e58,1727395200000,
e43e08b3-37be-4ff1-a9a7-32abf05d20c1.binning_data.json,2024-09-30 21:43:58.154,2024-09-30 07:47:22.382,com.sec.android.app.shealth,-2,1846,1.1335107,1341.5586,75.528625,VfS0qUERdZ,com.sec.android.app.shealth,e43e08b3-37be-4ff1-a9a7-32abf05d20c1,1727654400000,
dff9f88b-2a0a-452c-9efb-94705db98099.binning_data.json,2024-10-01 01:02:04.143,2024-10-01 01:02:04.143,com.sec.android.app.shealth,0,371,1.1716728,276.37143,14.614481,64Z1605Zgy,com.sec.android.app.shealth,dff9f88b-2a0a-452c-9efb-94705db98099,1727654400000,
df9c539d-7b68-4b74-ac4c-583ef9751d78.binning_data.json,2024-10-01 01:02:06.979,2024-10-01 01:02:06.979,com.sec.android.app.shealth,106,1538,1.130891,1112.48,63.380013,ooOmDJ1LSk,com.sec.android.app.shealth,df9c539d-7b68-4b74-ac4c-583ef9751d78,1727654400000,
387ec8da-a05b-448c-83ad-838f40e143a1.binning_data.json,2024-10-01 13:35:44.896,2024-10-01 03:47:35.726,com.sec.android.app.shealth,-2,3496,1.0725988,2506.984,145.19894,VfS0qUERdZ,com.sec.android.app.shealth,387ec8da-a05b-448c-83ad-838f40e143a1,1727740800000,
f4b2ba08-29bb-482f-98ee-3014328fc0ad.binning_data.json,2024-10-01 22:00:02.717,2024-10-01 22:00:02.717,com.sec.android.app.shealth,0,448,1.1171911,326.94354,17.910717,64Z1605Zgy,com.sec.android.app.shealth,f4b2ba08-29bb-482f-98ee-3014328fc0ad,1727740800000,
b626003f-d6d3-4a7f-98a1-49b771d547e3.binning_data.json,2024-10-01 22:00:03.961,2024-10-01 22:00:03.961,com.sec.android.app.shealth,106,3488,1.0720999,2500.6494,144.90994,ooOmDJ1LSk,com.sec.android.app.shealth,b626003f-d6d3-4a7f-98a1-49b771d547e3,1727740800000,
cec63bb2-d59e-41f5-83f5-f9e3dd799e66.binning_data.json,2024-10-04 20:41:41.784,2024-10-04 11:19:19.212,com.sec.android.app.shealth,-2,176,1.1485155,132.41797,6.896635,VfS0qUERdZ,com.sec.android.app.shealth,cec63bb2-d59e-41f5-83f5-f9e3dd799e66,1728000000000,
a9cb84bf-029b-4fa8-801b-9fb7e5bdc6f8.binning_data.json,2024-10-05 16:04:34.378,2024-10-05 16:04:34.378,com.sec.android.app.shealth,0,176,1.1485155,132.41797,6.896635,64Z1605Zgy,com.sec.android.app.shealth,a9cb84bf-029b-4fa8-801b-9fb7e5bdc6f8,1728000000000,
f95db18e-f78c-4023-8bfb-d141a545e134.binning_data.json,2024-10-06 00:11:33.980,2024-10-05 16:04:40.026,com.sec.android.app.shealth,-2,7,1.300992,5.2917604,0.2728929,VfS0qUERdZ,com.sec.android.app.shealth,f95db18e-f78c-4023-8bfb-d141a545e134,1728086400000,
75cf275e-7725-4e67-98e3-5db1026af360.binning_data.json,2024-10-06 00:11:26.440,2024-10-06 00:11:26.440,com.sec.android.app.shealth,0,7,1.300992,5.2917604,0.2728929,64Z1605Zgy,com.sec.android.app.shealth,75cf275e-7725-4e67-98e3-5db1026af360,1728086400000,
2389b704-06b6-40ea-b645-d9c60e226c4a.binning_data.json,2024-10-09 09:25:04.619,2024-10-09 06:24:37.872,com.sec.android.app.shealth,-2,233,1.112037,172.79733,9.192652,VfS0qUERdZ,com.sec.android.app.shealth,2389b704-06b6-40ea-b645-d9c60e226c4a,1728432000000,
18e05fea-0a29-4c26-b9d3-f00d9ea97f13.binning_data.json,2024-10-11 11:49:06.568,2024-10-11 11:49:06.568,com.sec.android.app.shealth,0,233,1.112037,172.79733,9.192652,64Z1605Zgy,com.sec.android.app.shealth,18e05fea-0a29-4c26-b9d3-f00d9ea97f13,1728432000000,
ec611a00-3446-42ff-ac25-cec5b8965732.binning_data.json,2024-10-12 09:17:44.197,2024-10-12 08:59:59.143,com.sec.android.app.shealth,-2,101,1.2896466,76.33568,3.940051,VfS0qUERdZ,com.sec.android.app.shealth,ec611a00-3446-42ff-ac25-cec5b8965732,1728691200000,
01eb21bb-9c05-49fc-8caf-48a4baf258dc.binning_data.json,2024-10-12 22:17:01.238,2024-10-12 22:17:01.238,com.sec.android.app.shealth,0,101,1.2896466,76.33568,3.940051,64Z1605Zgy,com.sec.android.app.shealth,01eb21bb-9c05-49fc-8caf-48a4baf258dc,1728691200000,
be843d99-b161-4bcc-98f1-45fee6007599.binning_data.json,2024-10-14 12:03:53.335,2024-10-14 12:03:53.335,com.sec.android.app.shealth,-2,36,1.2552066,26.781418,1.4154141,VfS0qUERdZ,com.sec.android.app.shealth,be843d99-b161-4bcc-98f1-45fee6007599,1728864000000,
530b2395-6650-4249-a139-90614dac8ebf.binning_data.json,2024-10-15 07:14:37.499,2024-10-15 07:14:37.499,com.sec.android.app.shealth,0,36,1.2552066,26.781418,1.4154141,64Z1605Zgy,com.sec.android.app.shealth,530b2395-6650-4249-a139-90614dac8ebf,1728864000000,
d7ad436c-8dcd-4a7f-9124-67a42a323c85.binning_data.json,2024-10-15 10:59:25.899,2024-10-15 10:56:15.154,com.sec.android.app.shealth,-2,55,1.3016291,41.2187,2.1594746,VfS0qUERdZ,com.sec.android.app.shealth,d7ad436c-8dcd-4a7f-9124-67a42a323c85,1728950400000,
5277b76c-ae26-48ad-95c2-9ccd5832fd55.binning_data.json,2024-10-16 00:18:38.085,2024-10-16 00:18:38.085,com.sec.android.app.shealth,0,55,1.3016291,41.2187,2.1594746,64Z1605Zgy,com.sec.android.app.shealth,5277b76c-ae26-48ad-95c2-9ccd5832fd55,1728950400000,
60225f97-c26f-4d2b-9429-1aa96fea0bea.binning_data.json,2024-10-16 17:56:11.794,2024-10-16 09:27:57.790,com.sec.android.app.shealth,-2,31,0.9276991,23.539242,1.2079332,VfS0qUERdZ,com.sec.android.app.shealth,60225f97-c26f-4d2b-9429-1aa96fea0bea,1729036800000,
edc8ab33-54b4-4cab-bb8d-2b7ca97faf34.binning_data.json,2024-10-17 01:36:57.591,2024-10-17 01:36:57.591,com.sec.android.app.shealth,0,31,0.9276991,23.539242,1.2079332,64Z1605Zgy,com.sec.android.app.shealth,edc8ab33-54b4-4cab-bb8d-2b7ca97faf34,1729036800000,
812221f0-7d72-4f49-ae3e-124c2330ed62.binning_data.json,2024-10-20 06:49:10.769,2024-10-20 06:41:56.725,com.sec.android.app.shealth,-2,44,1.3797727,33.37009,1.71362,VfS0qUERdZ,com.sec.android.app.shealth,812221f0-7d72-4f49-ae3e-124c2330ed62,1729382400000,
ee875214-9ce9-4f0f-a737-4c18e903acb1.binning_data.json,2024-10-21 01:51:07.303,2024-10-21 01:51:07.303,com.sec.android.app.shealth,0,44,1.3797727,33.37009,1.71362,64Z1605Zgy,com.sec.android.app.shealth,ee875214-9ce9-4f0f-a737-4c18e903acb1,1729382400000,
b066b33d-c8af-4aa1-a83c-e25b29415a8e.binning_data.json,2024-10-26 23:17:32.271,2024-10-21 07:59:10.921,com.sec.android.app.shealth,-2,35,0.97894835,26.804937,1.3595761,VfS0qUERdZ,com.sec.android.app.shealth,b066b33d-c8af-4aa1-a83c-e25b29415a8e,1729468800000,
d0825aaa-cf08-4033-86a9-cfd4079b83d4.binning_data.json,2024-10-21 23:45:16.436,2024-10-21 23:45:16.436,com.sec.android.app.shealth,0,35,0.97894835,26.804937,1.3595761,64Z1605Zgy,com.sec.android.app.shealth,d0825aaa-cf08-4033-86a9-cfd4079b83d4,1729468800000,
75b95773-34bc-490f-ba98-0c318524f776.binning_data.json,2024-10-28 09:32:07.912,2024-10-22 10:11:15.059,com.sec.android.app.shealth,-2,22,1.2207757,16.411077,0.86377424,VfS0qUERdZ,com.sec.android.app.shealth,75b95773-34bc-490f-ba98-0c318524f776,1729555200000,
73de490f-b82d-49cd-98bb-1b32faa0e213.binning_data.json,2024-10-22 23:43:25.603,2024-10-22 23:43:25.603,com.sec.android.app.shealth,0,22,1.2207757,16.411077,0.86377424,64Z1605Zgy,com.sec.android.app.shealth,73de490f-b82d-49cd-98bb-1b32faa0e213,1729555200000,
d85149cd-2577-4c13-b709-fb06288863b2.binning_data.json,2024-10-23 05:42:54.724,2024-10-23 05:42:54.724,com.sec.android.app.shealth,-2,14,1.2401596,10.406921,0.55029255,VfS0qUERdZ,com.sec.android.app.shealth,d85149cd-2577-4c13-b709-fb06288863b2,1729641600000,
5bda3e5d-b950-490d-8ce2-f477efa99219.binning_data.json,2024-10-24 00:31:09.755,2024-10-24 00:31:09.755,com.sec.android.app.shealth,0,14,1.2401596,10.406921,0.55029255,64Z1605Zgy,com.sec.android.app.shealth,5bda3e5d-b950-490d-8ce2-f477efa99219,1729641600000,
c10df13c-84a6-49e0-9d7c-603f7609bdda.binning_data.json,2024-10-30 10:45:55.860,2024-10-24 09:10:31.172,com.sec.android.app.shealth,-2,392,1.2556813,292.33292,15.426143,VfS0qUERdZ,com.sec.android.app.shealth,c10df13c-84a6-49e0-9d7c-603f7609bdda,1729728000000,
0e0b4917-89cc-4b23-a865-212d906e2a31.binning_data.json,2024-10-25 10:54:55.000,2024-10-25 10:54:55.000,com.sec.android.app.shealth,0,392,1.2556813,292.33292,15.426143,64Z1605Zgy,com.sec.android.app.shealth,0e0b4917-89cc-4b23-a865-212d906e2a31,1729728000000,
8e8fb970-c6dc-47ee-ba47-e2bd0fc0c8cb.binning_data.json,2024-10-31 04:47:05.532,2024-10-25 12:30:07.869,com.sec.android.app.shealth,-2,64,1.2322541,47.592274,2.5249844,VfS0qUERdZ,com.sec.android.app.shealth,8e8fb970-c6dc-47ee-ba47-e2bd0fc0c8cb,1729814400000,
f5aaef54-ff98-4454-b355-0968cf36af50.binning_data.json,2024-10-26 03:02:42.203,2024-10-26 03:02:42.203,com.sec.android.app.shealth,0,64,1.2322541,47.592274,2.5249844,64Z1605Zgy,com.sec.android.app.shealth,f5aaef54-ff98-4454-b355-0968cf36af50,1729814400000,
0626f3a8-3486-42b9-b27f-a9fa397e2f5a.binning_data.json,2024-10-31 23:10:04.187,2024-10-26 06:47:57.675,com.sec.android.app.shealth,-2,62,1.1379799,46.834362,2.4217763,VfS0qUERdZ,com.sec.android.app.shealth,0626f3a8-3486-42b9-b27f-a9fa397e2f5a,1729900800000,
6fb0593f-74d6-4e02-8fc8-f33cd13d48b3.binning_data.json,2024-10-26 23:17:22.088,2024-10-26 23:17:22.088,com.sec.android.app.shealth,0,62,1.1379799,46.834362,2.4217763,64Z1605Zgy,com.sec.android.app.shealth,6fb0593f-74d6-4e02-8fc8-f33cd13d48b3,1729900800000,
8134c0be-449b-490f-8462-b2624327f949.binning_data.json,2024-11-01 23:00:04.019,2024-10-27 09:31:18.356,com.sec.android.app.shealth,-2,144,1.3040255,108.46857,5.627668,VfS0qUERdZ,com.sec.android.app.shealth,8134c0be-449b-490f-8462-b2624327f949,1729987200000,
91587578-f9ac-4185-8eb5-f8115a848ab1.binning_data.json,2024-10-28 09:32:07.294,2024-10-28 09:32:07.294,com.sec.android.app.shealth,0,144,1.3040255,108.46857,5.627668,64Z1605Zgy,com.sec.android.app.shealth,91587578-f9ac-4185-8eb5-f8115a848ab1,1729987200000,
ffb7df1c-02a6-4e24-9621-ac6d169fa518.binning_data.json,2024-10-28 09:36:40.309,2024-10-28 09:34:46.824,com.sec.android.app.shealth,-2,44,1.2931756,32.911423,1.724998,VfS0qUERdZ,com.sec.android.app.shealth,ffb7df1c-02a6-4e24-9621-ac6d169fa518,1730073600000,
8e5f49bb-a0d2-40e0-9585-da1f60040d3d.binning_data.json,2024-10-30 10:45:54.787,2024-10-30 10:45:54.787,com.sec.android.app.shealth,0,44,1.2931756,32.911423,1.724998,64Z1605Zgy,com.sec.android.app.shealth,8e5f49bb-a0d2-40e0-9585-da1f60040d3d,1730073600000,
ac786f57-ad0d-40b4-a7b3-cee468184460.binning_data.json,2024-10-30 14:11:19.801,2024-10-30 11:05:22.935,com.sec.android.app.shealth,-2,75,1.298793,56.193047,2.948074,VfS0qUERdZ,com.sec.android.app.shealth,ac786f57-ad0d-40b4-a7b3-cee468184460,1730246400000,
2a7442c8-c982-4959-a208-6f34019d5c5a.binning_data.json,2024-10-31 04:46:47.226,2024-10-31 04:46:47.226,com.sec.android.app.shealth,0,75,1.298793,56.193047,2.948074,64Z1605Zgy,com.sec.android.app.shealth,2a7442c8-c982-4959-a208-6f34019d5c5a,1730246400000,
5110ece5-869e-41a5-b8b3-c32014499352.binning_data.json,2024-10-31 18:40:10.225,2024-10-31 08:03:33.038,com.sec.android.app.shealth,-2,230,1.2383842,174.4152,8.9709425,VfS0qUERdZ,com.sec.android.app.shealth,5110ece5-869e-41a5-b8b3-c32014499352,1730332800000,
7e35c8d8-6a0a-4fb2-9888-8b744c1c932b.binning_data.json,2024-10-31 23:09:54.951,2024-10-31 23:09:54.951,com.sec.android.app.shealth,0,230,1.2383842,174.4152,8.9709425,64Z1605Zgy,com.sec.android.app.shealth,7e35c8d8-6a0a-4fb2-9888-8b744c1c932b,1730332800000,
d3b5313a-5710-4afb-8703-927bcb364b76.binning_data.json,2024-11-02 11:04:28.756,2024-11-02 09:10:19.175,com.sec.android.app.shealth,-2,109,1.265856,81.98259,4.2713127,VfS0qUERdZ,com.sec.android.app.shealth,d3b5313a-5710-4afb-8703-927bcb364b76,1730505600000,
d849ae2d-ea98-474b-8740-a51e429edb40.binning_data.json,2024-11-03 00:44:11.635,2024-11-03 00:44:11.635,com.sec.android.app.shealth,0,109,1.265856,81.98259,4.2713127,64Z1605Zgy,com.sec.android.app.shealth,d849ae2d-ea98-474b-8740-a51e429edb40,1730505600000,
b4ecdfff-3aa5-4fcc-a6aa-8f925b1fd8f1.binning_data.json,2024-11-03 08:36:44.097,2024-11-03 08:35:27.812,com.sec.android.app.shealth,-2,32,1.1362649,23.350555,1.273962,VfS0qUERdZ,com.sec.android.app.shealth,b4ecdfff-3aa5-4fcc-a6aa-8f925b1fd8f1,1730592000000,
49e34cd1-03e8-4583-9c52-92578fab4416.binning_data.json,2024-11-03 23:00:02.923,2024-11-03 23:00:02.923,com.sec.android.app.shealth,0,32,1.1362649,23.350555,1.273962,64Z1605Zgy,com.sec.android.app.shealth,49e34cd1-03e8-4583-9c52-92578fab4416,1730592000000,
e111a73e-8229-4501-a540-5a327419451e.binning_data.json,2024-11-04 17:05:24.642,2024-11-04 06:57:43.536,com.sec.android.app.shealth,-2,195,1.2550955,145.24393,7.6739626,VfS0qUERdZ,com.sec.android.app.shealth,e111a73e-8229-4501-a540-5a327419451e,1730678400000,
b7270abb-9ebf-43ba-b1e0-4f1beb41c796.binning_data.json,2024-11-05 01:20:20.864,2024-11-05 01:20:20.864,com.sec.android.app.shealth,0,195,1.2550955,145.24393,7.6739626,64Z1605Zgy,com.sec.android.app.shealth,b7270abb-9ebf-43ba-b1e0-4f1beb41c796,1730678400000,
4bab9d4c-e92d-44cb-bceb-d0af50a5e3ab.binning_data.json,2024-11-06 08:54:16.594,2024-11-05 08:11:50.786,com.sec.android.app.shealth,-2,6150,1.1736383,4483.5464,250.91223,VfS0qUERdZ,com.sec.android.app.shealth,4bab9d4c-e92d-44cb-bceb-d0af50a5e3ab,1730764800000,
8205e8c8-3143-4125-ac6c-38869c18996e.binning_data.json,2024-11-06 08:54:16.627,2024-11-06 08:54:16.627,com.sec.android.app.shealth,0,114,1.3125211,85.23107,4.4745264,64Z1605Zgy,com.sec.android.app.shealth,8205e8c8-3143-4125-ac6c-38869c18996e,1730764800000,
7ed4b572-076d-4638-9e29-6c4c24294cb5.binning_data.json,2024-11-06 08:54:19.606,2024-11-06 08:54:19.606,com.sec.android.app.shealth,-2,54,1.2550236,40.24,2.3899999,VfS0qUERdZ,com.sec.android.app.shealth,7ed4b572-076d-4638-9e29-6c4c24294cb5,1730851200000,
8e38e65e-5ea1-4a7a-9afd-eb6b5d8ceed1.binning_data.json,2024-11-06 08:54:20.113,2024-11-06 08:54:20.113,com.sec.android.app.shealth,106,54,1.2550236,40.24,2.3899999,ooOmDJ1LSk,com.sec.android.app.shealth,8e38e65e-5ea1-4a7a-9afd-eb6b5d8ceed1,1730851200000,
8f957163-345a-4c08-b0b4-95a55a141e5f.binning_data.json,2024-11-06 08:54:20.136,2024-11-06 08:54:20.136,com.sec.android.app.shealth,106,6141,1.1736697,4476.799,250.56003,ooOmDJ1LSk,com.sec.android.app.shealth,8f957163-345a-4c08-b0b4-95a55a141e5f,1730764800000,
2e2172a1-5c6c-4735-9016-a5ded67e0610.binning_data.json,2024-11-07 15:35:00.746,2024-11-07 09:03:53.148,com.sec.android.app.shealth,-2,1184,1.3216956,891.49066,50.51817,VfS0qUERdZ,com.sec.android.app.shealth,2e2172a1-5c6c-4735-9016-a5ded67e0610,1730937600000,
ac17d7c6-cb30-4876-8cb8-088aec8b5897.binning_data.json,2024-11-07 23:00:02.560,2024-11-07 23:00:02.560,com.sec.android.app.shealth,0,590,1.400761,453.31564,22.856178,64Z1605Zgy,com.sec.android.app.shealth,ac17d7c6-cb30-4876-8cb8-088aec8b5897,1730937600000,
1b296bfe-6e8f-4395-95d5-b55a0c7098aa.binning_data.json,2024-11-07 23:00:03.687,2024-11-07 23:00:03.687,com.sec.android.app.shealth,106,775,1.2905142,577.47003,34.67,ooOmDJ1LSk,com.sec.android.app.shealth,1b296bfe-6e8f-4395-95d5-b55a0c7098aa,1730937600000,
ce3854a2-16a5-4bfd-ae1f-046f3f7ce066.binning_data.json,2024-11-08 10:09:51.528,2024-11-08 10:07:05.882,com.sec.android.app.shealth,-2,80,1.3171475,60.25833,3.1251125,VfS0qUERdZ,com.sec.android.app.shealth,ce3854a2-16a5-4bfd-ae1f-046f3f7ce066,1731024000000,
34f41276-cf8a-416c-9598-75f3ad28f850.binning_data.json,2024-11-09 10:41:36.400,2024-11-09 10:41:36.400,com.sec.android.app.shealth,0,80,1.3171475,60.25833,3.1251125,64Z1605Zgy,com.sec.android.app.shealth,34f41276-cf8a-416c-9598-75f3ad28f850,1731024000000,
cbecdc48-c55a-428d-9d02-e82aef0afd91.binning_data.json,2024-11-09 10:45:11.779,2024-11-09 10:41:53.928,com.sec.android.app.shealth,-2,81,1.2047887,59.902122,3.1974125,VfS0qUERdZ,com.sec.android.app.shealth,cbecdc48-c55a-428d-9d02-e82aef0afd91,1731110400000,
0099ac59-10f1-4316-8d10-a27654e5b7f5.binning_data.json,2024-11-10 02:38:10.726,2024-11-10 02:38:10.726,com.sec.android.app.shealth,0,81,1.2047887,59.902122,3.1974125,64Z1605Zgy,com.sec.android.app.shealth,0099ac59-10f1-4316-8d10-a27654e5b7f5,1731110400000,
6b005d73-a112-416c-9b5f-b04a0e7e2e94.binning_data.json,2024-11-10 08:21:57.959,2024-11-10 07:50:46.946,com.sec.android.app.shealth,-2,30,1.4832247,23.391907,1.1563182,VfS0qUERdZ,com.sec.android.app.shealth,6b005d73-a112-416c-9b5f-b04a0e7e2e94,1731196800000,
d549c4b4-f2fa-4e23-8145-7d36c73aceec.binning_data.json,2024-11-12 08:34:40.346,2024-11-12 08:34:40.346,com.sec.android.app.shealth,0,30,1.4832247,23.391907,1.1563182,64Z1605Zgy,com.sec.android.app.shealth,d549c4b4-f2fa-4e23-8145-7d36c73aceec,1731196800000,
9bb3e700-5351-4f14-b03b-87d6ca3e8e69.binning_data.json,2024-11-12 17:10:13.696,2024-11-12 08:34:57.580,com.sec.android.app.shealth,-2,207,1.3006928,155.39064,8.11376,VfS0qUERdZ,com.sec.android.app.shealth,9bb3e700-5351-4f14-b03b-87d6ca3e8e69,1731369600000,
90b8f1e7-c7bc-4652-a434-cf0f8f9f6a49.binning_data.json,2024-11-12 23:00:02.286,2024-11-12 23:00:02.286,com.sec.android.app.shealth,0,207,1.3006928,155.39064,8.11376,64Z1605Zgy,com.sec.android.app.shealth,90b8f1e7-c7bc-4652-a434-cf0f8f9f6a49,1731369600000,
b451ca5d-392d-42aa-bf0b-081eb22496e5.binning_data.json,2024-11-13 18:20:12.527,2024-11-13 18:05:23.459,com.sec.android.app.shealth,-2,262,1.4102762,201.07823,10.152739,VfS0qUERdZ,com.sec.android.app.shealth,b451ca5d-392d-42aa-bf0b-081eb22496e5,1731456000000,
62ed1872-02ce-4d53-bbec-5683c98248b0.binning_data.json,2024-11-14 09:09:50.936,2024-11-14 09:09:50.936,com.sec.android.app.shealth,0,262,1.4102762,201.07823,10.152739,64Z1605Zgy,com.sec.android.app.shealth,62ed1872-02ce-4d53-bbec-5683c98248b0,1731456000000,
52b501ba-ee5d-40f8-98d0-37b4bd1f2ad5.binning_data.json,2024-11-14 15:34:55.748,2024-11-14 09:31:05.570,com.sec.android.app.shealth,-2,138,1.3084999,105.64484,5.358282,VfS0qUERdZ,com.sec.android.app.shealth,52b501ba-ee5d-40f8-98d0-37b4bd1f2ad5,1731542400000,
bba28574-d404-43a5-b01e-33e76c49399f.binning_data.json,2024-11-14 23:00:07.767,2024-11-14 23:00:07.767,com.sec.android.app.shealth,0,138,1.3084999,105.64484,5.358282,64Z1605Zgy,com.sec.android.app.shealth,bba28574-d404-43a5-b01e-33e76c49399f,1731542400000,
51257274-8b1f-4e8f-8d07-bbe4cfae3a7d.binning_data.json,2024-11-17 09:43:40.793,2024-11-17 08:47:47.342,com.sec.android.app.shealth,-2,442,1.3875453,336.79242,17.200651,VfS0qUERdZ,com.sec.android.app.shealth,51257274-8b1f-4e8f-8d07-bbe4cfae3a7d,1731801600000,
b4761ff3-8aa6-4e5f-a0a1-a3c8b6155e3c.binning_data.json,2024-11-18 08:01:48.800,2024-11-18 08:01:48.800,com.sec.android.app.shealth,0,442,1.3875453,336.79242,17.200651,64Z1605Zgy,com.sec.android.app.shealth,b4761ff3-8aa6-4e5f-a0a1-a3c8b6155e3c,1731801600000,
76c4f6db-efb1-49e3-9648-4bba5d103d51.binning_data.json,2024-11-20 19:31:08.626,2024-11-20 11:22:59.144,com.sec.android.app.shealth,-2,215,1.3561251,163.47615,8.36542,VfS0qUERdZ,com.sec.android.app.shealth,76c4f6db-efb1-49e3-9648-4bba5d103d51,1732060800000,
9be96466-939d-403a-9583-9fe41613af64.binning_data.json,2024-11-20 23:00:02.772,2024-11-20 23:00:02.772,com.sec.android.app.shealth,0,215,1.3561251,163.47615,8.36542,64Z1605Zgy,com.sec.android.app.shealth,9be96466-939d-403a-9583-9fe41613af64,1732060800000,
7073d13c-67e8-4027-a6e4-fc0343cee0ee.binning_data.json,2024-11-21 19:57:52.164,2024-11-21 09:27:40.274,com.sec.android.app.shealth,-2,70,1.1239775,51.71041,2.7714412,VfS0qUERdZ,com.sec.android.app.shealth,7073d13c-67e8-4027-a6e4-fc0343cee0ee,1732147200000,
e597bbe0-0fbc-4d7a-8741-d532a53679b3.binning_data.json,2024-11-21 23:39:23.567,2024-11-21 23:39:23.567,com.sec.android.app.shealth,0,70,1.1239775,51.71041,2.7714412,64Z1605Zgy,com.sec.android.app.shealth,e597bbe0-0fbc-4d7a-8741-d532a53679b3,1732147200000,
7b43b81a-cca8-42bc-9c3c-b371befccae3.binning_data.json,2024-11-22 16:34:22.534,2024-11-22 06:52:21.333,com.sec.android.app.shealth,-2,15,0.81954134,10.779581,0.6065936,VfS0qUERdZ,com.sec.android.app.shealth,7b43b81a-cca8-42bc-9c3c-b371befccae3,1732233600000,
051b9aae-f795-4948-95be-3b317fd25bc0.binning_data.json,2024-11-23 00:56:03.625,2024-11-23 00:56:03.625,com.sec.android.app.shealth,0,15,0.81954134,10.779581,0.6065936,64Z1605Zgy,com.sec.android.app.shealth,051b9aae-f795-4948-95be-3b317fd25bc0,1732233600000,
202f893e-c37d-490b-9cde-8d2633b7aaf2.binning_data.json,2024-11-24 15:36:19.250,2024-11-24 11:28:32.902,com.sec.android.app.shealth,-2,124,1.3562002,94.53438,4.831662,VfS0qUERdZ,com.sec.android.app.shealth,202f893e-c37d-490b-9cde-8d2633b7aaf2,1732406400000,
93ccf645-a1f6-46e6-9c44-805a55a12f92.binning_data.json,2024-11-24 23:00:02.513,2024-11-24 23:00:02.513,com.sec.android.app.shealth,0,124,1.3562002,94.53438,4.831662,64Z1605Zgy,com.sec.android.app.shealth,93ccf645-a1f6-46e6-9c44-805a55a12f92,1732406400000,
870b4a3f-df74-47bf-a7e5-8f784f251961.binning_data.json,2024-11-25 11:40:31.762,2024-11-25 08:57:01.858,com.sec.android.app.shealth,-2,156,1.2389809,118.562775,6.07129,VfS0qUERdZ,com.sec.android.app.shealth,870b4a3f-df74-47bf-a7e5-8f784f251961,1732492800000,
fdc10a6e-e7f3-431d-ae46-7ec5e62c3b2c.binning_data.json,2024-11-26 02:58:14.886,2024-11-26 02:58:14.886,com.sec.android.app.shealth,0,156,1.2389809,118.562775,6.07129,64Z1605Zgy,com.sec.android.app.shealth,fdc10a6e-e7f3-431d-ae46-7ec5e62c3b2c,1732492800000,
f171e408-bb38-4d5b-8138-8917b9c56bb2.binning_data.json,2024-11-27 22:08:16.507,2024-11-27 17:47:57.775,com.sec.android.app.shealth,-2,279,1.3607166,212.09059,10.853703,VfS0qUERdZ,com.sec.android.app.shealth,f171e408-bb38-4d5b-8138-8917b9c56bb2,1732665600000,
64c38893-fbd5-42d6-aedc-9a09f39b64a1.binning_data.json,2024-11-27 23:00:02.189,2024-11-27 23:00:02.189,com.sec.android.app.shealth,0,279,1.3607166,212.09059,10.853703,64Z1605Zgy,com.sec.android.app.shealth,64c38893-fbd5-42d6-aedc-9a09f39b64a1,1732665600000,
928ef5f0-cb23-43a1-a321-f76576318a12.binning_data.json,2024-11-28 12:40:30.656,2024-11-28 09:34:01.712,com.sec.android.app.shealth,-2,1288,1.5875108,1013.18945,49.627975,VfS0qUERdZ,com.sec.android.app.shealth,928ef5f0-cb23-43a1-a321-f76576318a12,1732752000000,
0a88469f-dd61-4d1e-a5f1-daca1f2cd00b.binning_data.json,2024-11-29 00:32:57.838,2024-11-29 00:32:57.838,com.sec.android.app.shealth,0,1288,1.5875108,1013.18945,49.627975,64Z1605Zgy,com.sec.android.app.shealth,0a88469f-dd61-4d1e-a5f1-daca1f2cd00b,1732752000000,
a439806d-3e6b-446f-9909-210215a61714.binning_data.json,2024-11-29 17:24:28.907,2024-11-29 07:24:31.055,com.sec.android.app.shealth,-2,236,1.4548168,180.33531,9.169524,VfS0qUERdZ,com.sec.android.app.shealth,a439806d-3e6b-446f-9909-210215a61714,1732838400000,
873744cd-486b-462e-9822-999c8cb1d45f.binning_data.json,2024-11-30 09:41:50.092,2024-11-30 09:41:50.092,com.sec.android.app.shealth,0,236,1.4548168,180.33531,9.169524,64Z1605Zgy,com.sec.android.app.shealth,873744cd-486b-462e-9822-999c8cb1d45f,1732838400000,
25258a8b-0cd0-4ec0-9b27-9cdaaa977303.binning_data.json,2024-11-30 09:42:29.237,2024-11-30 09:42:29.237,com.sec.android.app.shealth,-2,29,1.3039259,21.588558,1.1401362,VfS0qUERdZ,com.sec.android.app.shealth,25258a8b-0cd0-4ec0-9b27-9cdaaa977303,1732924800000,
d6be7b85-e5be-426a-97dc-f71bdecc23c8.binning_data.json,2024-12-01 18:13:45.469,2024-12-01 18:13:45.469,com.sec.android.app.shealth,0,29,1.3039259,21.588558,1.1401362,64Z1605Zgy,com.sec.android.app.shealth,d6be7b85-e5be-426a-97dc-f71bdecc23c8,1732924800000,
c2a30dfb-27a7-44f0-bc75-8691983c1221.binning_data.json,2024-12-01 18:14:14.430,2024-12-01 18:14:14.430,com.sec.android.app.shealth,-2,18,1.2852865,13.498465,0.70415556,VfS0qUERdZ,com.sec.android.app.shealth,c2a30dfb-27a7-44f0-bc75-8691983c1221,1733011200000,
85325372-0cac-4498-91ad-aba4c6f1bca7.binning_data.json,2024-12-01 23:00:02.642,2024-12-01 23:00:02.642,com.sec.android.app.shealth,0,18,1.2852865,13.498465,0.70415556,64Z1605Zgy,com.sec.android.app.shealth,85325372-0cac-4498-91ad-aba4c6f1bca7,1733011200000,
285af0bc-2aa3-4adc-aa29-9d8107135806.binning_data.json,2024-12-02 12:42:06.619,2024-12-02 12:40:11.884,com.sec.android.app.shealth,-2,40,1.3349763,30.28496,1.5594488,VfS0qUERdZ,com.sec.android.app.shealth,285af0bc-2aa3-4adc-aa29-9d8107135806,1733097600000,
c77340b2-3bb5-481a-9b31-7e88f6bab7b0.binning_data.json,2024-12-03 13:56:34.492,2024-12-03 13:56:34.492,com.sec.android.app.shealth,0,40,1.3349763,30.28496,1.5594488,64Z1605Zgy,com.sec.android.app.shealth,c77340b2-3bb5-481a-9b31-7e88f6bab7b0,1733097600000,
6a9898ef-7a27-4b6f-b7c7-3d7a9a67435e.binning_data.json,2024-12-03 18:32:43.210,2024-12-03 13:56:55.121,com.sec.android.app.shealth,-2,122,1.1249034,91.215965,4.7879934,VfS0qUERdZ,com.sec.android.app.shealth,6a9898ef-7a27-4b6f-b7c7-3d7a9a67435e,1733184000000,
a5787ef8-f9c9-4b6d-b1ec-7bb5bd6bb952.binning_data.json,2024-12-03 23:00:02.711,2024-12-03 23:00:02.711,com.sec.android.app.shealth,0,122,1.1249034,91.215965,4.7879934,64Z1605Zgy,com.sec.android.app.shealth,a5787ef8-f9c9-4b6d-b1ec-7bb5bd6bb952,1733184000000,
740798ed-9c03-444d-8111-2b6e2a23b8e5.binning_data.json,2024-12-04 19:24:24.952,2024-12-04 06:38:40.844,com.sec.android.app.shealth,-2,395,1.4306023,303.81934,15.298276,VfS0qUERdZ,com.sec.android.app.shealth,740798ed-9c03-444d-8111-2b6e2a23b8e5,1733270400000,
11696912-01f5-4bb1-8340-7a76465a9057.binning_data.json,2024-12-04 23:02:37.354,2024-12-04 23:02:37.354,com.sec.android.app.shealth,0,395,1.4306023,303.81934,15.298276,64Z1605Zgy,com.sec.android.app.shealth,11696912-01f5-4bb1-8340-7a76465a9057,1733270400000,
d7738625-278d-41e5-8a4f-90f5aea3d797.binning_data.json,2024-12-05 11:11:23.086,2024-12-05 10:46:50.971,com.sec.android.app.shealth,-2,116,1.395205,89.53528,4.4884253,VfS0qUERdZ,com.sec.android.app.shealth,d7738625-278d-41e5-8a4f-90f5aea3d797,1733356800000,
a0ccc546-c9fa-4756-9a83-1035e6490913.binning_data.json,2024-12-06 01:16:37.536,2024-12-06 01:16:37.536,com.sec.android.app.shealth,0,116,1.395205,89.53528,4.4884253,64Z1605Zgy,com.sec.android.app.shealth,a0ccc546-c9fa-4756-9a83-1035e6490913,1733356800000,
c6611947-2980-439d-9578-cec39a110548.binning_data.json,2024-12-08 07:49:39.962,2024-12-08 07:38:46.162,com.sec.android.app.shealth,-2,33,1.510918,25.619938,1.2788892,VfS0qUERdZ,com.sec.android.app.shealth,c6611947-2980-439d-9578-cec39a110548,1733616000000,
a14b5a90-f3e4-453f-b2c7-3035e956dc11.binning_data.json,2024-12-09 00:21:47.172,2024-12-09 00:21:47.172,com.sec.android.app.shealth,0,33,1.510918,25.619938,1.2788892,64Z1605Zgy,com.sec.android.app.shealth,a14b5a90-f3e4-453f-b2c7-3035e956dc11,1733616000000,
c5831054-7dbc-4b91-b1f8-012d03017e2e.binning_data.json,2024-12-09 22:23:35.163,2024-12-09 09:44:01.547,com.sec.android.app.shealth,-2,196,1.2553409,146.74092,7.705302,VfS0qUERdZ,com.sec.android.app.shealth,c5831054-7dbc-4b91-b1f8-012d03017e2e,1733702400000,
8b5f8655-12c3-4607-824d-d5a711f9eb52.binning_data.json,2024-12-09 23:00:02.728,2024-12-09 23:00:02.728,com.sec.android.app.shealth,0,196,1.2553409,146.74092,7.705302,64Z1605Zgy,com.sec.android.app.shealth,8b5f8655-12c3-4607-824d-d5a711f9eb52,1733702400000,
406f1d61-0015-40be-87cf-3890f623cd11.binning_data.json,2024-12-10 15:40:22.304,2024-12-10 09:40:14.525,com.sec.android.app.shealth,-2,334,1.3259928,253.59187,13.026452,VfS0qUERdZ,com.sec.android.app.shealth,406f1d61-0015-40be-87cf-3890f623cd11,1733788800000,
b22545a8-7379-4321-bb0e-e6e77d088d7a.binning_data.json,2024-12-11 11:21:32.439,2024-12-11 11:21:32.439,com.sec.android.app.shealth,0,334,1.3259928,253.59187,13.026452,64Z1605Zgy,com.sec.android.app.shealth,b22545a8-7379-4321-bb0e-e6e77d088d7a,1733788800000,
459ecf9f-3d0f-4421-9bff-43da89437d78.binning_data.json,2024-12-11 15:11:17.750,2024-12-11 12:46:20.118,com.sec.android.app.shealth,-2,296,1.4071866,226.24916,11.494421,VfS0qUERdZ,com.sec.android.app.shealth,459ecf9f-3d0f-4421-9bff-43da89437d78,1733875200000,
6ffe932c-bb3d-4c28-8c21-eec4bacd34d9.binning_data.json,2024-12-12 00:00:48.323,2024-12-12 00:00:48.323,com.sec.android.app.shealth,0,296,1.4071866,226.24916,11.494421,64Z1605Zgy,com.sec.android.app.shealth,6ffe932c-bb3d-4c28-8c21-eec4bacd34d9,1733875200000,
b826198e-187d-44e3-bfb9-14e64ebff5dc.binning_data.json,2024-12-12 10:01:59.593,2024-12-12 06:48:27.614,com.sec.android.app.shealth,-2,300,1.2765851,225.55519,11.738321,VfS0qUERdZ,com.sec.android.app.shealth,b826198e-187d-44e3-bfb9-14e64ebff5dc,1733961600000,
56d45247-92f7-496d-9e11-71117990b4e2.binning_data.json,2024-12-15 16:34:13.718,2024-12-15 16:34:13.718,com.sec.android.app.shealth,0,300,1.2765851,225.55519,11.738321,64Z1605Zgy,com.sec.android.app.shealth,56d45247-92f7-496d-9e11-71117990b4e2,1733961600000,
efebaef0-1125-44e0-b582-30b87b8db665.binning_data.json,2024-12-16 21:38:29.672,2024-12-16 10:57:50.640,com.sec.android.app.shealth,-2,394,1.2338047,300.36288,15.325953,VfS0qUERdZ,com.sec.android.app.shealth,efebaef0-1125-44e0-b582-30b87b8db665,1734307200000,
8a1d0b34-8937-4eea-975a-4d168bbe77f6.binning_data.json,2024-12-16 23:00:03.348,2024-12-16 23:00:03.348,com.sec.android.app.shealth,0,394,1.2338047,300.36288,15.325953,64Z1605Zgy,com.sec.android.app.shealth,8a1d0b34-8937-4eea-975a-4d168bbe77f6,1734307200000,
1fa650a1-6f5c-48d3-aeed-bef126bc82de.binning_data.json,2024-12-17 16:54:53.793,2024-12-17 11:59:43.576,com.sec.android.app.shealth,-2,70,1.407303,53.14856,2.7275457,VfS0qUERdZ,com.sec.android.app.shealth,1fa650a1-6f5c-48d3-aeed-bef126bc82de,1734393600000,
5684ba02-cf64-4fb6-8f88-fa4a68466474.binning_data.json,2024-12-17 23:38:14.878,2024-12-17 23:38:14.878,com.sec.android.app.shealth,0,70,1.407303,53.14856,2.7275457,64Z1605Zgy,com.sec.android.app.shealth,5684ba02-cf64-4fb6-8f88-fa4a68466474,1734393600000,
bc70d93a-9055-4408-bad7-583d4da4fcf1.binning_data.json,2024-12-18 17:57:56.189,2024-12-18 10:10:47.898,com.sec.android.app.shealth,-2,133,1.201019,98.21716,5.262867,VfS0qUERdZ,com.sec.android.app.shealth,bc70d93a-9055-4408-bad7-583d4da4fcf1,1734480000000,
b2db264d-c85b-49bf-ba7c-a03feb35b4fa.binning_data.json,2024-12-19 17:25:03.212,2024-12-19 17:25:03.212,com.sec.android.app.shealth,0,133,1.201019,98.21716,5.262867,64Z1605Zgy,com.sec.android.app.shealth,b2db264d-c85b-49bf-ba7c-a03feb35b4fa,1734480000000,
0525cc7b-55cf-4482-976d-8cfa73fad8f3.binning_data.json,2024-12-21 06:09:20.730,2024-12-21 05:30:45.052,com.sec.android.app.shealth,-2,48,1.3815589,36.456066,1.8697765,VfS0qUERdZ,com.sec.android.app.shealth,0525cc7b-55cf-4482-976d-8cfa73fad8f3,1734739200000,
18474085-3d30-4ee8-a89c-c6b69b3e8f61.binning_data.json,2024-12-22 00:18:28.936,2024-12-22 00:18:28.936,com.sec.android.app.shealth,0,48,1.3815589,36.456066,1.8697765,64Z1605Zgy,com.sec.android.app.shealth,18474085-3d30-4ee8-a89c-c6b69b3e8f61,1734739200000,
02aa1ce1-956c-4364-8aa4-4e5bbf58155f.binning_data.json,2024-12-24 09:42:26.245,2024-12-24 09:40:34.476,com.sec.android.app.shealth,-2,35,1.3006692,26.113602,1.3746598,VfS0qUERdZ,com.sec.android.app.shealth,02aa1ce1-956c-4364-8aa4-4e5bbf58155f,1734998400000,
bdcc53b3-f190-47cc-ae40-80a8640b6dc7.binning_data.json,2024-12-24 23:00:02.237,2024-12-24 23:00:02.237,com.sec.android.app.shealth,0,35,1.3006692,26.113602,1.3746598,64Z1605Zgy,com.sec.android.app.shealth,bdcc53b3-f190-47cc-ae40-80a8640b6dc7,1734998400000,
16a8a25f-f741-4c59-9a8a-3e1b6897042a.binning_data.json,2024-12-29 22:31:58.411,2024-12-29 11:02:36.307,com.sec.android.app.shealth,-2,57,1.1040725,42.69148,2.2431881,VfS0qUERdZ,com.sec.android.app.shealth,16a8a25f-f741-4c59-9a8a-3e1b6897042a,1735430400000,
2fbfbed4-ab56-4bf9-adf6-e5e2c224084c.binning_data.json,2024-12-29 23:00:03.964,2024-12-29 23:00:03.964,com.sec.android.app.shealth,0,57,1.1040725,42.69148,2.2431881,64Z1605Zgy,com.sec.android.app.shealth,2fbfbed4-ab56-4bf9-adf6-e5e2c224084c,1735430400000,
27d909a8-54ea-4985-9f34-24bd3c662be4.binning_data.json,2024-12-30 13:24:46.028,2024-12-30 09:37:32.864,com.sec.android.app.shealth,-2,97,1.200658,72.377655,3.819772,VfS0qUERdZ,com.sec.android.app.shealth,27d909a8-54ea-4985-9f34-24bd3c662be4,1735516800000,
f2946153-b0db-4b1a-935b-3d24deee2e5e.binning_data.json,2024-12-31 03:07:54.611,2024-12-31 03:07:54.611,com.sec.android.app.shealth,0,97,1.200658,72.377655,3.819772,64Z1605Zgy,com.sec.android.app.shealth,f2946153-b0db-4b1a-935b-3d24deee2e5e,1735516800000,
dd21f909-dbf2-4c3b-bb16-492bff9f1020.binning_data.json,2024-12-31 14:10:25.009,2024-12-31 07:44:28.765,com.sec.android.app.shealth,-2,497,1.1760166,369.1109,19.585377,VfS0qUERdZ,com.sec.android.app.shealth,dd21f909-dbf2-4c3b-bb16-492bff9f1020,1735603200000,
808e5c30-2b31-4c1f-870b-ddf9fdc0c7c7.binning_data.json,2025-01-01 18:16:27.309,2025-01-01 18:16:27.309,com.sec.android.app.shealth,0,497,1.1760166,369.1109,19.585377,64Z1605Zgy,com.sec.android.app.shealth,808e5c30-2b31-4c1f-870b-ddf9fdc0c7c7,1735603200000,
de624bb4-afa7-4f52-8825-19464bb719da.binning_data.json,2025-01-03 08:47:24.113,2025-01-03 08:23:59.133,com.sec.android.app.shealth,-2,48,1.31267,36.101566,1.8832183,VfS0qUERdZ,com.sec.android.app.shealth,de624bb4-afa7-4f52-8825-19464bb719da,1735862400000,
83b8aa13-18b2-4e42-bd74-f0b24803f4ba.binning_data.json,2025-01-04 02:43:43.262,2025-01-04 02:43:43.262,com.sec.android.app.shealth,0,48,1.31267,36.101566,1.8832183,64Z1605Zgy,com.sec.android.app.shealth,83b8aa13-18b2-4e42-bd74-f0b24803f4ba,1735862400000,
a3ed08aa-c180-43df-bc0f-82c61986a609.binning_data.json,2025-01-05 16:53:50.219,2025-01-05 16:51:57.918,com.sec.android.app.shealth,-2,47,1.2331135,34.805782,1.8525212,VfS0qUERdZ,com.sec.android.app.shealth,a3ed08aa-c180-43df-bc0f-82c61986a609,1736035200000,
6f59fde5-1be2-4f46-8546-00481640d0e8.binning_data.json,2025-01-06 09:53:42.919,2025-01-06 09:53:42.919,com.sec.android.app.shealth,0,47,1.2331135,34.805782,1.8525212,64Z1605Zgy,com.sec.android.app.shealth,6f59fde5-1be2-4f46-8546-00481640d0e8,1736035200000,
1c8a68a8-8ede-41fd-9881-95e91bf96840.binning_data.json,2025-01-06 22:27:32.056,2025-01-06 22:27:32.056,com.sec.android.app.shealth,-2,9,0.9316177,6.502662,0.3617653,VfS0qUERdZ,com.sec.android.app.shealth,1c8a68a8-8ede-41fd-9881-95e91bf96840,1736121600000,
56f0290e-bafd-44f9-9184-94084a2e2001.binning_data.json,2025-01-06 23:00:02.291,2025-01-06 23:00:02.291,com.sec.android.app.shealth,0,9,0.9316177,6.502662,0.3617653,64Z1605Zgy,com.sec.android.app.shealth,56f0290e-bafd-44f9-9184-94084a2e2001,1736121600000,
0d427795-f019-4064-aa99-8bf38993016d.binning_data.json,2025-01-07 12:41:46.298,2025-01-07 12:41:46.298,com.sec.android.app.shealth,-2,60,1.1906521,45.37469,2.341795,VfS0qUERdZ,com.sec.android.app.shealth,0d427795-f019-4064-aa99-8bf38993016d,1736208000000,
3b5bc318-ead0-4b9d-b502-17302b710c8d.binning_data.json,2025-01-07 23:31:05.788,2025-01-07 23:31:05.788,com.sec.android.app.shealth,0,60,1.1906521,45.37469,2.341795,64Z1605Zgy,com.sec.android.app.shealth,3b5bc318-ead0-4b9d-b502-17302b710c8d,1736208000000,
ab8c9619-8162-45a2-ad91-58b49e5266a3.binning_data.json,2025-01-08 22:23:01.205,2025-01-08 22:23:01.205,com.sec.android.app.shealth,-2,13,1.0678093,9.520796,0.5161891,VfS0qUERdZ,com.sec.android.app.shealth,ab8c9619-8162-45a2-ad91-58b49e5266a3,1736294400000,
6fbace80-c333-49b8-b39e-44f61eaa38f7.binning_data.json,2025-01-08 23:00:16.816,2025-01-08 23:00:16.816,com.sec.android.app.shealth,0,13,1.0678093,9.520796,0.5161891,64Z1605Zgy,com.sec.android.app.shealth,6fbace80-c333-49b8-b39e-44f61eaa38f7,1736294400000,
6f0206b3-330d-4e6b-9378-fc7c4d08e327.binning_data.json,2025-01-09 19:29:37.603,2025-01-09 11:21:26.032,com.sec.android.app.shealth,-2,152,1.2232261,114.029396,5.9537277,VfS0qUERdZ,com.sec.android.app.shealth,6f0206b3-330d-4e6b-9378-fc7c4d08e327,1736380800000,
866e34d0-535c-433b-85f4-7620240f3c69.binning_data.json,2025-01-09 23:00:03.605,2025-01-09 23:00:03.605,com.sec.android.app.shealth,0,152,1.2232261,114.029396,5.9537277,64Z1605Zgy,com.sec.android.app.shealth,866e34d0-535c-433b-85f4-7620240f3c69,1736380800000,
ed76de46-1835-424b-8662-88923fa5ad13.binning_data.json,2025-01-11 01:42:14.906,2025-01-10 14:15:37.437,com.sec.android.app.shealth,-2,7,1.3058006,5.271965,0.27327538,VfS0qUERdZ,com.sec.android.app.shealth,ed76de46-1835-424b-8662-88923fa5ad13,1736467200000,
9dc971b6-f510-4dfa-8327-2286a8a9eeea.binning_data.json,2025-01-11 01:42:08.570,2025-01-11 01:42:08.570,com.sec.android.app.shealth,0,7,1.3058006,5.271965,0.27327538,64Z1605Zgy,com.sec.android.app.shealth,9dc971b6-f510-4dfa-8327-2286a8a9eeea,1736467200000,
4a8f8a05-dca3-4a43-9261-748698465e46.binning_data.json,2025-03-06 15:50:04.646,2025-03-06 15:50:04.646,com.sec.android.app.shealth,-2,5287,1.1677368,3848.64,225.28,VfS0qUERdZ,com.sec.android.app.shealth,4a8f8a05-dca3-4a43-9261-748698465e46,1741046400000,
9905b31a-f53c-42bb-96a3-51b6fcc09cf0.binning_data.json,2025-03-06 15:50:04.687,2025-03-06 15:50:04.687,com.sec.android.app.shealth,-2,231,1.2024734,168.93,9.7699995,VfS0qUERdZ,com.sec.android.app.shealth,9905b31a-f53c-42bb-96a3-51b6fcc09cf0,1741132800000,
1310e78f-75ab-4027-88d8-13f36128a7a8.binning_data.json,2025-03-06 15:50:20.979,2025-03-06 15:50:20.979,com.sec.android.app.shealth,106,231,1.2024734,168.93,9.7699995,ooOmDJ1LSk,com.sec.android.app.shealth,1310e78f-75ab-4027-88d8-13f36128a7a8,1741132800000,
df4b8863-eb56-4555-9d62-dda03f75b344.binning_data.json,2025-03-06 15:50:21.169,2025-03-06 15:50:21.169,com.sec.android.app.shealth,106,5287,1.1677368,3848.64,225.28,ooOmDJ1LSk,com.sec.android.app.shealth,df4b8863-eb56-4555-9d62-dda03f75b344,1741046400000,
51c19253-b4fb-4c3e-b404-39c9525d035e.binning_data.json,2025-03-06 22:38:40.557,2025-03-06 18:28:41.450,com.sec.android.app.shealth,-2,298,1.1686525,218.88998,12.129997,VfS0qUERdZ,com.sec.android.app.shealth,51c19253-b4fb-4c3e-b404-39c9525d035e,1741219200000,
34c747b9-51a0-4f07-b8e2-4ae5a95475ed.binning_data.json,2025-03-09 13:45:06.678,2025-03-07 01:04:03.090,com.sec.android.app.shealth,-2,4251,1.1103184,3065.61,177.43,VfS0qUERdZ,com.sec.android.app.shealth,34c747b9-51a0-4f07-b8e2-4ae5a95475ed,1741305600000,
0fb5850f-2d27-417c-b3b4-8db9a6cd1967.binning_data.json,2025-03-07 02:07:15.206,2025-03-07 02:07:15.206,com.sec.android.app.shealth,108,298,1.1686525,218.88998,12.129997,NA9l677+ml,com.sec.android.app.shealth,0fb5850f-2d27-417c-b3b4-8db9a6cd1967,1741219200000,
c7b3a891-51e2-48ba-a9eb-4c67c66db434.binning_data.json,2025-03-10 04:52:47.815,2025-03-07 02:07:15.257,com.sec.android.app.shealth,108,4251,1.1103184,3065.61,177.43,NA9l677+ml,com.sec.android.app.shealth,c7b3a891-51e2-48ba-a9eb-4c67c66db434,1741305600000,
aff40738-a0e8-461d-9f86-9f0492fa1a61.binning_data.json,2025-03-14 22:18:09.318,2025-03-14 18:45:24.542,com.sec.android.app.shealth,-2,7831,1.1516556,5694.42,323.25,VfS0qUERdZ,com.sec.android.app.shealth,aff40738-a0e8-461d-9f86-9f0492fa1a61,1741910400000,
f9339924-8bc2-46ff-953b-74d7d1b7c283.binning_data.json,2025-03-14 18:45:26.150,2025-03-14 18:45:26.150,com.sec.android.app.shealth,-2,1975,1.2232181,1456.73,78.69,VfS0qUERdZ,com.sec.android.app.shealth,f9339924-8bc2-46ff-953b-74d7d1b7c283,1741824000000,
d69d001a-7a67-4d69-8f97-06e2db531a93.binning_data.json,2025-03-14 23:00:05.799,2025-03-14 23:00:05.799,com.sec.android.app.shealth,108,1975,1.2232181,1456.73,78.69,NA9l677+ml,com.sec.android.app.shealth,d69d001a-7a67-4d69-8f97-06e2db531a93,1741824000000,
8967ee17-7e1f-4ded-8d79-6439ba9660f4.binning_data.json,2025-03-14 23:00:05.818,2025-03-14 23:00:05.818,com.sec.android.app.shealth,108,7831,1.1516556,5694.42,323.25,NA9l677+ml,com.sec.android.app.shealth,8967ee17-7e1f-4ded-8d79-6439ba9660f4,1741910400000,
b2062988-bdc0-4588-bdba-0105bcb2d7ce.binning_data.json,2025-03-15 21:17:04.073,2025-03-15 21:17:04.073,com.sec.android.app.shealth,-2,142,1.1729518,103.78,5.63,VfS0qUERdZ,com.sec.android.app.shealth,b2062988-bdc0-4588-bdba-0105bcb2d7ce,1741996800000,
c052dafa-9db6-45f3-b51f-62165595c95b.binning_data.json,2025-03-15 23:03:07.826,2025-03-15 23:03:07.826,com.sec.android.app.shealth,108,142,1.1729518,103.78,5.63,NA9l677+ml,com.sec.android.app.shealth,c052dafa-9db6-45f3-b51f-62165595c95b,1741996800000,
2c3bacba-8e26-46a0-90c7-5b1e4c0b403b.binning_data.json,2025-03-21 20:18:08.788,2025-03-21 12:00:04.108,com.sec.android.app.shealth,-2,3017,1.2874148,2243.77,143.18,VfS0qUERdZ,com.sec.android.app.shealth,2c3bacba-8e26-46a0-90c7-5b1e4c0b403b,1742515200000,
418db901-7602-4817-a466-bf9120f1136b.binning_data.json,2025-03-22 03:19:06.067,2025-03-22 03:19:06.067,com.sec.android.app.shealth,108,3017,1.2874148,2243.77,143.18,NA9l677+ml,com.sec.android.app.shealth,418db901-7602-4817-a466-bf9120f1136b,1742515200000,
c0aab92f-37c2-4ab7-a5df-8e8adf8622e4.binning_data.json,2025-03-23 07:45:36.615,2025-03-22 17:44:06.595,com.sec.android.app.shealth,-2,558,1.0805035,397.02,26.09,VfS0qUERdZ,com.sec.android.app.shealth,c0aab92f-37c2-4ab7-a5df-8e8adf8622e4,1742601600000,
93d71a46-5b81-44c1-b810-3e14ca018d54.binning_data.json,2025-03-24 03:29:06.563,2025-03-23 03:24:43.312,com.sec.android.app.shealth,108,558,1.0805035,397.02,26.09,NA9l677+ml,com.sec.android.app.shealth,93d71a46-5b81-44c1-b810-3e14ca018d54,1742601600000,
69f78c4b-829b-439c-9cb3-6b5c19319a4a.binning_data.json,2025-03-23 13:38:47.547,2025-03-23 07:45:36.195,com.sec.android.app.shealth,-2,2176,1.1759952,1585.89,100.85,VfS0qUERdZ,com.sec.android.app.shealth,69f78c4b-829b-439c-9cb3-6b5c19319a4a,1742688000000,
46070033-839d-4786-a809-03b1e41a663b.binning_data.json,2025-03-24 03:29:06.827,2025-03-24 03:29:06.827,com.sec.android.app.shealth,108,2176,1.1759952,1585.89,100.85,NA9l677+ml,com.sec.android.app.shealth,46070033-839d-4786-a809-03b1e41a663b,1742688000000,
ae2cac8f-fbe7-4f7b-b2bc-3143228ab3a4.binning_data.json,2025-04-14 12:56:58.937,2025-04-14 12:56:58.937,com.sec.android.app.shealth,-2,52,1.2777779,38.22,2.58,VfS0qUERdZ,com.sec.android.app.shealth,ae2cac8f-fbe7-4f7b-b2bc-3143228ab3a4,1744502400000,
e0db588f-0a8b-4de8-8407-a0d95c24902d.binning_data.json,2025-04-14 12:56:58.953,2025-04-14 12:56:58.953,com.sec.android.app.shealth,-2,52,1.2777779,38.22,2.58,VfS0qUERdZ,com.sec.android.app.shealth,e0db588f-0a8b-4de8-8407-a0d95c24902d,1744502400000,
678332ae-4f2d-4100-a7d1-d1bc309bf190.binning_data.json,2025-04-14 12:57:00.278,2025-04-14 12:57:00.278,com.sec.android.app.shealth,108,52,1.2777779,38.22,2.58,NA9l677+ml,com.sec.android.app.shealth,678332ae-4f2d-4100-a7d1-d1bc309bf190,1744502400000,
1c8f188a-af4d-4bbc-9698-f13cf850fe2e.binning_data.json,2025-04-22 14:39:49.841,2025-04-22 14:38:59.943,com.sec.android.app.shealth,-2,33,1.3444862,24.77396,1.4772424,VfS0qUERdZ,com.sec.android.app.shealth,1c8f188a-af4d-4bbc-9698-f13cf850fe2e,1745280000000,
1dd5ac2a-cbfc-400b-a285-6b441e31b4c2.binning_data.json,2025-04-22 14:39:17.765,2025-04-22 14:39:17.765,com.sec.android.app.shealth,0,33,1.3444862,24.77396,1.4772424,64Z1605Zgy,com.sec.android.app.shealth,1dd5ac2a-cbfc-400b-a285-6b441e31b4c2,1745280000000,
234e1d41-5312-41e1-bcd9-cd1e5ff94f48.binning_data.json,2025-04-24 20:08:18.216,2025-04-24 16:50:35.261,com.sec.android.app.shealth,-2,5143,1.2757783,3812.92,220.93,VfS0qUERdZ,com.sec.android.app.shealth,234e1d41-5312-41e1-bcd9-cd1e5ff94f48,1745452800000,
4f530755-29a4-4b09-8a10-587da7a77568.binning_data.json,2025-04-25 05:41:07.967,2025-04-25 05:41:07.967,com.sec.android.app.shealth,0,30,1.3845004,22.930454,1.3339958,64Z1605Zgy,com.sec.android.app.shealth,4f530755-29a4-4b09-8a10-587da7a77568,1745452800000,
8e4a8e08-d548-4196-a741-325b34b9b9b3.binning_data.json,2025-04-25 05:41:18.539,2025-04-25 05:41:18.539,com.sec.android.app.shealth,108,5143,1.2757783,3812.92,220.93,NA9l677+ml,com.sec.android.app.shealth,8e4a8e08-d548-4196-a741-325b34b9b9b3,1745452800000,
1a94bd6d-8bc0-425e-bff4-3a4a9cc98ba5.binning_data.json,2025-04-27 11:35:02.806,2025-04-25 06:14:42.641,com.sec.android.app.shealth,-2,11193,1.3261185,8363.91,504.71,VfS0qUERdZ,com.sec.android.app.shealth,1a94bd6d-8bc0-425e-bff4-3a4a9cc98ba5,1745539200000,
e34bfc55-2cfc-478d-b883-284e42956196.binning_data.json,2025-04-27 18:48:08.127,2025-04-27 11:34:57.863,com.sec.android.app.shealth,-2,4261,1.1539925,3088.8892,193.52379,VfS0qUERdZ,com.sec.android.app.shealth,e34bfc55-2cfc-478d-b883-284e42956196,1745712000000,
33fad742-e663-4466-90c1-b06d8c73eaa7.binning_data.json,2025-04-27 11:35:02.665,2025-04-27 11:35:02.665,com.sec.android.app.shealth,-2,7903,1.2983091,5872.08,365.35,VfS0qUERdZ,com.sec.android.app.shealth,33fad742-e663-4466-90c1-b06d8c73eaa7,1745625600000,
05afb5d9-8b3c-4682-9670-305804208235.binning_data.json,2025-04-27 11:35:21.438,2025-04-27 11:35:21.438,com.sec.android.app.shealth,0,46,1.3674357,34.90898,2.0501347,64Z1605Zgy,com.sec.android.app.shealth,05afb5d9-8b3c-4682-9670-305804208235,1745539200000,
daf14e91-5ffd-4fd5-9630-a97c73c110f6.binning_data.json,2025-04-28 13:22:50.497,2025-04-27 11:35:46.428,com.sec.android.app.shealth,108,4243,1.1518607,3074.35,192.73,NA9l677+ml,com.sec.android.app.shealth,daf14e91-5ffd-4fd5-9630-a97c73c110f6,1745712000000,
8bbf9e37-7bf6-423b-aeaa-2bc6e061a602.binning_data.json,2025-04-27 11:35:48.099,2025-04-27 11:35:48.099,com.sec.android.app.shealth,108,11193,1.3261185,8363.91,504.71,NA9l677+ml,com.sec.android.app.shealth,8bbf9e37-7bf6-423b-aeaa-2bc6e061a602,1745539200000,
76d2c671-e1c4-4c05-9040-28845e9f013d.binning_data.json,2025-04-27 11:35:50.968,2025-04-27 11:35:50.968,com.sec.android.app.shealth,108,7903,1.2983091,5872.08,365.35,NA9l677+ml,com.sec.android.app.shealth,76d2c671-e1c4-4c05-9040-28845e9f013d,1745625600000,
ff792740-1a65-4d11-ac6d-12c9a722c364.binning_data.json,2025-04-28 13:22:47.828,2025-04-28 13:22:47.828,com.sec.android.app.shealth,0,18,1.8959185,14.539273,0.79379165,64Z1605Zgy,com.sec.android.app.shealth,ff792740-1a65-4d11-ac6d-12c9a722c364,1745712000000,
5aae1523-1fcc-4636-8327-145765ed6726.binning_data.json,2025-04-28 18:39:56.332,2025-04-28 13:22:48.632,com.sec.android.app.shealth,-2,7885,1.3042077,5862.79,327.52,VfS0qUERdZ,com.sec.android.app.shealth,5aae1523-1fcc-4636-8327-145765ed6726,1745798400000,
1ea0101d-f0f0-42ac-871a-e5671c800809.binning_data.json,2025-04-28 22:56:41.146,2025-04-28 13:22:50.478,com.sec.android.app.shealth,108,7885,1.3042077,5862.79,327.52,NA9l677+ml,com.sec.android.app.shealth,1ea0101d-f0f0-42ac-871a-e5671c800809,1745798400000,
d1d6e0ac-c4b4-453c-acf1-cbade9f0592d.binning_data.json,2025-04-29 16:12:34.792,2025-04-29 12:04:23.047,com.sec.android.app.shealth,-2,8044,1.295085,5982.975,335.6538,VfS0qUERdZ,com.sec.android.app.shealth,d1d6e0ac-c4b4-453c-acf1-cbade9f0592d,1745884800000,
9a605f0f-50e1-4fb4-b430-f3ffcd1463c3.binning_data.json,2025-04-30 01:19:31.873,2025-04-30 01:19:31.873,com.sec.android.app.shealth,0,209,1.4766421,161.3338,9.264163,64Z1605Zgy,com.sec.android.app.shealth,9a605f0f-50e1-4fb4-b430-f3ffcd1463c3,1745884800000,
59123c41-80fc-415c-82ee-d2784026072b.binning_data.json,2025-04-30 01:19:35.997,2025-04-30 01:19:35.997,com.sec.android.app.shealth,108,8044,1.2942171,5981.69,335.16998,NA9l677+ml,com.sec.android.app.shealth,59123c41-80fc-415c-82ee-d2784026072b,1745884800000,
9b9c53cb-c870-42d1-ab9e-b55f52fe5155.binning_data.json,2025-05-04 06:54:39.610,2025-04-30 07:10:31.404,com.sec.android.app.shealth,-2,8460,1.3188362,6304.5176,357.571,VfS0qUERdZ,com.sec.android.app.shealth,9b9c53cb-c870-42d1-ab9e-b55f52fe5155,1745971200000,
5a7cd0d5-18e8-4a78-bbf0-5538262a553e.binning_data.json,2025-05-04 06:54:13.097,2025-05-04 06:54:13.097,com.sec.android.app.shealth,0,151,1.1857251,116.903145,6.69123,64Z1605Zgy,com.sec.android.app.shealth,5a7cd0d5-18e8-4a78-bbf0-5538262a553e,1745971200000,
7c2095f5-d517-48c6-8f9d-e5a580ba6843.binning_data.json,2025-05-06 07:58:31.984,2025-05-04 06:54:17.332,com.sec.android.app.shealth,108,8459,1.3170263,6302.78,357.18,NA9l677+ml,com.sec.android.app.shealth,7c2095f5-d517-48c6-8f9d-e5a580ba6843,1745971200000,
1b8b4b69-3ab3-46c5-8d39-1325a8af514d.binning_data.json,2025-05-04 06:54:37.107,2025-05-04 06:54:37.107,com.sec.android.app.shealth,-2,4041,1.2025127,2949.99,177.34,VfS0qUERdZ,com.sec.android.app.shealth,1b8b4b69-3ab3-46c5-8d39-1325a8af514d,1746230400000,
a9e06d71-db99-4925-a4cf-aa6ef936b42e.binning_data.json,2025-05-04 06:54:37.147,2025-05-04 06:54:37.147,com.sec.android.app.shealth,-2,9601,1.258932,7074.38,409.24,VfS0qUERdZ,com.sec.android.app.shealth,a9e06d71-db99-4925-a4cf-aa6ef936b42e,1746057600000,
5fd8c51f-63ce-4e34-9a76-c712edf300ea.binning_data.json,2025-05-04 06:54:37.362,2025-05-04 06:54:37.362,com.sec.android.app.shealth,-2,3824,1.1808461,2788.09,174.02,VfS0qUERdZ,com.sec.android.app.shealth,5fd8c51f-63ce-4e34-9a76-c712edf300ea,1746144000000,
b83993d0-1680-4219-8c3c-8114b11bcee0.binning_data.json,2025-05-06 07:58:31.940,2025-05-06 07:58:31.940,com.sec.android.app.shealth,108,9601,1.258932,7074.38,409.24,NA9l677+ml,com.sec.android.app.shealth,b83993d0-1680-4219-8c3c-8114b11bcee0,1746057600000,
e07d3bfd-5e18-4c8c-9d4a-d118eae7cc88.binning_data.json,2025-05-06 07:58:31.973,2025-05-06 07:58:31.973,com.sec.android.app.shealth,108,4041,1.2025127,2949.99,177.34,NA9l677+ml,com.sec.android.app.shealth,e07d3bfd-5e18-4c8c-9d4a-d118eae7cc88,1746230400000,
d4acc207-197b-4695-90df-684bcf3048a5.binning_data.json,2025-05-06 07:58:32.414,2025-05-06 07:58:32.414,com.sec.android.app.shealth,108,3824,1.1808461,2788.09,174.02,NA9l677+ml,com.sec.android.app.shealth,d4acc207-197b-4695-90df-684bcf3048a5,1746144000000,
9c5ea701-f167-4f1e-80f9-7ae0b89fcb49.binning_data.json,2025-05-06 07:59:07.205,2025-05-06 07:59:07.205,com.sec.android.app.shealth,-2,4598,1.2940286,3413.91,209.44,VfS0qUERdZ,com.sec.android.app.shealth,9c5ea701-f167-4f1e-80f9-7ae0b89fcb49,1746403200000,
929d7c6f-26df-47b1-93ea-eaf0f49beab6.binning_data.json,2025-05-06 08:10:20.690,2025-05-06 08:10:20.690,com.sec.android.app.shealth,-2,45,1.293053,33.14,1.95,VfS0qUERdZ,com.sec.android.app.shealth,929d7c6f-26df-47b1-93ea-eaf0f49beab6,1746489600000,
dd2a880f-a5ff-4074-b07c-5b2f5427cb43.binning_data.json,2025-05-07 01:51:30.539,2025-05-07 01:51:30.539,com.sec.android.app.shealth,108,4598,1.2940286,3413.91,209.44,NA9l677+ml,com.sec.android.app.shealth,dd2a880f-a5ff-4074-b07c-5b2f5427cb43,1746403200000,
c1b16c07-4e74-44b2-8e90-86a492e23ce9.binning_data.json,2025-05-07 01:51:30.601,2025-05-07 01:51:30.601,com.sec.android.app.shealth,108,45,1.293053,33.14,1.95,NA9l677+ml,com.sec.android.app.shealth,c1b16c07-4e74-44b2-8e90-86a492e23ce9,1746489600000,
