com.samsung.health.respiratory_rate,6295017,2
create_sh_ver,start_time,custom,binning_data,modify_sh_ver,average,lower_limit,update_time,create_time,client_data_id,upper_limit,client_data_ver,is_outlier,pplib_version,time_offset,deviceuuid,comment,pkg_name,end_time,datauuid
62910031,2025-02-22 23:16:00.000,,fddee1a1-1f3a-4c3d-ad97-18f2a7571509.binning_data.json,62910031,18.163197,0.0,2025-02-23 02:43:33.463,2025-02-23 02:43:33.463,,0.0,,0,1.01.04,UTC+0100,r7FYwmiDQH,,com.sec.android.app.shealth,2025-02-23 02:43:00.000,fddee1a1-1f3a-4c3d-ad97-18f2a7571509,
62910031,2025-03-04 23:05:00.000,,794a2913-8903-4027-bdf7-4d8a57d4ab65.binning_data.json,62910031,17.300802,0.0,2025-03-05 07:05:11.213,2025-03-05 07:05:11.213,,0.0,,0,1.01.04,UTC+0100,r7FYwmiDQH,,com.sec.android.app.shealth,2025-03-05 07:02:00.000,794a2913-8903-4027-bdf7-4d8a57d4ab65,
62910031,2025-03-14 00:02:00.000,,cbf85e64-1a67-47fa-a492-abc34ed0f3e2.binning_data.json,62910031,17.328814,16.93374,2025-03-14 07:49:56.521,2025-03-14 07:49:56.521,,17.989985,,0,1.01.04,UTC+0100,NA9l677+ml,,com.sec.android.app.shealth,2025-03-14 07:37:00.000,cbf85e64-1a67-47fa-a492-abc34ed0f3e2,
62910031,2025-03-21 19:19:00.000,,1664ff98-b75b-4373-b7dc-dff1405bc06c.binning_data.json,62910031,17.062937,16.918394,2025-03-21 20:38:11.618,2025-03-21 20:38:11.618,,17.9619,,0,1.01.04,UTC+0100,NA9l677+ml,,com.sec.android.app.shealth,2025-03-21 20:26:00.000,1664ff98-b75b-4373-b7dc-dff1405bc06c,
62910031,2025-03-22 22:42:00.000,,e3bd26b8-f0f0-43bf-a6ff-68d0996626f5.binning_data.json,62910031,18.226938,17.030323,2025-03-23 07:17:18.042,2025-03-23 07:17:18.042,,18.183807,,1,1.01.04,UTC+0100,NA9l677+ml,,com.sec.android.app.shealth,2025-03-23 07:03:00.000,e3bd26b8-f0f0-43bf-a6ff-68d0996626f5,
62950051,2025-04-24 05:00:00.000,,cf2bd21c-3200-4f8b-a9a3-a94a20fc2b77.binning_data.json,62950051,15.773247,0.0,2025-04-24 06:55:53.716,2025-04-24 06:55:53.716,,0.0,,0,1.01.04,UTC+0200,NA9l677+ml,,com.sec.android.app.shealth,2025-04-24 06:32:00.000,cf2bd21c-3200-4f8b-a9a3-a94a20fc2b77,
62950051,2025-04-24 08:50:00.000,,432fb225-bcc8-4c29-8b43-6ded133eec00.binning_data.json,62950051,16.547132,0.0,2025-04-24 10:40:49.371,2025-04-24 10:40:49.371,,0.0,,0,1.01.04,UTC+0200,NA9l677+ml,,com.sec.android.app.shealth,2025-04-24 10:17:00.000,432fb225-bcc8-4c29-8b43-6ded133eec00,
62950051,2025-04-24 12:38:00.000,,bf969a8a-7283-49ed-833f-ef89704e0fb0.binning_data.json,62950051,15.61353,0.0,2025-04-24 15:31:14.427,2025-04-24 15:31:14.427,,0.0,,0,1.01.04,UTC+0200,NA9l677+ml,,com.sec.android.app.shealth,2025-04-24 15:09:00.000,bf969a8a-7283-49ed-833f-ef89704e0fb0,
62950051,2025-05-02 22:04:00.000,,4ae58f04-de86-46c5-9f94-78f391531128.binning_data.json,62950051,17.167109,15.698497,2025-05-03 04:22:16.540,2025-05-03 04:22:16.540,,17.406141,,0,1.01.04,UTC+0200,NA9l677+ml,,com.sec.android.app.shealth,2025-05-03 03:58:00.000,4ae58f04-de86-46c5-9f94-78f391531128,
