com.samsung.shealth.service_preferences,6295017,1
text_value,service_id,float_value,update_time,create_time,long_value,key,tag,blob_value,int_value,deviceuuid,pkg_name,double_value,datauuid
"{""05-measure.period"":2,""05-alert.high.enable"":0,""05-alert.low.enable"":0,""08-measure.period"":1,""10-measure.period"":1,""06-skin_temp_enable"":0,""06-snore_setting"":0,""06-snore_setting_new"":0,""37-skin_temp_enable"":0,""34-detection.workout.enable"":0,""44-age.setting.enable"":0,""08-alert.high.enable"":0}",app.settings,,2025-03-19 16:18:17.640,2024-07-06 22:10:39.225,,psm_plus_settings,,,,ooOmDJ1LSk,com.sec.android.app.shealth,,ef771bab-8f1e-4cc6-9ccc-3200f5de39ba,
,app.settings,,2025-04-01 05:20:59.666,2024-07-06 22:10:39.243,,psm_plus_enable,,,0,ooOmDJ1LSk,com.sec.android.app.shealth,,039f1cfe-aa43-432c-b7d0-37f00efd91ff,
,tracker.daily_activity,,2025-03-06 18:28:31.369,2024-07-06 21:50:42.078,1741289311365,daily_activity_yesterday_all_target_checked_time,,,,ooOmDJ1LSk,com.sec.android.app.shealth,,2eb3456c-c71c-4ce5-8f16-0b91e8371e9c,
,tracker.daily_activity,,2024-11-05 19:56:43.701,2024-07-07 18:46:58.798,1730840203676,daily_activity_step_target_achievement_time,,,,ooOmDJ1LSk,com.sec.android.app.shealth,,ae3edfc5-4ea4-49c1-9560-60f982d44e4a,
,tracker.daily_activity,,2024-09-07 09:19:49.419,2024-07-09 08:00:31.200,1725707989236,daily_activity_all_over_half_target_cheer_up_time,,,,ooOmDJ1LSk,com.sec.android.app.shealth,,b19a900d-8e35-458e-a23c-06b3c716d7ae,
"{""05-measure.period"":2,""05-alert.high.enable"":0,""05-alert.low.enable"":0,""08-measure.period"":1,""10-measure.period"":1,""06-skin_temp_enable"":0,""06-snore_setting"":0,""06-snore_setting_new"":0,""37-skin_temp_enable"":0,""34-detection.workout.enable"":0,""44-age.setting.enable"":0,""08-alert.high.enable"":0}",app.settings,,2025-05-06 09:24:00.894,2025-02-21 10:00:44.499,,psm_plus_settings_new,,,,NA9l677+ml,com.sec.android.app.shealth,,psm_plus_settings_new,
,app.settings,,2025-05-10 02:21:37.293,2025-02-21 10:00:44.563,,psm_plus_enable_new,,,0,NA9l677+ml,com.sec.android.app.shealth,,psm_plus_enable_new,
,tracker.daily_activity,,2025-05-01 11:37:02.780,2025-03-04 16:11:35.496,1746106622730,da_all_over_half_cheer_up_time,,,,NA9l677+ml,com.sec.android.app.shealth,,da_all_over_half_cheer_up_time,
,tracker.daily_activity,,2025-05-06 08:10:18.625,2025-02-22 17:03:57.970,1746526218622,da_yesterday_all_checked_time,,,,NA9l677+ml,com.sec.android.app.shealth,,da_yesterday_all_checked_time,
,tracker.daily_activity,,2025-05-01 12:20:21.080,2025-03-14 16:17:14.276,1746109221053,da_step_achievement_time,,,,NA9l677+ml,com.sec.android.app.shealth,,da_step_achievement_time,
,tracker.daily_activity,,2025-05-01 14:10:28.862,2025-04-25 18:02:10.261,1746115828833,da_active_time_achievement_time,,,,NA9l677+ml,com.sec.android.app.shealth,,da_active_time_achievement_time,
,tracker.daily_activity,,2025-05-01 14:10:29.245,2025-04-25 18:03:30.567,1746115829209,da_active_calorie_achievement_time,,,,NA9l677+ml,com.sec.android.app.shealth,,da_active_calorie_achievement_time,
,tracker.daily_activity,,2025-05-01 14:10:29.304,2025-04-25 18:03:59.576,1746115829293,da_all_achievement_time,,,,NA9l677+ml,com.sec.android.app.shealth,,da_all_achievement_time,
