com.samsung.shealth.cycle.daily_temperature.raw,6295017,2
start_time,custom,hr_rri,update_time,create_time,temperature,time_offset,deviceuuid,pkg_name,tracked_by,end_time,datauuid
2024-07-04 00:08:00.000,,158b1ec3-24ff-42f9-bbb6-dcde69b791c1.hr_rri.json,2024-07-04 06:03:01.230,2024-07-04 06:03:01.230,158b1ec3-24ff-42f9-bbb6-dcde69b791c1.temperature.json,UTC+0200,ooOmDJ1LSk,com.sec.android.app.shealth,,2024-07-04 05:39:00.000,158b1ec3-24ff-42f9-bbb6-dcde69b791c1,
2024-07-04 21:35:00.000,,e0fc19d5-0b1b-4601-b1b9-ba6aa1d3fdb3.hr_rri.json,2024-07-05 06:12:30.217,2024-07-05 06:12:30.217,e0fc19d5-0b1b-4601-b1b9-ba6aa1d3fdb3.temperature.json,UTC+0200,ooOmDJ1LSk,com.sec.android.app.shealth,,2024-07-05 05:48:00.000,e0fc19d5-0b1b-4601-b1b9-ba6aa1d3fdb3,
2024-07-05 22:29:00.000,,54fd0b7c-4bf1-4615-8200-8caccefd9c0a.hr_rri.json,2024-07-06 14:27:42.755,2024-07-06 14:27:42.755,54fd0b7c-4bf1-4615-8200-8caccefd9c0a.temperature.json,UTC+0200,ooOmDJ1LSk,com.sec.android.app.shealth,,2024-07-06 05:15:00.000,54fd0b7c-4bf1-4615-8200-8caccefd9c0a,
2024-07-10 23:32:00.000,,e0dec240-f198-4302-b0e2-9e4db83942b4.hr_rri.json,2024-07-11 03:17:31.666,2024-07-11 03:17:31.666,e0dec240-f198-4302-b0e2-9e4db83942b4.temperature.json,UTC+0200,C8oz8zt6m4,com.sec.android.app.shealth,,2024-07-11 02:49:00.000,e0dec240-f198-4302-b0e2-9e4db83942b4,
2024-07-11 03:16:00.000,,b257a30f-d539-4d84-9cfe-5da9cbf67276.hr_rri.json,2024-07-11 04:22:49.572,2024-07-11 04:22:49.572,b257a30f-d539-4d84-9cfe-5da9cbf67276.temperature.json,UTC+0200,C8oz8zt6m4,com.sec.android.app.shealth,,2024-07-11 04:22:00.000,b257a30f-d539-4d84-9cfe-5da9cbf67276,
2024-07-11 21:50:00.000,,19836a12-1162-4ef4-bbda-4ff9eea4f93e.hr_rri.json,2024-07-12 05:29:55.397,2024-07-12 05:29:55.397,19836a12-1162-4ef4-bbda-4ff9eea4f93e.temperature.json,UTC+0200,C8oz8zt6m4,com.sec.android.app.shealth,,2024-07-12 04:58:00.000,19836a12-1162-4ef4-bbda-4ff9eea4f93e,
2024-07-12 22:03:00.000,,63d3b06c-3307-4eb6-812f-439bee81afa6.hr_rri.json,2024-07-13 06:49:15.554,2024-07-13 06:49:15.554,63d3b06c-3307-4eb6-812f-439bee81afa6.temperature.json,UTC+0200,C8oz8zt6m4,com.sec.android.app.shealth,,2024-07-13 06:44:00.000,63d3b06c-3307-4eb6-812f-439bee81afa6,
2024-07-13 22:23:00.000,,a82a124e-a361-44af-92ea-58c9c2268c3a.hr_rri.json,2024-07-14 06:37:27.735,2024-07-14 06:37:27.735,a82a124e-a361-44af-92ea-58c9c2268c3a.temperature.json,UTC+0200,C8oz8zt6m4,com.sec.android.app.shealth,,2024-07-14 06:12:00.000,a82a124e-a361-44af-92ea-58c9c2268c3a,
2024-07-15 23:21:00.000,,0991a98e-fc47-433e-aa76-4af666f35dae.hr_rri.json,2024-07-16 06:31:21.126,2024-07-16 06:31:21.126,0991a98e-fc47-433e-aa76-4af666f35dae.temperature.json,UTC+0200,C8oz8zt6m4,com.sec.android.app.shealth,,2024-07-16 06:06:00.000,0991a98e-fc47-433e-aa76-4af666f35dae,
